precio;vivienda;m2;habitaciones;baños;estado;armarios_empotrados;aire_acondicionado;distrito;municipio;precio_m2;tipo_vivienda
1300;piso;47;0;1;Segunda mano/buen estado;True;True;Distrito Centro;Madrid capital, Madrid;27.66;Piso
1350;piso;60;0;1;Segunda mano/buen estado;True;True;Distrito Centro;Madrid capital, Madrid;22.5;Piso
2000;piso;98;3;1;Segunda mano/buen estado;False;True;Distrito Centro;Madrid capital, Madrid;20.41;Piso
1580;piso;50;0;1;Segunda mano/buen estado;True;True;Distrito Centro;Madrid capital, Madrid;31.6;Piso
1850;piso;85;3;1;Segunda mano/buen estado;True;False;Distrito Centro;Madrid capital, Madrid;21.76;Piso
1650;piso;75;2;2;Segunda mano/buen estado;True;False;Distrito Centro;Madrid capital, Madrid;22.0;Piso
1164;estudio;45;0;1;Segunda mano/buen estado;False;False;Distrito Centro;Madrid capital, Madrid;25.87;Piso
1111;estudio;51;0;1;Segunda mano/buen estado;True;True;Distrito Centro;Madrid capital, Madrid;21.78;Piso
2500;piso;79;4;2;Segunda mano/buen estado;True;False;Distrito Centro;Madrid capital, Madrid;31.65;Piso
1275;piso;40;2;1;Segunda mano/buen estado;True;True;Distrito Centro;Madrid capital, Madrid;31.88;Piso
1100;estudio;25;0;1;Segunda mano/buen estado;False;True;Distrito Centro;Madrid capital, Madrid;44.0;Piso
1500;piso;74;0;1;Segunda mano/buen estado;False;True;Distrito Centro;Madrid capital, Madrid;20.27;Piso
1150;piso;52;0;1;Segunda mano/buen estado;False;False;Distrito Centro;Madrid capital, Madrid;22.12;Piso
2950;piso;110;2;2;Segunda mano/buen estado;True;True;Distrito Centro;Madrid capital, Madrid;26.82;Piso
800;piso;39;0;1;Segunda mano/buen estado;True;False;Distrito Centro;Madrid capital, Madrid;20.51;Piso
1700;piso;65;0;1;Segunda mano/buen estado;True;True;Distrito Centro;Madrid capital, Madrid;26.15;Piso
2000;piso;50;2;2;Segunda mano/buen estado;True;True;Distrito Centro;Madrid capital, Madrid;40.0;Piso
1700;piso;60;0;1;Segunda mano/buen estado;True;True;Distrito Centro;Madrid capital, Madrid;28.33;Piso
1740;piso;96;2;1;Segunda mano/buen estado;True;True;Distrito Centro;Madrid capital, Madrid;18.12;Piso
1600;piso;41;0;1;Segunda mano/buen estado;True;True;Distrito Centro;Madrid capital, Madrid;39.02;Piso
850;piso;25;0;1;Segunda mano/buen estado;False;False;Distrito Centro;Madrid capital, Madrid;34.0;Piso
2095;piso;65;2;1;Segunda mano/buen estado;True;True;Distrito Centro;Madrid capital, Madrid;32.23;Piso
1100;piso;37;0;1;Segunda mano/buen estado;False;False;Distrito Centro;Madrid capital, Madrid;29.73;Piso
1850;ático;70;2;1;Segunda mano/buen estado;True;True;Distrito Centro;Madrid capital, Madrid;26.43;Piso
1700;piso;57;2;1;Segunda mano/buen estado;False;False;Distrito Centro;Madrid capital, Madrid;29.82;Piso
3500;piso;130;3;3;Segunda mano/buen estado;True;True;Distrito Centro;Madrid capital, Madrid;26.92;Piso
1420;piso;43;2;1;Segunda mano/buen estado;False;True;Distrito Centro;Madrid capital, Madrid;33.02;Piso
1650;estudio;40;0;1;Segunda mano/buen estado;True;True;Distrito Centro;Madrid capital, Madrid;41.25;Piso
1200;piso;39;0;1;Segunda mano/buen estado;False;True;Distrito Centro;Madrid capital, Madrid;30.77;Piso
1390;piso;52;0;1;Segunda mano/buen estado;True;True;Distrito Centro;Madrid capital, Madrid;26.73;Piso
1300;piso;65;2;1;Segunda mano/buen estado;False;False;Distrito Centro;Madrid capital, Madrid;20.0;Piso
1390;piso;52;0;1;Segunda mano/buen estado;True;True;Distrito Centro;Madrid capital, Madrid;26.73;Piso
1235;piso;50;2;1;Segunda mano/buen estado;True;False;Distrito Centro;Madrid capital, Madrid;24.7;Piso
3800;piso;124;2;2;Segunda mano/buen estado;True;True;Distrito Centro;Madrid capital, Madrid;30.65;Piso
3500;piso;161;2;2;Segunda mano/buen estado;True;True;Distrito Centro;Madrid capital, Madrid;21.74;Piso
2800;piso;159;2;2;Segunda mano/buen estado;True;True;Distrito Centro;Madrid capital, Madrid;17.61;Piso
1500;piso;65;2;1;Segunda mano/buen estado;False;True;Distrito Centro;Madrid capital, Madrid;23.08;Piso
1800;piso;55;0;1;Segunda mano/buen estado;True;True;Distrito Centro;Madrid capital, Madrid;32.73;Piso
1300;estudio;37;0;1;Segunda mano/buen estado;True;False;Distrito Centro;Madrid capital, Madrid;35.14;Piso
2200;piso;70;0;1;Segunda mano/buen estado;True;True;Distrito Centro;Madrid capital, Madrid;31.43;Piso
1500;piso;65;0;1;Segunda mano/buen estado;True;True;Distrito Centro;Madrid capital, Madrid;23.08;Piso
2850;piso;80;2;2;Segunda mano/buen estado;True;True;Distrito Centro;Madrid capital, Madrid;35.62;Piso
1000;piso;41;0;1;Segunda mano/buen estado;False;True;Distrito Centro;Madrid capital, Madrid;24.39;Piso
1800;piso;52;0;1;Segunda mano/buen estado;True;True;Distrito Centro;Madrid capital, Madrid;34.62;Piso
690;piso;40;0;1;Segunda mano/buen estado;False;False;Distrito Centro;Madrid capital, Madrid;17.25;Piso
1500;piso;31;0;1;Segunda mano/buen estado;True;True;Distrito Centro;Madrid capital, Madrid;48.39;Piso
1600;piso;80;2;2;Segunda mano/buen estado;True;True;Distrito Centro;Madrid capital, Madrid;20.0;Piso
3750;piso;110;3;2;Segunda mano/buen estado;True;True;Distrito Centro;Madrid capital, Madrid;34.09;Piso
1550;piso;54;0;1;Segunda mano/buen estado;True;True;Distrito Centro;Madrid capital, Madrid;28.7;Piso
3900;piso;90;2;1;Segunda mano/buen estado;True;True;Distrito Centro;Madrid capital, Madrid;43.33;Piso
1650;piso;67;0;1;Segunda mano/buen estado;True;False;Distrito Centro;Madrid capital, Madrid;24.63;Piso
1700;piso;50;0;1;Segunda mano/buen estado;True;True;Distrito Centro;Madrid capital, Madrid;34.0;Piso
1100;piso;60;0;1;Segunda mano/buen estado;True;True;Distrito Centro;Madrid capital, Madrid;18.33;Piso
1650;piso;69;3;1;Segunda mano/buen estado;True;False;Distrito Centro;Madrid capital, Madrid;23.91;Piso
1500;piso;80;0;1;Segunda mano/buen estado;True;True;Distrito Centro;Madrid capital, Madrid;18.75;Piso
1600;piso;59;0;1;Segunda mano/buen estado;True;True;Distrito Centro;Madrid capital, Madrid;27.12;Piso
950;ático;33;0;1;Segunda mano/buen estado;True;True;Distrito Centro;Madrid capital, Madrid;28.79;Piso
1600;piso;58;0;1;Segunda mano/buen estado;True;True;Distrito Centro;Madrid capital, Madrid;27.59;Piso
2200;piso;95;2;2;Segunda mano/buen estado;True;True;Distrito Centro;Madrid capital, Madrid;23.16;Piso
3200;piso;96;2;2;Segunda mano/buen estado;True;True;Distrito Centro;Madrid capital, Madrid;33.33;Piso
960;ático;45;0;1;Segunda mano/buen estado;False;True;Distrito Centro;Madrid capital, Madrid;21.33;Piso
3200;piso;96;2;2;Segunda mano/buen estado;True;True;Distrito Centro;Madrid capital, Madrid;33.33;Piso
1500;piso;76;0;1;Segunda mano/buen estado;True;True;Distrito Centro;Madrid capital, Madrid;19.74;Piso
980;piso;25;0;1;Segunda mano/buen estado;True;True;Distrito Centro;Madrid capital, Madrid;39.2;Piso
3250;piso;131;3;3;Segunda mano/buen estado;True;True;Distrito Centro;Madrid capital, Madrid;24.81;Piso
7600;piso;250;4;5;Segunda mano/buen estado;True;True;Distrito Centro;Madrid capital, Madrid;30.4;Piso
5200;piso;170;8;1;Segunda mano/buen estado;True;True;Distrito Centro;Madrid capital, Madrid;30.59;Piso
3200;piso;115;2;2;Segunda mano/buen estado;True;True;Distrito Centro;Madrid capital, Madrid;27.83;Piso
1450;piso;70;2;1;Segunda mano/buen estado;False;True;Distrito Centro;Madrid capital, Madrid;20.71;Piso
2500;piso;90;0;1;Segunda mano/buen estado;True;True;Distrito Centro;Madrid capital, Madrid;27.78;Piso
3200;piso;108;3;3;Segunda mano/buen estado;True;True;Distrito Centro;Madrid capital, Madrid;29.63;Piso
2000;piso;62;2;1;Segunda mano/buen estado;True;True;Distrito Centro;Madrid capital, Madrid;32.26;Piso
1650;piso;71;2;1;Segunda mano/buen estado;False;False;Distrito Centro;Madrid capital, Madrid;23.24;Piso
2750;piso;100;2;2;Segunda mano/buen estado;True;True;Distrito Centro;Madrid capital, Madrid;27.5;Piso
1250;piso;50;2;2;Segunda mano/buen estado;True;True;Distrito Centro;Madrid capital, Madrid;25.0;Piso
1900;piso;75;0;1;Segunda mano/buen estado;True;True;Distrito Centro;Madrid capital, Madrid;25.33;Piso
1600;piso;77;2;1;Segunda mano/buen estado;True;False;Distrito Centro;Madrid capital, Madrid;20.78;Piso
1650;piso;70;0;1;Segunda mano/buen estado;True;False;Distrito Centro;Madrid capital, Madrid;23.57;Piso
1700;piso;48;0;1;Segunda mano/buen estado;True;False;Distrito Centro;Madrid capital, Madrid;35.42;Piso
2200;piso;60;0;1;Segunda mano/buen estado;True;True;Distrito Centro;Madrid capital, Madrid;36.67;Piso
1150;piso;53;0;1;Segunda mano/buen estado;True;True;Distrito Centro;Madrid capital, Madrid;21.7;Piso
2000;piso;65;0;1;Segunda mano/buen estado;True;True;Distrito Centro;Madrid capital, Madrid;30.77;Piso
1500;estudio;40;0;1;Segunda mano/buen estado;True;True;Distrito Centro;Madrid capital, Madrid;37.5;Piso
750;estudio;35;0;1;Segunda mano/buen estado;True;False;Distrito Centro;Madrid capital, Madrid;21.43;Piso
1100;piso;45;0;1;Segunda mano/buen estado;True;False;Distrito Centro;Madrid capital, Madrid;24.44;Piso
1800;piso;60;0;1;Segunda mano/buen estado;True;False;Distrito Centro;Madrid capital, Madrid;30.0;Piso
1200;piso;60;2;1;Segunda mano/buen estado;False;True;Distrito Centro;Madrid capital, Madrid;20.0;Piso
1500;piso;50;0;1;Segunda mano/buen estado;True;True;Distrito Centro;Madrid capital, Madrid;30.0;Piso
990;piso;39;2;1;Segunda mano/buen estado;True;True;Distrito Centro;Madrid capital, Madrid;25.38;Piso
1595;piso;60;2;1;Segunda mano/buen estado;True;True;Distrito Centro;Madrid capital, Madrid;26.58;Piso
4000;piso;150;2;2;Segunda mano/buen estado;False;True;Distrito Centro;Madrid capital, Madrid;26.67;Piso
1900;piso;68;0;1;Segunda mano/buen estado;True;True;Distrito Centro;Madrid capital, Madrid;27.94;Piso
1100;piso;40;0;1;Segunda mano/buen estado;True;True;Distrito Centro;Madrid capital, Madrid;27.5;Piso
2500;piso;80;0;1;Segunda mano/buen estado;True;True;Distrito Centro;Madrid capital, Madrid;31.25;Piso
3900;piso;145;2;2;Segunda mano/buen estado;True;True;Distrito Centro;Madrid capital, Madrid;26.9;Piso
2700;piso;90;0;1;Segunda mano/buen estado;True;True;Distrito Centro;Madrid capital, Madrid;30.0;Piso
2400;piso;120;4;1;Segunda mano/buen estado;True;False;Distrito Centro;Madrid capital, Madrid;20.0;Piso
1550;dúplex;50;2;1;Segunda mano/buen estado;True;True;Distrito Centro;Madrid capital, Madrid;31.0;other
1800;piso;84;2;1;Segunda mano/buen estado;True;True;Distrito Centro;Madrid capital, Madrid;21.43;Piso
1500;dúplex;60;0;1;Segunda mano/buen estado;True;True;Distrito Centro;Madrid capital, Madrid;25.0;other
1200;piso;45;0;1;Segunda mano/buen estado;False;True;Distrito Centro;Madrid capital, Madrid;26.67;Piso
1750;piso;76;2;1;Segunda mano/buen estado;True;True;Distrito Centro;Madrid capital, Madrid;23.03;Piso
1900;piso;103;0;1;Segunda mano/buen estado;False;True;Distrito Centro;Madrid capital, Madrid;18.45;Piso
1450;piso;55;2;1;Segunda mano/buen estado;True;True;Distrito Centro;Madrid capital, Madrid;26.36;Piso
1450;piso;60;0;1;Segunda mano/buen estado;True;True;Distrito Centro;Madrid capital, Madrid;24.17;Piso
1450;piso;46;2;1;Segunda mano/buen estado;True;True;Distrito Centro;Madrid capital, Madrid;31.52;Piso
900;ático;50;0;1;Segunda mano/buen estado;False;True;Distrito Centro;Madrid capital, Madrid;18.0;Piso
1000;piso;42;0;1;Segunda mano/buen estado;True;True;Distrito Centro;Madrid capital, Madrid;23.81;Piso
1290;piso;85;0;1;Segunda mano/buen estado;True;True;Distrito Centro;Madrid capital, Madrid;15.18;Piso
1000;ático;26;0;1;Segunda mano/buen estado;False;True;Distrito Centro;Madrid capital, Madrid;38.46;Piso
1250;piso;50;0;1;Segunda mano/buen estado;False;False;Distrito Centro;Madrid capital, Madrid;25.0;Piso
1799;piso;70;2;1;Segunda mano/buen estado;True;True;Distrito Centro;Madrid capital, Madrid;25.7;Piso
950;estudio;39;0;1;Segunda mano/buen estado;False;True;Distrito Centro;Madrid capital, Madrid;24.36;Piso
2000;ático;50;0;1;Segunda mano/buen estado;True;True;Distrito Centro;Madrid capital, Madrid;40.0;Piso
3700;piso;161;2;2;Segunda mano/buen estado;False;False;Distrito Centro;Madrid capital, Madrid;22.98;Piso
1900;piso;68;0;1;Segunda mano/buen estado;True;True;Distrito Centro;Madrid capital, Madrid;27.94;Piso
2600;ático;104;2;2;Segunda mano/buen estado;True;True;Distrito Centro;Madrid capital, Madrid;25.0;Piso
1100;piso;65;2;1;Segunda mano/buen estado;True;True;Distrito Centro;Madrid capital, Madrid;16.92;Piso
1300;piso;51;0;1;Segunda mano/buen estado;True;True;Distrito Centro;Madrid capital, Madrid;25.49;Piso
1800;piso;70;2;1;Segunda mano/buen estado;True;False;Distrito Centro;Madrid capital, Madrid;25.71;Piso
850;estudio;30;0;1;Segunda mano/buen estado;True;True;Distrito Centro;Madrid capital, Madrid;28.33;Piso
4500;dúplex;120;2;3;Segunda mano/buen estado;True;True;Distrito Centro;Madrid capital, Madrid;37.5;other
3000;piso;95;4;2;Segunda mano/buen estado;False;False;Distrito Centro;Madrid capital, Madrid;31.58;Piso
3500;piso;120;2;2;Segunda mano/buen estado;True;True;Distrito Centro;Madrid capital, Madrid;29.17;Piso
750;estudio;20;0;1;Segunda mano/buen estado;False;False;Distrito Centro;Madrid capital, Madrid;37.5;Piso
1700;dúplex;80;0;1;Segunda mano/buen estado;True;True;Distrito Centro;Madrid capital, Madrid;21.25;other
1300;piso;60;2;1;Segunda mano/buen estado;False;False;Distrito Centro;Madrid capital, Madrid;21.67;Piso
1315;piso;35;0;1;Segunda mano/buen estado;True;True;Distrito Centro;Madrid capital, Madrid;37.57;Piso
4500;piso;100;3;3;Segunda mano/buen estado;True;True;Distrito Centro;Madrid capital, Madrid;45.0;Piso
1700;piso;60;0;1;Segunda mano/buen estado;True;True;Distrito Centro;Madrid capital, Madrid;28.33;Piso
1500;piso;70;2;1;Segunda mano/buen estado;True;False;Distrito Centro;Madrid capital, Madrid;21.43;Piso
1180;estudio;31;0;1;Segunda mano/buen estado;False;True;Distrito Centro;Madrid capital, Madrid;38.06;Piso
2000;piso;104;3;2;Segunda mano/buen estado;True;True;Distrito Centro;Madrid capital, Madrid;19.23;Piso
900;estudio;30;0;1;Segunda mano/buen estado;False;False;Distrito Centro;Madrid capital, Madrid;30.0;Piso
1500;piso;50;0;1;Segunda mano/buen estado;True;True;Distrito Centro;Madrid capital, Madrid;30.0;Piso
2200;piso;78;2;1;Segunda mano/buen estado;True;True;Distrito Centro;Madrid capital, Madrid;28.21;Piso
3200;ático;105;2;2;Segunda mano/buen estado;True;True;Distrito Centro;Madrid capital, Madrid;30.48;Piso
1200;piso;43;0;1;Segunda mano/buen estado;True;True;Distrito Centro;Madrid capital, Madrid;27.91;Piso
3000;piso;95;0;1;Segunda mano/buen estado;True;True;Distrito Centro;Madrid capital, Madrid;31.58;Piso
1150;piso;60;0;1;Segunda mano/buen estado;True;True;Distrito Centro;Madrid capital, Madrid;19.17;Piso
1100;piso;40;0;1;Segunda mano/buen estado;False;False;Distrito Centro;Madrid capital, Madrid;27.5;Piso
2390;piso;53;2;1;Segunda mano/buen estado;False;True;Distrito Centro;Madrid capital, Madrid;45.09;Piso
1200;piso;34;2;2;Segunda mano/buen estado;False;True;Distrito Centro;Madrid capital, Madrid;35.29;Piso
1300;estudio;65;0;1;Segunda mano/buen estado;False;True;Distrito Centro;Madrid capital, Madrid;20.0;Piso
1590;piso;120;2;1;Segunda mano/buen estado;True;True;Distrito Centro;Madrid capital, Madrid;13.25;Piso
1695;ático;85;2;2;Segunda mano/buen estado;False;True;Distrito Centro;Madrid capital, Madrid;19.94;Piso
1800;ático;73;0;2;Segunda mano/buen estado;True;True;Distrito Centro;Madrid capital, Madrid;24.66;Piso
2700;piso;86;3;1;Segunda mano/buen estado;True;True;Distrito Centro;Madrid capital, Madrid;31.4;Piso
950;piso;35;0;1;Segunda mano/buen estado;True;True;Distrito Centro;Madrid capital, Madrid;27.14;Piso
1450;estudio;28;0;1;Segunda mano/buen estado;False;True;Distrito Centro;Madrid capital, Madrid;51.79;Piso
1250;piso;65;2;1;Segunda mano/buen estado;True;False;Distrito Centro;Madrid capital, Madrid;19.23;Piso
2480;piso;120;3;2;Segunda mano/buen estado;False;True;Distrito Centro;Madrid capital, Madrid;20.67;Piso
850;piso;32;0;1;Segunda mano/buen estado;False;False;Distrito Centro;Madrid capital, Madrid;26.56;Piso
2100;piso;140;3;2;Segunda mano/buen estado;True;True;Distrito Centro;Madrid capital, Madrid;15.0;Piso
1500;piso;70;2;2;Segunda mano/buen estado;True;False;Distrito Centro;Madrid capital, Madrid;21.43;Piso
1350;estudio;39;0;1;Segunda mano/buen estado;True;True;Distrito Centro;Madrid capital, Madrid;34.62;Piso
1300;piso;59;0;1;Segunda mano/buen estado;True;True;Distrito Centro;Madrid capital, Madrid;22.03;Piso
1930;piso;78;0;2;Segunda mano/buen estado;False;True;Distrito Centro;Madrid capital, Madrid;24.74;Piso
2500;piso;90;2;2;Segunda mano/buen estado;False;False;Distrito Centro;Madrid capital, Madrid;27.78;Piso
1250;piso;102;0;1;Segunda mano/buen estado;True;False;Distrito Centro;Madrid capital, Madrid;12.25;Piso
1600;piso;90;2;1;Segunda mano/buen estado;False;False;Distrito Centro;Madrid capital, Madrid;17.78;Piso
2400;piso;95;2;2;Segunda mano/buen estado;False;True;Distrito Centro;Madrid capital, Madrid;25.26;Piso
1250;piso;38;0;1;Segunda mano/buen estado;True;True;Distrito Centro;Madrid capital, Madrid;32.89;Piso
4900;piso;140;4;3;Segunda mano/buen estado;False;True;Distrito Centro;Madrid capital, Madrid;35.0;Piso
1210;piso;60;0;1;Segunda mano/buen estado;True;True;Distrito Centro;Madrid capital, Madrid;20.17;Piso
4800;piso;154;2;2;Segunda mano/buen estado;True;True;Distrito Centro;Madrid capital, Madrid;31.17;Piso
1150;dúplex;51;0;1;Segunda mano/buen estado;True;True;Distrito Centro;Madrid capital, Madrid;22.55;other
1680;piso;83;2;2;Segunda mano/buen estado;True;True;Distrito Centro;Madrid capital, Madrid;20.24;Piso
1090;dúplex;55;2;1;Segunda mano/buen estado;True;True;Distrito Centro;Madrid capital, Madrid;19.82;other
1320;estudio;40;0;1;Segunda mano/buen estado;True;True;Distrito Centro;Madrid capital, Madrid;33.0;Piso
1190;piso;55;0;1;Segunda mano/buen estado;True;True;Distrito Centro;Madrid capital, Madrid;21.64;Piso
2020;piso;69;0;2;Segunda mano/buen estado;False;True;Distrito Centro;Madrid capital, Madrid;29.28;Piso
1300;piso;48;2;1;Segunda mano/buen estado;False;False;Distrito Centro;Madrid capital, Madrid;27.08;Piso
1690;piso;28;0;1;Segunda mano/buen estado;False;True;Distrito Centro;Madrid capital, Madrid;60.36;Piso
1600;piso;74;0;1;Segunda mano/buen estado;True;True;Distrito Centro;Madrid capital, Madrid;21.62;Piso
3500;ático;180;2;2;Segunda mano/buen estado;True;True;Distrito Centro;Madrid capital, Madrid;19.44;Piso
1100;piso;55;2;2;Segunda mano/buen estado;False;True;Distrito Centro;Madrid capital, Madrid;20.0;Piso
1450;piso;38;0;1;Segunda mano/buen estado;True;True;Distrito Centro;Madrid capital, Madrid;38.16;Piso
2100;piso;58;2;2;Segunda mano/buen estado;True;True;Distrito Centro;Madrid capital, Madrid;36.21;Piso
1750;ático;78;2;1;Segunda mano/buen estado;False;True;Distrito Centro;Madrid capital, Madrid;22.44;Piso
1550;piso;53;2;1;Segunda mano/para reformar;True;True;Distrito Centro;Madrid capital, Madrid;29.25;Piso
2400;piso;124;2;1;Segunda mano/buen estado;False;True;Distrito Centro;Madrid capital, Madrid;19.35;Piso
750;piso;25;0;1;Segunda mano/buen estado;True;False;Distrito Centro;Madrid capital, Madrid;30.0;Piso
5400;piso;261;2;2;Segunda mano/buen estado;False;True;Distrito Centro;Madrid capital, Madrid;20.69;Piso
1250;piso;60;2;1;Segunda mano/buen estado;False;False;Distrito Centro;Madrid capital, Madrid;20.83;Piso
2000;piso;65;2;1;Segunda mano/buen estado;True;True;Distrito Centro;Madrid capital, Madrid;30.77;Piso
2400;piso;110;2;2;Segunda mano/buen estado;False;True;Distrito Centro;Madrid capital, Madrid;21.82;Piso
2700;ático;92;2;1;Segunda mano/buen estado;True;True;Distrito Centro;Madrid capital, Madrid;29.35;Piso
1050;dúplex;32;0;1;Segunda mano/buen estado;True;True;Distrito Centro;Madrid capital, Madrid;32.81;other
1600;piso;55;0;1;Segunda mano/buen estado;False;True;Distrito Centro;Madrid capital, Madrid;29.09;Piso
1500;piso;98;2;2;Segunda mano/buen estado;True;True;Distrito Centro;Madrid capital, Madrid;15.31;Piso
1240;estudio;33;0;1;Segunda mano/buen estado;True;True;Distrito Centro;Madrid capital, Madrid;37.58;Piso
1500;piso;82;2;2;Segunda mano/buen estado;True;False;Distrito Centro;Madrid capital, Madrid;18.29;Piso
10000;piso;205;3;4;Segunda mano/buen estado;False;False;Distrito Centro;Madrid capital, Madrid;48.78;Piso
1750;piso;70;3;2;Segunda mano/buen estado;False;False;Distrito Centro;Madrid capital, Madrid;25.0;Piso
4500;piso;160;3;3;Segunda mano/buen estado;False;True;Distrito Centro;Madrid capital, Madrid;28.12;Piso
3400;dúplex;210;0;2;Segunda mano/buen estado;True;True;Distrito Centro;Madrid capital, Madrid;16.19;other
1130;piso;44;0;1;Segunda mano/buen estado;True;True;Distrito Centro;Madrid capital, Madrid;25.68;Piso
1100;piso;80;2;1;Segunda mano/buen estado;True;False;Distrito Centro;Madrid capital, Madrid;13.75;Piso
1100;piso;40;0;1;Segunda mano/buen estado;True;True;Distrito Centro;Madrid capital, Madrid;27.5;Piso
2500;ático;60;0;1;Segunda mano/buen estado;True;True;Distrito Centro;Madrid capital, Madrid;41.67;Piso
1500;piso;61;0;1;Segunda mano/buen estado;True;False;Distrito Centro;Madrid capital, Madrid;24.59;Piso
4195;piso;154;2;2;Segunda mano/buen estado;True;True;Distrito Centro;Madrid capital, Madrid;27.24;Piso
2960;piso;130;3;3;Segunda mano/buen estado;False;True;Distrito Centro;Madrid capital, Madrid;22.77;Piso
900;estudio;35;0;1;Segunda mano/buen estado;True;True;Distrito Centro;Madrid capital, Madrid;25.71;Piso
1350;piso;40;0;1;Segunda mano/buen estado;True;True;Distrito Centro;Madrid capital, Madrid;33.75;Piso
1300;estudio;40;0;1;Segunda mano/buen estado;True;True;Distrito Centro;Madrid capital, Madrid;32.5;Piso
3200;piso;110;4;2;Segunda mano/buen estado;True;False;Distrito Centro;Madrid capital, Madrid;29.09;Piso
1500;piso;80;2;2;Segunda mano/para reformar;False;True;Distrito Centro;Madrid capital, Madrid;18.75;Piso
850;piso;24;0;1;Segunda mano/buen estado;True;True;Distrito Centro;Madrid capital, Madrid;35.42;Piso
1600;piso;65;0;1;Segunda mano/buen estado;False;False;Distrito Centro;Madrid capital, Madrid;24.62;Piso
1500;piso;78;0;1;Segunda mano/buen estado;True;True;Distrito Centro;Madrid capital, Madrid;19.23;Piso
2500;piso;129;2;2;Segunda mano/buen estado;True;True;Distrito Centro;Madrid capital, Madrid;19.38;Piso
3000;piso;140;2;2;Segunda mano/buen estado;True;True;Distrito Centro;Madrid capital, Madrid;21.43;Piso
1290;piso;55;0;1;Segunda mano/buen estado;False;True;Distrito Centro;Madrid capital, Madrid;23.45;Piso
5000;piso;120;3;2;Segunda mano/buen estado;True;True;Distrito Centro;Madrid capital, Madrid;41.67;Piso
1250;dúplex;45;0;1;Segunda mano/buen estado;True;True;Distrito Centro;Madrid capital, Madrid;27.78;other
1930;piso;118;2;1;Segunda mano/buen estado;False;True;Distrito Centro;Madrid capital, Madrid;16.36;Piso
1450;piso;88;2;2;Segunda mano/buen estado;False;True;Distrito Centro;Madrid capital, Madrid;16.48;Piso
1850;piso;50;0;1;Segunda mano/buen estado;True;True;Distrito Centro;Madrid capital, Madrid;37.0;Piso
890;piso;40;0;1;Segunda mano/buen estado;True;False;Distrito Centro;Madrid capital, Madrid;22.25;Piso
14000;piso;228;2;2;Segunda mano/buen estado;False;True;Distrito Centro;Madrid capital, Madrid;61.4;Piso
1000;estudio;40;0;1;Segunda mano/buen estado;True;False;Distrito Centro;Madrid capital, Madrid;25.0;Piso
1600;piso;73;0;2;Segunda mano/buen estado;False;True;Distrito Centro;Madrid capital, Madrid;21.92;Piso
1000;estudio;40;0;1;Segunda mano/buen estado;True;True;Distrito Centro;Madrid capital, Madrid;25.0;Piso
1680;piso;45;0;1;Segunda mano/buen estado;False;True;Distrito Centro;Madrid capital, Madrid;37.33;Piso
1100;estudio;25;0;1;Segunda mano/buen estado;False;False;Distrito Centro;Madrid capital, Madrid;44.0;Piso
1650;piso;67;0;1;Segunda mano/buen estado;True;False;Distrito Centro;Madrid capital, Madrid;24.63;Piso
950;piso;40;0;1;Segunda mano/buen estado;False;True;Distrito Centro;Madrid capital, Madrid;23.75;Piso
11000;piso;557;6;5;Segunda mano/buen estado;True;True;Distrito Centro;Madrid capital, Madrid;19.75;Piso
1750;piso;75;3;1;Segunda mano/buen estado;True;False;Distrito Centro;Madrid capital, Madrid;23.33;Piso
1600;piso;55;2;1;Segunda mano/buen estado;True;True;Distrito Centro;Madrid capital, Madrid;29.09;Piso
1700;piso;60;2;1;Segunda mano/buen estado;True;True;Distrito Centro;Madrid capital, Madrid;28.33;Piso
1550;piso;45;0;1;Segunda mano/buen estado;True;True;Distrito Centro;Madrid capital, Madrid;34.44;Piso
825;piso;26;0;1;Segunda mano/buen estado;False;False;Distrito Centro;Madrid capital, Madrid;31.73;Piso
4900;piso;140;4;2;Segunda mano/buen estado;False;True;Distrito Centro;Madrid capital, Madrid;35.0;Piso
2800;piso;120;3;2;Segunda mano/buen estado;True;True;Distrito Centro;Madrid capital, Madrid;23.33;Piso
1215;piso;43;0;1;Segunda mano/buen estado;True;True;Distrito Centro;Madrid capital, Madrid;28.26;Piso
1200;piso;42;0;1;Segunda mano/buen estado;False;True;Distrito Centro;Madrid capital, Madrid;28.57;Piso
1320;estudio;38;0;1;Segunda mano/buen estado;True;True;Distrito Centro;Madrid capital, Madrid;34.74;Piso
1500;piso;71;0;1;Segunda mano/buen estado;False;True;Distrito Centro;Madrid capital, Madrid;21.13;Piso
1850;piso;55;0;1;Segunda mano/buen estado;False;True;Distrito Centro;Madrid capital, Madrid;33.64;Piso
2400;piso;83;2;2;Segunda mano/buen estado;True;True;Distrito Centro;Madrid capital, Madrid;28.92;Piso
2700;piso;100;2;2;Segunda mano/buen estado;True;True;Distrito Centro;Madrid capital, Madrid;27.0;Piso
1200;ático;33;0;1;Segunda mano/buen estado;True;True;Distrito Centro;Madrid capital, Madrid;36.36;Piso
2295;dúplex;80;3;2;Segunda mano/buen estado;True;True;Distrito Centro;Madrid capital, Madrid;28.69;other
1500;piso;62;0;1;Segunda mano/buen estado;True;True;Distrito Centro;Madrid capital, Madrid;24.19;Piso
1196;estudio;20;0;1;Segunda mano/buen estado;True;True;Distrito Centro;Madrid capital, Madrid;59.8;Piso
1250;piso;40;0;1;Segunda mano/buen estado;True;True;Distrito Centro;Madrid capital, Madrid;31.25;Piso
2600;piso;53;0;1;Segunda mano/buen estado;True;True;Distrito Centro;Madrid capital, Madrid;49.06;Piso
900;piso;30;0;1;Segunda mano/buen estado;False;False;Distrito Centro;Madrid capital, Madrid;30.0;Piso
2800;piso;81;2;1;Segunda mano/buen estado;False;True;Distrito Centro;Madrid capital, Madrid;34.57;Piso
695;piso;34;0;1;Segunda mano/buen estado;False;False;Distrito Centro;Madrid capital, Madrid;20.44;Piso
2850;piso;86;0;1;Segunda mano/buen estado;True;True;Distrito Centro;Madrid capital, Madrid;33.14;Piso
1150;ático;75;0;1;Segunda mano/buen estado;True;True;Distrito Centro;Madrid capital, Madrid;15.33;Piso
1550;ático;82;2;1;Segunda mano/buen estado;False;True;Distrito Centro;Madrid capital, Madrid;18.9;Piso
1300;piso;45;0;1;Segunda mano/buen estado;True;True;Distrito Centro;Madrid capital, Madrid;28.89;Piso
3500;piso;95;2;2;Segunda mano/buen estado;True;True;Distrito Centro;Madrid capital, Madrid;36.84;Piso
2350;piso;96;2;2;Segunda mano/buen estado;True;True;Distrito Centro;Madrid capital, Madrid;24.48;Piso
2180;piso;76;2;1;Segunda mano/buen estado;False;True;Distrito Centro;Madrid capital, Madrid;28.68;Piso
1495;piso;55;0;1;Segunda mano/buen estado;True;True;Distrito Centro;Madrid capital, Madrid;27.18;Piso
1000;ático;33;0;1;Segunda mano/buen estado;True;True;Distrito Centro;Madrid capital, Madrid;30.3;Piso
1300;piso;55;0;1;Segunda mano/buen estado;False;False;Distrito Centro;Madrid capital, Madrid;23.64;Piso
1760;piso;56;2;1;Segunda mano/buen estado;False;True;Distrito Centro;Madrid capital, Madrid;31.43;Piso
1650;piso;50;0;1;Segunda mano/buen estado;True;True;Distrito Centro;Madrid capital, Madrid;33.0;Piso
1750;piso;87;2;1;Segunda mano/buen estado;True;True;Distrito Centro;Madrid capital, Madrid;20.11;Piso
1090;piso;48;0;1;Segunda mano/buen estado;False;True;Distrito Centro;Madrid capital, Madrid;22.71;Piso
1760;piso;65;0;1;Segunda mano/buen estado;True;True;Distrito Centro;Madrid capital, Madrid;27.08;Piso
1100;estudio;35;0;1;Segunda mano/buen estado;True;True;Distrito Centro;Madrid capital, Madrid;31.43;Piso
1440;piso;59;2;2;Segunda mano/buen estado;False;True;Distrito Centro;Madrid capital, Madrid;24.41;Piso
1580;piso;58;0;1;Segunda mano/buen estado;True;True;Distrito Centro;Madrid capital, Madrid;27.24;Piso
2850;piso;80;2;2;Segunda mano/buen estado;True;True;Distrito Centro;Madrid capital, Madrid;35.62;Piso
1500;piso;65;2;1;Segunda mano/buen estado;True;True;Distrito Centro;Madrid capital, Madrid;23.08;Piso
1720;piso;50;0;1;Segunda mano/buen estado;False;True;Distrito Centro;Madrid capital, Madrid;34.4;Piso
2100;piso;100;3;2;Segunda mano/buen estado;False;False;Distrito Centro;Madrid capital, Madrid;21.0;Piso
1350;piso;45;0;1;Segunda mano/buen estado;True;True;Distrito Centro;Madrid capital, Madrid;30.0;Piso
2550;piso;79;2;2;Segunda mano/buen estado;True;True;Distrito Centro;Madrid capital, Madrid;32.28;Piso
1880;piso;69;0;1;Segunda mano/buen estado;False;True;Distrito Centro;Madrid capital, Madrid;27.25;Piso
1300;piso;45;0;1;Segunda mano/buen estado;False;True;Distrito Centro;Madrid capital, Madrid;28.89;Piso
3800;piso;131;2;3;Segunda mano/buen estado;False;False;Distrito Centro;Madrid capital, Madrid;29.01;Piso
950;estudio;35;0;1;Segunda mano/buen estado;False;False;Distrito Centro;Madrid capital, Madrid;27.14;Piso
1000;piso;45;0;1;Segunda mano/buen estado;False;False;Distrito Centro;Madrid capital, Madrid;22.22;Piso
1390;estudio;35;0;1;Segunda mano/buen estado;True;True;Distrito Centro;Madrid capital, Madrid;39.71;Piso
790;estudio;19;0;1;Segunda mano/buen estado;False;False;Distrito Centro;Madrid capital, Madrid;41.58;Piso
1600;piso;47;0;1;Segunda mano/buen estado;True;True;Distrito Centro;Madrid capital, Madrid;34.04;Piso
1390;piso;75;0;1;Segunda mano/buen estado;True;False;Distrito Centro;Madrid capital, Madrid;18.53;Piso
1200;estudio;35;0;1;Segunda mano/buen estado;False;True;Distrito Centro;Madrid capital, Madrid;34.29;Piso
3200;piso;130;3;3;Segunda mano/buen estado;True;True;Distrito Centro;Madrid capital, Madrid;24.62;Piso
3000;piso;180;3;3;Segunda mano/buen estado;True;True;Distrito Centro;Madrid capital, Madrid;16.67;Piso
1300;piso;45;0;1;Segunda mano/buen estado;True;False;Distrito Centro;Madrid capital, Madrid;28.89;Piso
3000;piso;108;0;2;Segunda mano/buen estado;True;True;Distrito Centro;Madrid capital, Madrid;27.78;Piso
3095;piso;108;2;3;Segunda mano/buen estado;True;True;Distrito Centro;Madrid capital, Madrid;28.66;Piso
1250;estudio;35;0;1;Segunda mano/buen estado;False;True;Distrito Centro;Madrid capital, Madrid;35.71;Piso
1000;piso;40;0;2;Segunda mano/buen estado;False;True;Distrito Centro;Madrid capital, Madrid;25.0;Piso
2250;piso;82;2;1;Segunda mano/buen estado;True;True;Distrito Centro;Madrid capital, Madrid;27.44;Piso
2110;piso;71;2;2;Segunda mano/buen estado;True;True;Distrito Centro;Madrid capital, Madrid;29.72;Piso
1800;piso;56;0;1;Segunda mano/buen estado;False;False;Distrito Centro;Madrid capital, Madrid;32.14;Piso
3240;piso;168;3;2;Segunda mano/buen estado;True;True;Distrito Centro;Madrid capital, Madrid;19.29;Piso
1800;piso;81;2;1;Segunda mano/buen estado;True;True;Distrito Centro;Madrid capital, Madrid;22.22;Piso
1600;piso;48;0;1;Segunda mano/buen estado;False;True;Distrito Centro;Madrid capital, Madrid;33.33;Piso
2200;piso;90;3;1;Segunda mano/buen estado;True;False;Distrito Centro;Madrid capital, Madrid;24.44;Piso
2790;piso;55;2;1;Segunda mano/buen estado;True;False;Distrito Centro;Madrid capital, Madrid;50.73;Piso
1450;piso;68;0;1;Segunda mano/buen estado;True;True;Distrito Centro;Madrid capital, Madrid;21.32;Piso
1580;piso;45;0;1;Segunda mano/buen estado;False;False;Distrito Centro;Madrid capital, Madrid;35.11;Piso
2650;piso;100;4;2;Segunda mano/buen estado;True;False;Distrito Centro;Madrid capital, Madrid;26.5;Piso
2310;piso;121;0;2;Segunda mano/buen estado;True;True;Distrito Centro;Madrid capital, Madrid;19.09;Piso
2550;piso;70;2;2;Segunda mano/buen estado;True;True;Distrito Centro;Madrid capital, Madrid;36.43;Piso
1400;piso;52;2;1;Segunda mano/buen estado;False;True;Distrito Centro;Madrid capital, Madrid;26.92;Piso
900;piso;56;0;1;Segunda mano/buen estado;False;False;Distrito Centro;Madrid capital, Madrid;16.07;Piso
2505;piso;86;2;2;Segunda mano/buen estado;True;True;Distrito Centro;Madrid capital, Madrid;29.13;Piso
2500;piso;105;2;2;Segunda mano/buen estado;True;True;Distrito Centro;Madrid capital, Madrid;23.81;Piso
1850;dúplex;91;2;2;Segunda mano/buen estado;True;True;Distrito Centro;Madrid capital, Madrid;20.33;other
980;estudio;39;0;1;Segunda mano/buen estado;False;True;Distrito Centro;Madrid capital, Madrid;25.13;Piso
1510;ático;46;0;1;Segunda mano/buen estado;True;True;Distrito Centro;Madrid capital, Madrid;32.83;Piso
1800;piso;56;0;1;Segunda mano/buen estado;True;True;Distrito Centro;Madrid capital, Madrid;32.14;Piso
1850;estudio;45;0;1;Segunda mano/buen estado;False;True;Distrito Centro;Madrid capital, Madrid;41.11;Piso
1600;piso;35;0;1;Segunda mano/buen estado;False;True;Distrito Centro;Madrid capital, Madrid;45.71;Piso
1500;piso;45;0;1;Segunda mano/buen estado;False;True;Distrito Centro;Madrid capital, Madrid;33.33;Piso
1300;piso;55;0;1;Segunda mano/buen estado;False;False;Distrito Centro;Madrid capital, Madrid;23.64;Piso
1500;piso;63;0;1;Segunda mano/buen estado;True;True;Distrito Centro;Madrid capital, Madrid;23.81;Piso
1300;piso;70;0;2;Segunda mano/buen estado;True;True;Distrito Centro;Madrid capital, Madrid;18.57;Piso
2355;piso;80;0;1;Segunda mano/buen estado;True;True;Distrito Centro;Madrid capital, Madrid;29.44;Piso
1900;piso;62;0;1;Segunda mano/buen estado;True;True;Distrito Centro;Madrid capital, Madrid;30.65;Piso
2300;piso;70;0;1;Segunda mano/buen estado;True;True;Distrito Centro;Madrid capital, Madrid;32.86;Piso
3100;dúplex;91;0;2;Segunda mano/buen estado;True;True;Distrito Centro;Madrid capital, Madrid;34.07;other
1315;piso;46;0;1;Segunda mano/buen estado;True;True;Distrito Centro;Madrid capital, Madrid;28.59;Piso
2050;piso;85;2;1;Segunda mano/buen estado;True;True;Distrito Centro;Madrid capital, Madrid;24.12;Piso
1599;piso;54;0;1;Segunda mano/buen estado;False;True;Distrito Centro;Madrid capital, Madrid;29.61;Piso
2350;piso;95;2;2;Segunda mano/buen estado;True;True;Distrito Centro;Madrid capital, Madrid;24.74;Piso
1200;piso;75;2;1;Segunda mano/buen estado;True;False;Distrito Centro;Madrid capital, Madrid;16.0;Piso
1190;piso;58;0;1;Segunda mano/buen estado;True;True;Distrito Centro;Madrid capital, Madrid;20.52;Piso
2505;piso;73;2;1;Segunda mano/buen estado;True;True;Distrito Centro;Madrid capital, Madrid;34.32;Piso
1950;piso;61;2;1;Segunda mano/buen estado;True;True;Distrito Centro;Madrid capital, Madrid;31.97;Piso
1100;piso;58;0;1;Segunda mano/buen estado;False;True;Distrito Centro;Madrid capital, Madrid;18.97;Piso
1700;piso;45;3;1;Segunda mano/buen estado;True;True;Distrito Centro;Madrid capital, Madrid;37.78;Piso
1000;estudio;29;0;1;Segunda mano/buen estado;False;False;Distrito Centro;Madrid capital, Madrid;34.48;Piso
1500;piso;74;2;1;Segunda mano/buen estado;True;True;Distrito Centro;Madrid capital, Madrid;20.27;Piso
2390;ático;31;0;1;Segunda mano/buen estado;False;False;Distrito Centro;Madrid capital, Madrid;77.1;Piso
1800;piso;90;3;2;Segunda mano/buen estado;True;True;Distrito Centro;Madrid capital, Madrid;20.0;Piso
1610;piso;62;2;1;Segunda mano/buen estado;True;True;Distrito Centro;Madrid capital, Madrid;25.97;Piso
1300;ático;46;0;1;Segunda mano/buen estado;True;True;Distrito Centro;Madrid capital, Madrid;28.26;Piso
2090;piso;46;0;1;Segunda mano/buen estado;True;True;Distrito Centro;Madrid capital, Madrid;45.43;Piso
3100;piso;140;5;3;Segunda mano/buen estado;False;True;Distrito Centro;Madrid capital, Madrid;22.14;Piso
3000;piso;107;3;3;Segunda mano/buen estado;False;True;Distrito Centro;Madrid capital, Madrid;28.04;Piso
1550;piso;67;0;1;Segunda mano/buen estado;True;True;Distrito Centro;Madrid capital, Madrid;23.13;Piso
1400;piso;75;2;1;Segunda mano/buen estado;False;True;Distrito Centro;Madrid capital, Madrid;18.67;Piso
3300;piso;90;2;2;Segunda mano/buen estado;False;True;Distrito Centro;Madrid capital, Madrid;36.67;Piso
2000;piso;55;0;1;Segunda mano/buen estado;False;True;Distrito Centro;Madrid capital, Madrid;36.36;Piso
1500;piso;50;0;1;Segunda mano/buen estado;True;True;Distrito Centro;Madrid capital, Madrid;30.0;Piso
1250;piso;38;0;1;Segunda mano/buen estado;True;True;Distrito Centro;Madrid capital, Madrid;32.89;Piso
1650;piso;85;2;2;Segunda mano/buen estado;True;True;Distrito Centro;Madrid capital, Madrid;19.41;Piso
1900;piso;60;2;2;Segunda mano/buen estado;True;True;Distrito Centro;Madrid capital, Madrid;31.67;Piso
1600;piso;50;0;1;Segunda mano/buen estado;True;True;Distrito Centro;Madrid capital, Madrid;32.0;Piso
1150;piso;34;2;1;Segunda mano/buen estado;True;True;Distrito Centro;Madrid capital, Madrid;33.82;Piso
1090;estudio;30;0;1;Segunda mano/buen estado;True;True;Distrito Centro;Madrid capital, Madrid;36.33;Piso
2500;piso;80;2;1;Segunda mano/buen estado;False;True;Distrito Centro;Madrid capital, Madrid;31.25;Piso
1900;piso;80;3;1;Segunda mano/buen estado;True;False;Distrito Centro;Madrid capital, Madrid;23.75;Piso
1600;piso;62;0;1;Segunda mano/buen estado;True;True;Distrito Centro;Madrid capital, Madrid;25.81;Piso
900;piso;35;0;1;Segunda mano/buen estado;False;False;Distrito Centro;Madrid capital, Madrid;25.71;Piso
1400;piso;65;0;1;Segunda mano/buen estado;True;True;Distrito Centro;Madrid capital, Madrid;21.54;Piso
850;estudio;35;0;1;Segunda mano/buen estado;False;True;Distrito Centro;Madrid capital, Madrid;24.29;Piso
2300;piso;100;2;2;Segunda mano/buen estado;True;True;Distrito Centro;Madrid capital, Madrid;23.0;Piso
1500;piso;98;2;2;Segunda mano/buen estado;True;True;Distrito Centro;Madrid capital, Madrid;15.31;Piso
2300;piso;67;2;2;Segunda mano/buen estado;True;True;Distrito Centro;Madrid capital, Madrid;34.33;Piso
1650;piso;57;2;2;Segunda mano/buen estado;True;True;Distrito Centro;Madrid capital, Madrid;28.95;Piso
1650;piso;50;0;1;Segunda mano/buen estado;True;True;Distrito Centro;Madrid capital, Madrid;33.0;Piso
1700;piso;100;2;2;Segunda mano/buen estado;True;False;Distrito Centro;Madrid capital, Madrid;17.0;Piso
3200;piso;87;2;2;Segunda mano/buen estado;True;True;Distrito Centro;Madrid capital, Madrid;36.78;Piso
1050;ático;45;0;1;Segunda mano/buen estado;True;True;Distrito Centro;Madrid capital, Madrid;23.33;Piso
11000;piso;557;6;7;Segunda mano/buen estado;True;True;Distrito Centro;Madrid capital, Madrid;19.75;Piso
2295;piso;69;2;1;Segunda mano/buen estado;True;True;Distrito Centro;Madrid capital, Madrid;33.26;Piso
1600;piso;59;0;1;Segunda mano/buen estado;True;False;Distrito Centro;Madrid capital, Madrid;27.12;Piso
1450;piso;50;0;1;Segunda mano/buen estado;True;True;Distrito Centro;Madrid capital, Madrid;29.0;Piso
2950;piso;89;3;2;Segunda mano/buen estado;True;True;Distrito Centro;Madrid capital, Madrid;33.15;Piso
2050;piso;85;2;1;Segunda mano/buen estado;True;True;Distrito Centro;Madrid capital, Madrid;24.12;Piso
1550;piso;80;2;1;Segunda mano/buen estado;False;False;Distrito Centro;Madrid capital, Madrid;19.38;Piso
3500;piso;129;3;2;Segunda mano/buen estado;True;True;Distrito Centro;Madrid capital, Madrid;27.13;Piso
2200;dúplex;92;0;1;Segunda mano/buen estado;True;True;Distrito Centro;Madrid capital, Madrid;23.91;other
1100;estudio;28;0;1;Segunda mano/buen estado;True;False;Distrito Centro;Madrid capital, Madrid;39.29;Piso
2460;dúplex;50;0;1;Segunda mano/buen estado;True;True;Distrito Centro;Madrid capital, Madrid;49.2;other
2300;piso;68;0;1;Segunda mano/buen estado;True;True;Distrito Centro;Madrid capital, Madrid;33.82;Piso
2400;piso;56;0;1;Segunda mano/buen estado;True;True;Distrito Centro;Madrid capital, Madrid;42.86;Piso
2300;piso;68;0;1;Segunda mano/buen estado;True;True;Distrito Centro;Madrid capital, Madrid;33.82;Piso
2380;piso;56;0;1;Segunda mano/buen estado;True;True;Distrito Centro;Madrid capital, Madrid;42.5;Piso
900;piso;35;0;1;Segunda mano/buen estado;True;False;Distrito Centro;Madrid capital, Madrid;25.71;Piso
2400;ático;78;0;1;Segunda mano/buen estado;True;True;Distrito Centro;Madrid capital, Madrid;30.77;Piso
1100;estudio;34;0;1;Segunda mano/buen estado;True;True;Distrito Centro;Madrid capital, Madrid;32.35;Piso
2500;piso;68;0;1;Segunda mano/buen estado;True;True;Distrito Centro;Madrid capital, Madrid;36.76;Piso
1550;estudio;38;0;1;Segunda mano/buen estado;False;False;Distrito Centro;Madrid capital, Madrid;40.79;Piso
3680;piso;140;2;2;Segunda mano/buen estado;True;True;Distrito Centro;Madrid capital, Madrid;26.29;Piso
1000;piso;50;0;1;Segunda mano/buen estado;True;False;Distrito Centro;Madrid capital, Madrid;20.0;Piso
2500;piso;82;0;1;Segunda mano/buen estado;True;True;Distrito Centro;Madrid capital, Madrid;30.49;Piso
1700;piso;114;2;1;Segunda mano/buen estado;True;True;Distrito Centro;Madrid capital, Madrid;14.91;Piso
2500;piso;120;2;2;Segunda mano/buen estado;False;True;Distrito Centro;Madrid capital, Madrid;20.83;Piso
1200;ático;38;0;1;Segunda mano/buen estado;True;True;Distrito Centro;Madrid capital, Madrid;31.58;Piso
4000;ático;95;2;1;Segunda mano/buen estado;False;True;Distrito Centro;Madrid capital, Madrid;42.11;Piso
1650;piso;71;2;1;Segunda mano/buen estado;False;False;Distrito Centro;Madrid capital, Madrid;23.24;Piso
880;piso;40;0;1;Segunda mano/buen estado;True;True;Distrito Centro;Madrid capital, Madrid;22.0;Piso
1100;piso;40;0;1;Segunda mano/buen estado;True;True;Distrito Centro;Madrid capital, Madrid;27.5;Piso
3000;piso;108;0;2;Segunda mano/buen estado;True;True;Distrito Centro;Madrid capital, Madrid;27.78;Piso
1800;piso;108;3;2;Segunda mano/buen estado;True;True;Distrito Centro;Madrid capital, Madrid;16.67;Piso
1500;piso;100;2;2;Segunda mano/buen estado;True;True;Distrito Centro;Madrid capital, Madrid;15.0;Piso
1000;estudio;30;0;1;Segunda mano/buen estado;False;True;Distrito Centro;Madrid capital, Madrid;33.33;Piso
1490;piso;80;2;1;Segunda mano/buen estado;True;True;Distrito Centro;Madrid capital, Madrid;18.62;Piso
1650;piso;40;0;1;Segunda mano/buen estado;True;True;Distrito Centro;Madrid capital, Madrid;41.25;Piso
1350;piso;83;0;1;Segunda mano/buen estado;True;True;Distrito Centro;Madrid capital, Madrid;16.27;Piso
2000;dúplex;106;2;2;Segunda mano/buen estado;True;True;Distrito Centro;Madrid capital, Madrid;18.87;other
900;piso;43;0;1;Segunda mano/buen estado;True;False;Distrito Centro;Madrid capital, Madrid;20.93;Piso
2633;piso;90;2;2;Segunda mano/buen estado;True;True;Distrito Centro;Madrid capital, Madrid;29.26;Piso
1150;piso;50;0;1;Segunda mano/buen estado;False;False;Distrito Centro;Madrid capital, Madrid;23.0;Piso
1950;piso;100;3;1;Segunda mano/buen estado;True;True;Distrito Centro;Madrid capital, Madrid;19.5;Piso
1300;ático;53;0;1;Segunda mano/buen estado;True;True;Distrito Centro;Madrid capital, Madrid;24.53;Piso
1150;piso;30;0;1;Segunda mano/buen estado;True;False;Distrito Centro;Madrid capital, Madrid;38.33;Piso
950;piso;45;0;1;Segunda mano/buen estado;True;False;Distrito Centro;Madrid capital, Madrid;21.11;Piso
1150;estudio;42;0;1;Segunda mano/buen estado;True;True;Distrito Centro;Madrid capital, Madrid;27.38;Piso
1350;piso;40;2;1;Segunda mano/buen estado;True;True;Distrito Centro;Madrid capital, Madrid;33.75;Piso
800;estudio;30;0;1;Segunda mano/buen estado;False;True;Distrito Centro;Madrid capital, Madrid;26.67;Piso
1400;piso;68;2;1;Segunda mano/buen estado;True;False;Distrito Centro;Madrid capital, Madrid;20.59;Piso
1200;piso;54;0;1;Segunda mano/buen estado;True;True;Distrito Centro;Madrid capital, Madrid;22.22;Piso
1150;piso;30;0;1;Segunda mano/buen estado;True;True;Distrito Centro;Madrid capital, Madrid;38.33;Piso
990;estudio;30;0;1;Segunda mano/buen estado;True;True;Distrito Centro;Madrid capital, Madrid;33.0;Piso
1050;ático;50;0;1;Segunda mano/buen estado;False;True;Distrito Centro;Madrid capital, Madrid;21.0;Piso
1600;piso;55;0;1;Segunda mano/buen estado;True;True;Distrito Centro;Madrid capital, Madrid;29.09;Piso
750;estudio;25;0;1;Segunda mano/buen estado;False;False;Distrito Centro;Madrid capital, Madrid;30.0;Piso
975;piso;50;2;2;Segunda mano/buen estado;False;False;Distrito Centro;Madrid capital, Madrid;19.5;Piso
1300;piso;40;0;1;Segunda mano/buen estado;True;False;Distrito Centro;Madrid capital, Madrid;32.5;Piso
1400;piso;95;0;1;Segunda mano/buen estado;True;True;Distrito Centro;Madrid capital, Madrid;14.74;Piso
850;ático;30;0;1;Segunda mano/buen estado;True;True;Distrito Centro;Madrid capital, Madrid;28.33;Piso
1075;estudio;37;0;1;Segunda mano/buen estado;True;True;Distrito Centro;Madrid capital, Madrid;29.05;Piso
1600;piso;75;2;1;Segunda mano/buen estado;False;True;Distrito Centro;Madrid capital, Madrid;21.33;Piso
1300;piso;55;0;1;Segunda mano/buen estado;True;True;Distrito Centro;Madrid capital, Madrid;23.64;Piso
1300;piso;55;0;1;Segunda mano/buen estado;True;True;Distrito Centro;Madrid capital, Madrid;23.64;Piso
800;estudio;30;0;1;Segunda mano/buen estado;False;True;Distrito Centro;Madrid capital, Madrid;26.67;Piso
1650;piso;65;0;1;Segunda mano/buen estado;True;True;Distrito Centro;Madrid capital, Madrid;25.38;Piso
1350;piso;56;0;1;Segunda mano/buen estado;True;True;Distrito Centro;Madrid capital, Madrid;24.11;Piso
1300;piso;45;0;1;Segunda mano/buen estado;True;True;Distrito Centro;Madrid capital, Madrid;28.89;Piso
1350;piso;50;0;1;Segunda mano/buen estado;True;False;Distrito Centro;Madrid capital, Madrid;27.0;Piso
1800;piso;78;2;1;Segunda mano/buen estado;True;True;Distrito Centro;Madrid capital, Madrid;23.08;Piso
1850;ático;75;2;1;Segunda mano/buen estado;True;True;Distrito Centro;Madrid capital, Madrid;24.67;Piso
1600;piso;62;0;1;Segunda mano/buen estado;True;True;Distrito Centro;Madrid capital, Madrid;25.81;Piso
1200;piso;60;0;1;Segunda mano/buen estado;True;True;Distrito Centro;Madrid capital, Madrid;20.0;Piso
1400;ático;42;2;1;Segunda mano/buen estado;True;True;Distrito Centro;Madrid capital, Madrid;33.33;Piso
4500;piso;140;6;2;Segunda mano/buen estado;False;False;Distrito Centro;Madrid capital, Madrid;32.14;Piso
1400;ático;42;2;1;Segunda mano/buen estado;True;True;Distrito Centro;Madrid capital, Madrid;33.33;Piso
2700;piso;95;3;2;Segunda mano/buen estado;False;True;Distrito Centro;Madrid capital, Madrid;28.42;Piso
1300;piso;75;0;1;Segunda mano/buen estado;True;False;Distrito Centro;Madrid capital, Madrid;17.33;Piso
3500;piso;90;4;2;Segunda mano/buen estado;False;True;Distrito Centro;Madrid capital, Madrid;38.89;Piso
1450;piso;81;2;1;Segunda mano/buen estado;True;False;Distrito Centro;Madrid capital, Madrid;17.9;Piso
2650;piso;114;2;2;Segunda mano/buen estado;True;True;Distrito Centro;Madrid capital, Madrid;23.25;Piso
5800;piso;492;5;6;Segunda mano/buen estado;True;True;Distrito Centro;Madrid capital, Madrid;11.79;Piso
3250;piso;110;3;3;Segunda mano/buen estado;False;True;Distrito Centro;Madrid capital, Madrid;29.55;Piso
1380;piso;45;0;1;Segunda mano/buen estado;True;True;Distrito Centro;Madrid capital, Madrid;30.67;Piso
1150;estudio;24;0;1;Segunda mano/buen estado;True;False;Distrito Centro;Madrid capital, Madrid;47.92;Piso
2000;ático;68;3;1;Segunda mano/buen estado;False;True;Distrito Centro;Madrid capital, Madrid;29.41;Piso
1350;piso;50;0;1;Segunda mano/buen estado;True;True;Distrito Centro;Madrid capital, Madrid;27.0;Piso
3200;piso;120;2;2;Segunda mano/buen estado;True;True;Distrito Centro;Madrid capital, Madrid;26.67;Piso
2100;piso;95;3;2;Segunda mano/buen estado;False;False;Distrito Centro;Madrid capital, Madrid;22.11;Piso
1750;piso;80;0;2;Segunda mano/buen estado;False;False;Distrito Centro;Madrid capital, Madrid;21.88;Piso
1200;piso;55;0;1;Segunda mano/buen estado;True;True;Distrito Centro;Madrid capital, Madrid;21.82;Piso
1500;piso;66;2;1;Segunda mano/buen estado;True;True;Distrito Centro;Madrid capital, Madrid;22.73;Piso
2500;piso;120;3;2;Segunda mano/buen estado;False;False;Distrito Centro;Madrid capital, Madrid;20.83;Piso
3900;piso;115;2;2;Segunda mano/buen estado;True;True;Distrito Centro;Madrid capital, Madrid;33.91;Piso
1500;piso;45;0;1;Segunda mano/buen estado;True;True;Distrito Centro;Madrid capital, Madrid;33.33;Piso
4800;piso;175;3;3;Segunda mano/buen estado;True;True;Distrito Centro;Madrid capital, Madrid;27.43;Piso
1600;piso;60;0;1;Segunda mano/buen estado;False;True;Distrito Centro;Madrid capital, Madrid;26.67;Piso
1250;piso;65;0;1;Segunda mano/buen estado;True;True;Distrito Centro;Madrid capital, Madrid;19.23;Piso
1500;piso;44;0;1;Segunda mano/buen estado;True;True;Distrito Centro;Madrid capital, Madrid;34.09;Piso
2300;ático;82;2;2;Segunda mano/buen estado;True;True;Distrito Centro;Madrid capital, Madrid;28.05;Piso
1300;piso;60;2;1;Segunda mano/buen estado;True;False;Distrito Centro;Madrid capital, Madrid;21.67;Piso
2650;piso;75;2;2;Segunda mano/buen estado;True;True;Distrito Centro;Madrid capital, Madrid;35.33;Piso
1499;piso;52;0;1;Segunda mano/buen estado;True;True;Distrito Centro;Madrid capital, Madrid;28.83;Piso
2675;piso;75;0;1;Segunda mano/buen estado;True;True;Distrito Centro;Madrid capital, Madrid;35.67;Piso
1125;piso;45;0;1;Segunda mano/buen estado;True;True;Distrito Centro;Madrid capital, Madrid;25.0;Piso
2675;piso;75;0;1;Segunda mano/buen estado;True;True;Distrito Centro;Madrid capital, Madrid;35.67;Piso
1150;ático;40;2;1;Segunda mano/buen estado;True;True;Distrito Centro;Madrid capital, Madrid;28.75;Piso
2550;piso;75;0;1;Segunda mano/buen estado;True;True;Distrito Centro;Madrid capital, Madrid;34.0;Piso
950;piso;54;0;1;Segunda mano/buen estado;False;True;Distrito Centro;Madrid capital, Madrid;17.59;Piso
2080;piso;65;0;1;Segunda mano/buen estado;True;True;Distrito Centro;Madrid capital, Madrid;32.0;Piso
1150;piso;50;0;1;Segunda mano/buen estado;True;False;Distrito Centro;Madrid capital, Madrid;23.0;Piso
5700;piso;198;6;3;Segunda mano/buen estado;False;False;Distrito Centro;Madrid capital, Madrid;28.79;Piso
1100;estudio;35;0;1;Segunda mano/buen estado;True;True;Distrito Centro;Madrid capital, Madrid;31.43;Piso
5400;piso;146;6;3;Segunda mano/buen estado;False;False;Distrito Centro;Madrid capital, Madrid;36.99;Piso
950;estudio;30;0;1;Segunda mano/buen estado;True;True;Distrito Centro;Madrid capital, Madrid;31.67;Piso
4500;piso;120;2;3;Segunda mano/buen estado;True;True;Distrito Centro;Madrid capital, Madrid;37.5;Piso
2150;piso;72;2;1;Segunda mano/buen estado;True;True;Distrito Centro;Madrid capital, Madrid;29.86;Piso
1290;dúplex;53;0;1;Segunda mano/buen estado;False;True;Distrito Centro;Madrid capital, Madrid;24.34;other
3500;piso;150;3;3;Segunda mano/buen estado;True;True;Distrito Centro;Madrid capital, Madrid;23.33;Piso
1000;estudio;90;0;1;Segunda mano/buen estado;True;True;Distrito Centro;Madrid capital, Madrid;11.11;Piso
6500;piso;156;3;2;Segunda mano/buen estado;True;True;Distrito Centro;Madrid capital, Madrid;41.67;Piso
2400;piso;65;0;1;Segunda mano/buen estado;True;True;Distrito Centro;Madrid capital, Madrid;36.92;Piso
2000;piso;84;2;2;Segunda mano/buen estado;True;True;Distrito Centro;Madrid capital, Madrid;23.81;Piso
1500;ático;60;0;1;Segunda mano/buen estado;True;False;Distrito Centro;Madrid capital, Madrid;25.0;Piso
3500;piso;170;3;3;Segunda mano/buen estado;True;True;Distrito Centro;Madrid capital, Madrid;20.59;Piso
2350;ático;45;0;1;Segunda mano/buen estado;True;True;Distrito Centro;Madrid capital, Madrid;52.22;Piso
1750;piso;93;2;2;Segunda mano/buen estado;True;True;Distrito Centro;Madrid capital, Madrid;18.82;Piso
3000;piso;155;2;2;Segunda mano/buen estado;True;True;Distrito Centro;Madrid capital, Madrid;19.35;Piso
1900;piso;95;3;1;Segunda mano/buen estado;True;True;Distrito Centro;Madrid capital, Madrid;20.0;Piso
1350;piso;62;0;1;Segunda mano/buen estado;True;True;Distrito Centro;Madrid capital, Madrid;21.77;Piso
2265;piso;95;2;1;Segunda mano/buen estado;False;False;Distrito Centro;Madrid capital, Madrid;23.84;Piso
1400;piso;80;0;1;Segunda mano/buen estado;True;False;Distrito Centro;Madrid capital, Madrid;17.5;Piso
1450;piso;61;0;1;Segunda mano/buen estado;True;True;Distrito Centro;Madrid capital, Madrid;23.77;Piso
1200;piso;50;0;1;Segunda mano/buen estado;False;True;Distrito Centro;Madrid capital, Madrid;24.0;Piso
1450;piso;55;0;1;Segunda mano/buen estado;True;True;Distrito Centro;Madrid capital, Madrid;26.36;Piso
3600;piso;90;2;2;Segunda mano/buen estado;True;True;Distrito Centro;Madrid capital, Madrid;40.0;Piso
11000;piso;570;6;6;Segunda mano/buen estado;True;True;Distrito Centro;Madrid capital, Madrid;19.3;Piso
3600;piso;90;2;2;Segunda mano/buen estado;True;True;Distrito Centro;Madrid capital, Madrid;40.0;Piso
1200;piso;53;0;1;Segunda mano/buen estado;True;True;Distrito Centro;Madrid capital, Madrid;22.64;Piso
3400;ático;119;0;2;Segunda mano/buen estado;True;True;Distrito Centro;Madrid capital, Madrid;28.57;Piso
2687;piso;74;0;1;Segunda mano/buen estado;True;True;Distrito Centro;Madrid capital, Madrid;36.31;Piso
3600;piso;85;2;2;Segunda mano/buen estado;True;True;Distrito Centro;Madrid capital, Madrid;42.35;Piso
7290;piso;215;3;3;Segunda mano/buen estado;True;True;Distrito Centro;Madrid capital, Madrid;33.91;Piso
3000;piso;120;2;2;Segunda mano/buen estado;True;True;Distrito Centro;Madrid capital, Madrid;25.0;Piso
2565;piso;65;0;1;Segunda mano/buen estado;True;True;Distrito Centro;Madrid capital, Madrid;39.46;Piso
2200;piso;75;0;1;Segunda mano/buen estado;True;True;Distrito Centro;Madrid capital, Madrid;29.33;Piso
2835;ático;71;0;1;Segunda mano/buen estado;True;True;Distrito Centro;Madrid capital, Madrid;39.93;Piso
5750;piso;155;3;2;Segunda mano/buen estado;True;True;Distrito Centro;Madrid capital, Madrid;37.1;Piso
1796;piso;55;0;1;Segunda mano/buen estado;True;True;Distrito Centro;Madrid capital, Madrid;32.65;Piso
6750;piso;186;3;2;Segunda mano/buen estado;True;True;Distrito Centro;Madrid capital, Madrid;36.29;Piso
4140;piso;125;3;3;Segunda mano/buen estado;True;True;Distrito Centro;Madrid capital, Madrid;33.12;Piso
1500;piso;65;3;2;Segunda mano/buen estado;True;True;Distrito Centro;Madrid capital, Madrid;23.08;Piso
3145;piso;80;2;2;Segunda mano/buen estado;True;True;Distrito Centro;Madrid capital, Madrid;39.31;Piso
1620;piso;54;0;1;Segunda mano/buen estado;True;False;Distrito Centro;Madrid capital, Madrid;30.0;Piso
2495;piso;128;2;2;Segunda mano/buen estado;True;True;Distrito Centro;Madrid capital, Madrid;19.49;Piso
2970;piso;96;2;2;Segunda mano/buen estado;True;True;Distrito Centro;Madrid capital, Madrid;30.94;Piso
1800;piso;44;2;1;Segunda mano/buen estado;False;False;Distrito Centro;Madrid capital, Madrid;40.91;Piso
1350;piso;55;0;1;Segunda mano/buen estado;False;True;Distrito Centro;Madrid capital, Madrid;24.55;Piso
11000;piso;543;6;7;Segunda mano/buen estado;True;True;Distrito Centro;Madrid capital, Madrid;20.26;Piso
1600;piso;60;0;1;Segunda mano/buen estado;True;True;Distrito Centro;Madrid capital, Madrid;26.67;Piso
2400;piso;64;2;2;Segunda mano/buen estado;True;True;Distrito Centro;Madrid capital, Madrid;37.5;Piso
2900;piso;115;4;2;Segunda mano/buen estado;False;True;Distrito Centro;Madrid capital, Madrid;25.22;Piso
4000;piso;130;2;2;Segunda mano/buen estado;False;True;Distrito Centro;Madrid capital, Madrid;30.77;Piso
2100;piso;50;3;1;Segunda mano/buen estado;True;True;Distrito Centro;Madrid capital, Madrid;42.0;Piso
3195;piso;95;3;2;Segunda mano/buen estado;True;False;Distrito Centro;Madrid capital, Madrid;33.63;Piso
4000;dúplex;170;2;2;Segunda mano/buen estado;False;True;Distrito Centro;Madrid capital, Madrid;23.53;other
1600;piso;60;0;1;Segunda mano/buen estado;False;True;Distrito Centro;Madrid capital, Madrid;26.67;Piso
1250;piso;65;0;1;Segunda mano/buen estado;True;True;Distrito Centro;Madrid capital, Madrid;19.23;Piso
2250;piso;95;2;2;Segunda mano/buen estado;True;True;Distrito Centro;Madrid capital, Madrid;23.68;Piso
1600;piso;70;2;2;Segunda mano/buen estado;True;True;Distrito Centro;Madrid capital, Madrid;22.86;Piso
1850;piso;88;2;2;Segunda mano/buen estado;True;True;Distrito Centro;Madrid capital, Madrid;21.02;Piso
2160;ático;90;2;2;Segunda mano/buen estado;True;False;Distrito Centro;Madrid capital, Madrid;24.0;Piso
2436;piso;93;2;2;Segunda mano/buen estado;True;True;Distrito Centro;Madrid capital, Madrid;26.19;Piso
11000;piso;563;6;5;Segunda mano/buen estado;True;True;Distrito Centro;Madrid capital, Madrid;19.54;Piso
2745;piso;69;0;1;Segunda mano/buen estado;True;True;Distrito Centro;Madrid capital, Madrid;39.78;Piso
7600;piso;194;2;2;Segunda mano/buen estado;False;True;Distrito Centro;Madrid capital, Madrid;39.18;Piso
1700;piso;67;2;1;Segunda mano/buen estado;True;True;Distrito Centro;Madrid capital, Madrid;25.37;Piso
2260;piso;85;2;2;Segunda mano/buen estado;True;True;Distrito Centro;Madrid capital, Madrid;26.59;Piso
3375;piso;150;0;1;Segunda mano/buen estado;True;True;Distrito Centro;Madrid capital, Madrid;22.5;Piso
2215;piso;70;0;1;Segunda mano/buen estado;True;True;Distrito Centro;Madrid capital, Madrid;31.64;Piso
3885;piso;115;0;2;Segunda mano/buen estado;True;True;Distrito Centro;Madrid capital, Madrid;33.78;Piso
2120;piso;48;0;1;Segunda mano/buen estado;True;True;Distrito Centro;Madrid capital, Madrid;44.17;Piso
4770;piso;185;2;2;Segunda mano/buen estado;True;True;Distrito Centro;Madrid capital, Madrid;25.78;Piso
3190;piso;68;2;1;Segunda mano/buen estado;True;True;Distrito Centro;Madrid capital, Madrid;46.91;Piso
2470;piso;60;0;1;Segunda mano/buen estado;True;True;Distrito Centro;Madrid capital, Madrid;41.17;Piso
9500;ático;310;4;3;Segunda mano/buen estado;True;True;Distrito Centro;Madrid capital, Madrid;30.65;Piso
2555;piso;75;2;3;Segunda mano/buen estado;True;True;Distrito Centro;Madrid capital, Madrid;34.07;Piso
1850;piso;54;0;2;Segunda mano/buen estado;False;False;Distrito Centro;Madrid capital, Madrid;34.26;Piso
2000;piso;60;2;2;Segunda mano/buen estado;True;True;Distrito Centro;Madrid capital, Madrid;33.33;Piso
3500;piso;98;3;3;Segunda mano/buen estado;True;True;Distrito Centro;Madrid capital, Madrid;35.71;Piso
2800;piso;40;2;1;Segunda mano/buen estado;False;True;Distrito Centro;Madrid capital, Madrid;70.0;Piso
4495;piso;214;2;2;Segunda mano/buen estado;True;True;Distrito Centro;Madrid capital, Madrid;21.0;Piso
2500;piso;93;2;2;Segunda mano/buen estado;True;True;Distrito Centro;Madrid capital, Madrid;26.88;Piso
1100;ático;18;0;1;Segunda mano/buen estado;True;True;Distrito Centro;Madrid capital, Madrid;61.11;Piso
3200;piso;80;0;2;Segunda mano/buen estado;True;True;Distrito Centro;Madrid capital, Madrid;40.0;Piso
2900;piso;117;4;2;Segunda mano/buen estado;False;True;Distrito Centro;Madrid capital, Madrid;24.79;Piso
3000;piso;128;2;2;Segunda mano/buen estado;True;True;Distrito Centro;Madrid capital, Madrid;23.44;Piso
1600;dúplex;35;0;1;Segunda mano/buen estado;False;True;Distrito Centro;Madrid capital, Madrid;45.71;other
1100;ático;18;0;1;Segunda mano/buen estado;True;True;Distrito Centro;Madrid capital, Madrid;61.11;Piso
1100;ático;28;0;1;Segunda mano/buen estado;True;True;Distrito Centro;Madrid capital, Madrid;39.29;Piso
1750;piso;80;0;2;Segunda mano/buen estado;True;False;Distrito Centro;Madrid capital, Madrid;21.88;Piso
2400;piso;124;2;1;Segunda mano/buen estado;True;True;Distrito Centro;Madrid capital, Madrid;19.35;Piso
3800;ático;150;3;2;Segunda mano/buen estado;True;True;Distrito Centro;Madrid capital, Madrid;25.33;Piso
2000;piso;70;2;1;Segunda mano/buen estado;False;True;Distrito Centro;Madrid capital, Madrid;28.57;Piso
1100;piso;44;0;1;Segunda mano/buen estado;False;False;Distrito Centro;Madrid capital, Madrid;25.0;Piso
4250;piso;153;3;2;Segunda mano/buen estado;True;True;Distrito Centro;Madrid capital, Madrid;27.78;Piso
1500;piso;68;0;1;Segunda mano/buen estado;True;True;Distrito Centro;Madrid capital, Madrid;22.06;Piso
4495;piso;101;2;2;Segunda mano/buen estado;True;True;Distrito Centro;Madrid capital, Madrid;44.5;Piso
1600;piso;71;0;1;Segunda mano/buen estado;False;True;Distrito Centro;Madrid capital, Madrid;22.54;Piso
6600;piso;160;2;2;Segunda mano/buen estado;True;True;Distrito Centro;Madrid capital, Madrid;41.25;Piso
3800;piso;120;2;2;Segunda mano/buen estado;True;True;Distrito Centro;Madrid capital, Madrid;31.67;Piso
4995;piso;122;3;2;Segunda mano/buen estado;True;True;Distrito Centro;Madrid capital, Madrid;40.94;Piso
2900;piso;130;3;2;Segunda mano/buen estado;False;True;Distrito Centro;Madrid capital, Madrid;22.31;Piso
1650;piso;57;2;2;Segunda mano/buen estado;False;True;Distrito Centro;Madrid capital, Madrid;28.95;Piso
3600;piso;165;2;3;Segunda mano/buen estado;True;True;Distrito Centro;Madrid capital, Madrid;21.82;Piso
1575;estudio;40;0;1;Segunda mano/buen estado;False;False;Distrito Centro;Madrid capital, Madrid;39.38;Piso
900;estudio;32;0;1;Segunda mano/buen estado;True;False;Distrito Centro;Madrid capital, Madrid;28.12;Piso
2000;piso;72;2;2;Segunda mano/buen estado;False;False;Distrito Centro;Madrid capital, Madrid;27.78;Piso
2600;piso;205;3;2;Segunda mano/buen estado;True;True;Distrito Centro;Madrid capital, Madrid;12.68;Piso
1500;piso;67;2;1;Segunda mano/buen estado;True;True;Distrito Centro;Madrid capital, Madrid;22.39;Piso
1350;piso;50;0;1;Segunda mano/buen estado;False;True;Distrito Centro;Madrid capital, Madrid;27.0;Piso
2350;ático;80;0;1;Segunda mano/buen estado;True;True;Distrito Centro;Madrid capital, Madrid;29.38;Piso
8500;piso;243;4;4;Segunda mano/buen estado;False;True;Distrito Centro;Madrid capital, Madrid;34.98;Piso
1300;estudio;50;0;1;Segunda mano/buen estado;False;False;Distrito Centro;Madrid capital, Madrid;26.0;Piso
1800;piso;82;2;2;Segunda mano/buen estado;False;False;Distrito Centro;Madrid capital, Madrid;21.95;Piso
1700;piso;80;2;2;Segunda mano/buen estado;False;True;Distrito Centro;Madrid capital, Madrid;21.25;Piso
1275;estudio;30;0;1;Segunda mano/buen estado;False;False;Distrito Centro;Madrid capital, Madrid;42.5;Piso
1300;estudio;50;0;1;Segunda mano/buen estado;False;False;Distrito Centro;Madrid capital, Madrid;26.0;Piso
1350;piso;42;0;1;Segunda mano/buen estado;True;True;Distrito Centro;Madrid capital, Madrid;32.14;Piso
2800;piso;124;3;2;Segunda mano/buen estado;True;True;Distrito Centro;Madrid capital, Madrid;22.58;Piso
1550;piso;40;0;1;Segunda mano/buen estado;False;False;Distrito Centro;Madrid capital, Madrid;38.75;Piso
1445;piso;70;2;1;Segunda mano/buen estado;False;False;Distrito Centro;Madrid capital, Madrid;20.64;Piso
1900;piso;112;2;2;Segunda mano/buen estado;False;False;Distrito Centro;Madrid capital, Madrid;16.96;Piso
1700;piso;65;2;1;Segunda mano/buen estado;False;False;Distrito Centro;Madrid capital, Madrid;26.15;Piso
1800;piso;125;2;1;Segunda mano/buen estado;True;True;Distrito Centro;Madrid capital, Madrid;14.4;Piso
5400;piso;260;3;3;Segunda mano/buen estado;True;True;Distrito Centro;Madrid capital, Madrid;20.77;Piso
1000;piso;70;0;1;Segunda mano/buen estado;True;False;Distrito Centro;Madrid capital, Madrid;14.29;Piso
1100;ático;23;0;1;Segunda mano/buen estado;True;True;Distrito Centro;Madrid capital, Madrid;47.83;Piso
1800;piso;58;2;1;Segunda mano/buen estado;True;True;Distrito Centro;Madrid capital, Madrid;31.03;Piso
2000;piso;45;0;1;Segunda mano/buen estado;True;True;Distrito Centro;Madrid capital, Madrid;44.44;Piso
1700;piso;50;0;2;Segunda mano/buen estado;True;True;Distrito Centro;Madrid capital, Madrid;34.0;Piso
3800;piso;90;2;2;Segunda mano/buen estado;True;True;Distrito Centro;Madrid capital, Madrid;42.22;Piso
1700;piso;65;2;1;Segunda mano/buen estado;False;True;Distrito Centro;Madrid capital, Madrid;26.15;Piso
1100;piso;30;0;1;Segunda mano/buen estado;True;True;Distrito Centro;Madrid capital, Madrid;36.67;Piso
1100;ático;30;0;1;Segunda mano/buen estado;True;True;Distrito Centro;Madrid capital, Madrid;36.67;Piso
3200;piso;140;4;1;Segunda mano/buen estado;True;False;Distrito Centro;Madrid capital, Madrid;22.86;Piso
1500;piso;55;0;1;Segunda mano/buen estado;False;True;Distrito Centro;Madrid capital, Madrid;27.27;Piso
895;estudio;45;0;1;Segunda mano/buen estado;False;True;Distrito Centro;Madrid capital, Madrid;19.89;Piso
2500;piso;75;3;2;Segunda mano/buen estado;True;True;Distrito Centro;Madrid capital, Madrid;33.33;Piso
5200;piso;225;4;4;Segunda mano/buen estado;True;True;Distrito Centro;Madrid capital, Madrid;23.11;Piso
2800;piso;112;2;2;Segunda mano/buen estado;True;True;Distrito Centro;Madrid capital, Madrid;25.0;Piso
2890;piso;100;2;2;Segunda mano/buen estado;True;True;Distrito Centro;Madrid capital, Madrid;28.9;Piso
15000;piso;272;4;3;Segunda mano/buen estado;True;True;Distrito Centro;Madrid capital, Madrid;55.15;Piso
1200;ático;62;0;1;Segunda mano/buen estado;True;True;Distrito Centro;Madrid capital, Madrid;19.35;Piso
2890;piso;100;2;2;Segunda mano/buen estado;True;True;Distrito Centro;Madrid capital, Madrid;28.9;Piso
4500;piso;223;2;2;Segunda mano/buen estado;False;True;Distrito Centro;Madrid capital, Madrid;20.18;Piso
1200;ático;70;0;1;Segunda mano/buen estado;True;True;Distrito Centro;Madrid capital, Madrid;17.14;Piso
4118;piso;151;3;3;Segunda mano/buen estado;True;True;Distrito Centro;Madrid capital, Madrid;27.27;Piso
1650;piso;81;3;1;Segunda mano/buen estado;True;True;Distrito Centro;Madrid capital, Madrid;20.37;Piso
2687;dúplex;84;2;1;Segunda mano/buen estado;True;True;Distrito Centro;Madrid capital, Madrid;31.99;other
2600;piso;80;0;1;Segunda mano/buen estado;False;True;Distrito Centro;Madrid capital, Madrid;32.5;Piso
850;estudio;38;0;1;Segunda mano/buen estado;False;False;Distrito Centro;Madrid capital, Madrid;22.37;Piso
1750;piso;80;0;2;Segunda mano/buen estado;True;False;Distrito Centro;Madrid capital, Madrid;21.88;Piso
1195;dúplex;41;0;1;Segunda mano/buen estado;False;True;Distrito Centro;Madrid capital, Madrid;29.15;other
2500;piso;140;2;2;Segunda mano/buen estado;True;True;Distrito Centro;Madrid capital, Madrid;17.86;Piso
2600;piso;82;2;2;Segunda mano/buen estado;True;True;Distrito Centro;Madrid capital, Madrid;31.71;Piso
2100;piso;118;2;1;Segunda mano/buen estado;False;False;Distrito Centro;Madrid capital, Madrid;17.8;Piso
2250;piso;111;0;2;Segunda mano/buen estado;True;True;Distrito Centro;Madrid capital, Madrid;20.27;Piso
3475;piso;110;2;2;Segunda mano/buen estado;True;True;Distrito Centro;Madrid capital, Madrid;31.59;Piso
1750;piso;82;0;2;Segunda mano/buen estado;True;True;Distrito Centro;Madrid capital, Madrid;21.34;Piso
1850;piso;47;0;1;Segunda mano/buen estado;False;True;Distrito Centro;Madrid capital, Madrid;39.36;Piso
1895;piso;44;0;1;Segunda mano/buen estado;False;True;Distrito Centro;Madrid capital, Madrid;43.07;Piso
4050;piso;116;2;2;Segunda mano/buen estado;False;True;Distrito Centro;Madrid capital, Madrid;34.91;Piso
1950;piso;90;2;2;Segunda mano/buen estado;True;False;Distrito Centro;Madrid capital, Madrid;21.67;Piso
4500;piso;140;0;1;Segunda mano/buen estado;False;True;Distrito Centro;Madrid capital, Madrid;32.14;Piso
4000;piso;135;2;2;Segunda mano/buen estado;True;True;Distrito Centro;Madrid capital, Madrid;29.63;Piso
3450;piso;75;0;1;Segunda mano/buen estado;False;True;Distrito Centro;Madrid capital, Madrid;46.0;Piso
1400;piso;45;0;1;Segunda mano/buen estado;False;True;Distrito Centro;Madrid capital, Madrid;31.11;Piso
3500;piso;110;2;2;Segunda mano/buen estado;True;True;Distrito Centro;Madrid capital, Madrid;31.82;Piso
3500;piso;95;2;2;Segunda mano/buen estado;False;True;Distrito Centro;Madrid capital, Madrid;36.84;Piso
1400;piso;50;0;1;Segunda mano/buen estado;False;True;Distrito Centro;Madrid capital, Madrid;28.0;Piso
7000;piso;316;3;3;Segunda mano/buen estado;True;True;Distrito Centro;Madrid capital, Madrid;22.15;Piso
3350;piso;42;0;1;Segunda mano/buen estado;False;True;Distrito Centro;Madrid capital, Madrid;79.76;Piso
2400;piso;30;0;1;Segunda mano/buen estado;False;True;Distrito Centro;Madrid capital, Madrid;80.0;Piso
1200;estudio;23;0;1;Segunda mano/buen estado;False;False;Distrito Centro;Madrid capital, Madrid;52.17;Piso
2400;piso;30;0;1;Segunda mano/buen estado;False;True;Distrito Centro;Madrid capital, Madrid;80.0;Piso
4250;piso;91;3;3;Segunda mano/buen estado;False;True;Distrito Centro;Madrid capital, Madrid;46.7;Piso
1500;piso;85;0;1;Segunda mano/buen estado;True;True;Distrito Centro;Madrid capital, Madrid;17.65;Piso
2450;piso;50;0;1;Segunda mano/buen estado;False;True;Distrito Centro;Madrid capital, Madrid;49.0;Piso
1700;piso;55;0;1;Segunda mano/buen estado;False;True;Distrito Centro;Madrid capital, Madrid;30.91;Piso
1200;estudio;40;0;1;Segunda mano/buen estado;True;True;Distrito Centro;Madrid capital, Madrid;30.0;Piso
1299;piso;49;0;1;Segunda mano/buen estado;True;True;Distrito Centro;Madrid capital, Madrid;26.51;Piso
1600;piso;55;2;1;Segunda mano/buen estado;False;False;Distrito Centro;Madrid capital, Madrid;29.09;Piso
3400;piso;105;2;2;Segunda mano/buen estado;True;True;Distrito Centro;Madrid capital, Madrid;32.38;Piso
1500;estudio;50;0;1;Segunda mano/buen estado;False;False;Distrito Centro;Madrid capital, Madrid;30.0;Piso
1600;piso;101;2;2;Segunda mano/buen estado;False;False;Distrito Centro;Madrid capital, Madrid;15.84;Piso
850;estudio;32;0;1;Segunda mano/buen estado;False;False;Distrito Centro;Madrid capital, Madrid;26.56;Piso
1730;piso;65;0;1;Segunda mano/buen estado;False;False;Distrito Centro;Madrid capital, Madrid;26.62;Piso
950;piso;42;0;1;Segunda mano/buen estado;False;True;Distrito Centro;Madrid capital, Madrid;22.62;Piso
2395;piso;90;3;1;Segunda mano/buen estado;False;False;Distrito Centro;Madrid capital, Madrid;26.61;Piso
1100;piso;65;0;1;Segunda mano/buen estado;False;False;Distrito Centro;Madrid capital, Madrid;16.92;Piso
1300;piso;50;2;1;Segunda mano/buen estado;False;False;Distrito Centro;Madrid capital, Madrid;26.0;Piso
2400;piso;74;0;1;Segunda mano/buen estado;True;True;Distrito Centro;Madrid capital, Madrid;32.43;Piso
1400;piso;55;0;1;Segunda mano/buen estado;True;True;Distrito Centro;Madrid capital, Madrid;25.45;Piso
1580;piso;67;0;1;Segunda mano/buen estado;False;False;Distrito Centro;Madrid capital, Madrid;23.58;Piso
1500;piso;94;2;2;Segunda mano/buen estado;True;True;Distrito Centro;Madrid capital, Madrid;15.96;Piso
1800;piso;55;0;1;Segunda mano/buen estado;True;True;Distrito Centro;Madrid capital, Madrid;32.73;Piso
4900;piso;140;4;2;Segunda mano/buen estado;True;True;Distrito Centro;Madrid capital, Madrid;35.0;Piso
2000;piso;55;2;1;Segunda mano/buen estado;False;False;Distrito Centro;Madrid capital, Madrid;36.36;Piso
2245;piso;120;3;2;Segunda mano/buen estado;False;False;Distrito Centro;Madrid capital, Madrid;18.71;Piso
1800;piso;60;2;2;Segunda mano/buen estado;False;False;Distrito Centro;Madrid capital, Madrid;30.0;Piso
1595;piso;60;2;1;Segunda mano/buen estado;False;False;Distrito Centro;Madrid capital, Madrid;26.58;Piso
1300;piso;49;0;1;Segunda mano/buen estado;True;True;Distrito Centro;Madrid capital, Madrid;26.53;Piso
1600;piso;78;0;1;Segunda mano/buen estado;False;False;Distrito Centro;Madrid capital, Madrid;20.51;Piso
1550;piso;45;0;1;Segunda mano/buen estado;False;False;Distrito Centro;Madrid capital, Madrid;34.44;Piso
1300;piso;49;0;1;Segunda mano/buen estado;True;True;Distrito Centro;Madrid capital, Madrid;26.53;Piso
1595;piso;60;2;1;Segunda mano/buen estado;False;False;Distrito Centro;Madrid capital, Madrid;26.58;Piso
1500;piso;52;0;1;Segunda mano/buen estado;False;False;Distrito Centro;Madrid capital, Madrid;28.85;Piso
4000;piso;130;2;2;Segunda mano/buen estado;False;True;Distrito Centro;Madrid capital, Madrid;30.77;Piso
1850;piso;63;2;2;Segunda mano/buen estado;False;True;Distrito Centro;Madrid capital, Madrid;29.37;Piso
1690;piso;100;2;1;Segunda mano/buen estado;True;True;Distrito Centro;Madrid capital, Madrid;16.9;Piso
1700;estudio;43;0;1;Segunda mano/buen estado;False;True;Distrito Centro;Madrid capital, Madrid;39.53;Piso
3300;ático;119;0;2;Segunda mano/buen estado;True;True;Distrito Centro;Madrid capital, Madrid;27.73;Piso
6000;piso;323;4;3;Segunda mano/buen estado;True;True;Distrito Centro;Madrid capital, Madrid;18.58;Piso
1500;ático;68;0;1;Segunda mano/buen estado;False;True;Distrito Centro;Madrid capital, Madrid;22.06;Piso
1000;estudio;30;0;1;Segunda mano/buen estado;True;True;Distrito Centro;Madrid capital, Madrid;33.33;Piso
1395;piso;42;2;1;Segunda mano/buen estado;True;True;Distrito Centro;Madrid capital, Madrid;33.21;Piso
3200;piso;95;2;2;Segunda mano/buen estado;True;True;Distrito Centro;Madrid capital, Madrid;33.68;Piso
1755;piso;37;0;1;Segunda mano/buen estado;True;True;Distrito Centro;Madrid capital, Madrid;47.43;Piso
1250;estudio;45;0;1;Segunda mano/buen estado;False;False;Distrito Centro;Madrid capital, Madrid;27.78;Piso
1500;piso;65;2;2;Segunda mano/buen estado;True;True;Distrito Centro;Madrid capital, Madrid;23.08;Piso
1100;piso;48;0;1;Segunda mano/buen estado;True;True;Distrito Centro;Madrid capital, Madrid;22.92;Piso
1890;piso;70;0;1;Segunda mano/buen estado;False;True;Distrito Centro;Madrid capital, Madrid;27.0;Piso
1190;piso;53;2;1;Segunda mano/buen estado;False;True;Distrito Centro;Madrid capital, Madrid;22.45;Piso
1900;piso;59;2;1;Segunda mano/buen estado;False;True;Distrito Centro;Madrid capital, Madrid;32.2;Piso
1400;piso;50;0;1;Segunda mano/buen estado;False;True;Distrito Centro;Madrid capital, Madrid;28.0;Piso
1100;piso;40;0;1;Segunda mano/buen estado;False;False;Distrito Centro;Madrid capital, Madrid;27.5;Piso
1900;piso;86;0;1;Segunda mano/buen estado;False;True;Distrito Centro;Madrid capital, Madrid;22.09;Piso
2300;ático;109;0;2;Segunda mano/buen estado;True;True;Distrito Centro;Madrid capital, Madrid;21.1;Piso
1900;estudio;65;0;1;Segunda mano/buen estado;False;False;Distrito Centro;Madrid capital, Madrid;29.23;Piso
5200;piso;213;3;3;Segunda mano/buen estado;True;True;Distrito Centro;Madrid capital, Madrid;24.41;Piso
1150;piso;52;2;1;Segunda mano/buen estado;True;False;Distrito Centro;Madrid capital, Madrid;22.12;Piso
5000;piso;145;3;2;Segunda mano/buen estado;False;True;Distrito Centro;Madrid capital, Madrid;34.48;Piso
1900;piso;80;0;1;Segunda mano/buen estado;False;True;Distrito Centro;Madrid capital, Madrid;23.75;Piso
1900;piso;86;0;1;Segunda mano/buen estado;False;True;Distrito Centro;Madrid capital, Madrid;22.09;Piso
1100;piso;40;0;1;Segunda mano/buen estado;False;False;Distrito Centro;Madrid capital, Madrid;27.5;Piso
1900;piso;80;0;1;Segunda mano/buen estado;False;True;Distrito Centro;Madrid capital, Madrid;23.75;Piso
2100;piso;112;0;2;Segunda mano/buen estado;True;True;Distrito Centro;Madrid capital, Madrid;18.75;Piso
5000;piso;145;3;2;Segunda mano/buen estado;False;True;Distrito Centro;Madrid capital, Madrid;34.48;Piso
2768;piso;53;0;1;Segunda mano/buen estado;True;True;Distrito Centro;Madrid capital, Madrid;52.23;Piso
1620;piso;52;0;1;Segunda mano/buen estado;True;True;Distrito Centro;Madrid capital, Madrid;31.15;Piso
1750;ático;59;0;1;Segunda mano/buen estado;False;True;Distrito Centro;Madrid capital, Madrid;29.66;Piso
5185;piso;144;4;4;Segunda mano/buen estado;True;True;Distrito Centro;Madrid capital, Madrid;36.01;Piso
3250;piso;132;3;2;Segunda mano/buen estado;False;False;Distrito Centro;Madrid capital, Madrid;24.62;Piso
800;estudio;27;0;1;Segunda mano/buen estado;False;False;Distrito Centro;Madrid capital, Madrid;29.63;Piso
1360;estudio;40;0;1;Segunda mano/buen estado;True;True;Distrito Centro;Madrid capital, Madrid;34.0;Piso
2540;piso;116;2;2;Segunda mano/buen estado;False;True;Distrito Centro;Madrid capital, Madrid;21.9;Piso
1400;piso;50;2;1;Segunda mano/buen estado;False;True;Distrito Centro;Madrid capital, Madrid;28.0;Piso
1750;piso;50;2;1;Segunda mano/buen estado;True;True;Distrito Centro;Madrid capital, Madrid;35.0;Piso
4253;piso;188;2;1;Segunda mano/buen estado;True;True;Distrito Centro;Madrid capital, Madrid;22.62;Piso
4118;piso;155;3;3;Segunda mano/buen estado;True;True;Distrito Centro;Madrid capital, Madrid;26.57;Piso
1050;piso;50;0;1;Segunda mano/buen estado;True;False;Distrito Centro;Madrid capital, Madrid;21.0;Piso
2500;piso;120;2;2;Segunda mano/buen estado;True;True;Distrito Centro;Madrid capital, Madrid;20.83;Piso
3000;ático;89;2;2;Segunda mano/buen estado;False;True;Distrito Centro;Madrid capital, Madrid;33.71;Piso
1600;estudio;44;0;1;Segunda mano/buen estado;False;True;Distrito Centro;Madrid capital, Madrid;36.36;Piso
1350;piso;46;2;1;Segunda mano/buen estado;False;True;Distrito Centro;Madrid capital, Madrid;29.35;Piso
1300;piso;40;0;1;Segunda mano/buen estado;True;True;Distrito Centro;Madrid capital, Madrid;32.5;Piso
1000;estudio;70;0;1;Segunda mano/buen estado;True;False;Distrito Centro;Madrid capital, Madrid;14.29;Piso
1200;piso;45;0;1;Segunda mano/buen estado;True;True;Distrito Centro;Madrid capital, Madrid;26.67;Piso
2015;piso;80;0;1;Segunda mano/buen estado;True;True;Distrito Centro;Madrid capital, Madrid;25.19;Piso
2850;piso;110;3;2;Segunda mano/buen estado;False;True;Distrito Centro;Madrid capital, Madrid;25.91;Piso
20000;piso;673;6;3;Segunda mano/buen estado;False;True;Distrito Centro;Madrid capital, Madrid;29.72;Piso
1600;piso;61;0;1;Segunda mano/buen estado;True;True;Distrito Centro;Madrid capital, Madrid;26.23;Piso
3200;piso;33;0;1;Segunda mano/buen estado;False;True;Distrito Centro;Madrid capital, Madrid;96.97;Piso
1600;estudio;44;0;1;Segunda mano/buen estado;False;True;Distrito Centro;Madrid capital, Madrid;36.36;Piso
1600;piso;61;0;1;Segunda mano/buen estado;True;True;Distrito Centro;Madrid capital, Madrid;26.23;Piso
3200;piso;33;0;1;Segunda mano/buen estado;False;True;Distrito Centro;Madrid capital, Madrid;96.97;Piso
2250;piso;70;0;1;Segunda mano/buen estado;True;True;Distrito Centro;Madrid capital, Madrid;32.14;Piso
1600;piso;45;0;1;Segunda mano/buen estado;False;True;Distrito Centro;Madrid capital, Madrid;35.56;Piso
1900;piso;40;0;1;Segunda mano/buen estado;False;True;Distrito Centro;Madrid capital, Madrid;47.5;Piso
1180;estudio;25;0;1;Segunda mano/buen estado;True;False;Distrito Centro;Madrid capital, Madrid;47.2;Piso
1700;estudio;35;0;1;Segunda mano/buen estado;False;True;Distrito Centro;Madrid capital, Madrid;48.57;Piso
1700;estudio;35;0;1;Segunda mano/buen estado;False;True;Distrito Centro;Madrid capital, Madrid;48.57;Piso
1620;piso;54;0;1;Segunda mano/buen estado;True;True;Distrito Centro;Madrid capital, Madrid;30.0;Piso
2950;piso;90;2;2;Segunda mano/buen estado;True;True;Distrito Centro;Madrid capital, Madrid;32.78;Piso
2400;piso;90;2;1;Segunda mano/buen estado;False;True;Distrito Centro;Madrid capital, Madrid;26.67;Piso
2100;ático;94;0;1;Segunda mano/buen estado;False;True;Distrito Centro;Madrid capital, Madrid;22.34;Piso
3600;piso;90;2;3;Segunda mano/buen estado;True;True;Distrito Centro;Madrid capital, Madrid;40.0;Piso
2300;ático;98;2;1;Segunda mano/buen estado;True;True;Distrito Centro;Madrid capital, Madrid;23.47;Piso
1200;piso;34;0;1;Segunda mano/buen estado;False;True;Distrito Centro;Madrid capital, Madrid;35.29;Piso
1850;piso;73;0;1;Segunda mano/buen estado;False;True;Distrito Centro;Madrid capital, Madrid;25.34;Piso
1150;piso;60;0;1;Segunda mano/buen estado;True;False;Distrito Centro;Madrid capital, Madrid;19.17;Piso
3500;ático;127;2;3;Segunda mano/buen estado;False;True;Distrito Centro;Madrid capital, Madrid;27.56;Piso
980;piso;33;0;1;Segunda mano/buen estado;False;True;Distrito Centro;Madrid capital, Madrid;29.7;Piso
1800;piso;38;0;1;Segunda mano/buen estado;False;True;Distrito Centro;Madrid capital, Madrid;47.37;Piso
4500;piso;280;5;5;Segunda mano/buen estado;True;True;Distrito Centro;Madrid capital, Madrid;16.07;Piso
2250;piso;115;2;2;Segunda mano/buen estado;True;False;Distrito Centro;Madrid capital, Madrid;19.57;Piso
2300;piso;84;0;1;Segunda mano/buen estado;True;True;Distrito Centro;Madrid capital, Madrid;27.38;Piso
4950;piso;123;4;4;Segunda mano/buen estado;False;True;Distrito Centro;Madrid capital, Madrid;40.24;Piso
2600;piso;137;2;2;Segunda mano/buen estado;True;True;Distrito Centro;Madrid capital, Madrid;18.98;Piso
1500;piso;47;0;1;Segunda mano/buen estado;False;True;Distrito Centro;Madrid capital, Madrid;31.91;Piso
2500;ático;65;0;2;Segunda mano/buen estado;False;True;Distrito Centro;Madrid capital, Madrid;38.46;Piso
1850;ático;100;2;2;Segunda mano/buen estado;True;True;Distrito Centro;Madrid capital, Madrid;18.5;Piso
1600;piso;68;2;1;Segunda mano/buen estado;False;True;Distrito Centro;Madrid capital, Madrid;23.53;Piso
2790;ático;96;0;1;Segunda mano/buen estado;True;True;Distrito Centro;Madrid capital, Madrid;29.06;Piso
2900;piso;140;2;2;Segunda mano/buen estado;True;True;Distrito Centro;Madrid capital, Madrid;20.71;Piso
1500;piso;48;0;1;Segunda mano/buen estado;False;True;Distrito Centro;Madrid capital, Madrid;31.25;Piso
2700;ático;90;2;2;Segunda mano/buen estado;False;True;Distrito Centro;Madrid capital, Madrid;30.0;Piso
2500;piso;60;0;1;Segunda mano/buen estado;True;True;Distrito Centro;Madrid capital, Madrid;41.67;Piso
1850;ático;100;2;2;Segunda mano/buen estado;True;True;Distrito Centro;Madrid capital, Madrid;18.5;Piso
2600;piso;76;2;2;Segunda mano/buen estado;True;True;Distrito Centro;Madrid capital, Madrid;34.21;Piso
2950;piso;100;2;2;Segunda mano/buen estado;True;True;Distrito Centro;Madrid capital, Madrid;29.5;Piso
2700;piso;65;2;2;Segunda mano/buen estado;False;True;Distrito Centro;Madrid capital, Madrid;41.54;Piso
2500;ático;65;0;2;Segunda mano/buen estado;False;True;Distrito Centro;Madrid capital, Madrid;38.46;Piso
1500;piso;47;0;1;Segunda mano/buen estado;False;True;Distrito Centro;Madrid capital, Madrid;31.91;Piso
1600;piso;68;2;1;Segunda mano/buen estado;False;True;Distrito Centro;Madrid capital, Madrid;23.53;Piso
1850;piso;48;2;1;Segunda mano/buen estado;True;True;Distrito Centro;Madrid capital, Madrid;38.54;Piso
1600;piso;55;0;1;Segunda mano/buen estado;True;True;Distrito Centro;Madrid capital, Madrid;29.09;Piso
2200;piso;67;2;1;Segunda mano/buen estado;True;True;Distrito Centro;Madrid capital, Madrid;32.84;Piso
3105;piso;64;2;2;Segunda mano/buen estado;True;True;Distrito Centro;Madrid capital, Madrid;48.52;Piso
3645;piso;150;2;2;Segunda mano/buen estado;True;True;Distrito Centro;Madrid capital, Madrid;24.3;Piso
1600;piso;50;0;1;Segunda mano/buen estado;False;True;Distrito Centro;Madrid capital, Madrid;32.0;Piso
4455;piso;156;3;3;Segunda mano/buen estado;True;True;Distrito Centro;Madrid capital, Madrid;28.56;Piso
800;estudio;32;0;1;Segunda mano/buen estado;True;False;Distrito Centro;Madrid capital, Madrid;25.0;Piso
2600;piso;70;2;1;Segunda mano/buen estado;True;True;Distrito Centro;Madrid capital, Madrid;37.14;Piso
1796;piso;44;0;1;Segunda mano/buen estado;True;True;Distrito Centro;Madrid capital, Madrid;40.82;Piso
3240;piso;79;2;2;Segunda mano/buen estado;True;True;Distrito Centro;Madrid capital, Madrid;41.01;Piso
1796;estudio;35;0;1;Segunda mano/buen estado;True;True;Distrito Centro;Madrid capital, Madrid;51.31;Piso
2745;piso;83;2;2;Segunda mano/buen estado;True;True;Distrito Centro;Madrid capital, Madrid;33.07;Piso
2066;dúplex;83;0;1;Segunda mano/buen estado;True;True;Distrito Centro;Madrid capital, Madrid;24.89;other
925;estudio;32;0;1;Segunda mano/buen estado;True;True;Distrito Centro;Madrid capital, Madrid;28.91;Piso
4253;piso;189;3;3;Segunda mano/buen estado;True;True;Distrito Centro;Madrid capital, Madrid;22.5;Piso
1250;piso;48;0;1;Segunda mano/buen estado;True;True;Distrito Centro;Madrid capital, Madrid;26.04;Piso
1800;piso;50;0;1;Segunda mano/buen estado;True;True;Distrito Centro;Madrid capital, Madrid;36.0;Piso
925;estudio;32;0;1;Segunda mano/buen estado;True;True;Distrito Centro;Madrid capital, Madrid;28.91;Piso
3240;piso;79;2;2;Segunda mano/buen estado;True;True;Distrito Centro;Madrid capital, Madrid;41.01;Piso
1390;piso;52;2;1;Segunda mano/buen estado;True;True;Distrito Centro;Madrid capital, Madrid;26.73;Piso
2600;piso;70;2;1;Segunda mano/buen estado;True;True;Distrito Centro;Madrid capital, Madrid;37.14;Piso
3105;piso;96;2;2;Segunda mano/buen estado;True;True;Distrito Centro;Madrid capital, Madrid;32.34;Piso
1800;piso;50;0;1;Segunda mano/buen estado;True;True;Distrito Centro;Madrid capital, Madrid;36.0;Piso
3645;piso;150;2;2;Segunda mano/buen estado;True;True;Distrito Centro;Madrid capital, Madrid;24.3;Piso
2745;piso;83;2;2;Segunda mano/buen estado;True;True;Distrito Centro;Madrid capital, Madrid;33.07;Piso
2995;piso;94;3;2;Segunda mano/buen estado;True;True;Distrito Centro;Madrid capital, Madrid;31.86;Piso
4617;piso;171;4;4;Segunda mano/buen estado;True;True;Distrito Centro;Madrid capital, Madrid;27.0;Piso
2200;piso;74;2;2;Segunda mano/buen estado;True;True;Distrito Centro;Madrid capital, Madrid;29.73;Piso
1300;piso;65;0;1;Segunda mano/buen estado;False;False;Distrito Centro;Madrid capital, Madrid;20.0;Piso
1200;piso;48;0;1;Segunda mano/buen estado;True;False;Distrito Centro;Madrid capital, Madrid;25.0;Piso
1400;piso;60;0;1;Segunda mano/buen estado;True;True;Distrito Centro;Madrid capital, Madrid;23.33;Piso
1900;piso;93;2;2;Segunda mano/buen estado;False;True;Distrito Centro;Madrid capital, Madrid;20.43;Piso
3800;piso;131;2;3;Segunda mano/buen estado;True;True;Distrito Centro;Madrid capital, Madrid;29.01;Piso
2600;piso;65;2;2;Segunda mano/buen estado;True;True;Distrito Centro;Madrid capital, Madrid;40.0;Piso
1300;piso;60;0;1;Segunda mano/buen estado;True;False;Distrito Centro;Madrid capital, Madrid;21.67;Piso
1600;piso;60;0;1;Segunda mano/buen estado;True;True;Distrito Centro;Madrid capital, Madrid;26.67;Piso
1100;estudio;50;0;1;Segunda mano/buen estado;False;False;Distrito Centro;Madrid capital, Madrid;22.0;Piso
3500;ático;187;3;3;Segunda mano/buen estado;False;True;Distrito Centro;Madrid capital, Madrid;18.72;Piso
1275;estudio;40;0;1;Segunda mano/buen estado;False;False;Distrito Centro;Madrid capital, Madrid;31.88;Piso
990;piso;38;0;1;Segunda mano/buen estado;False;False;Distrito Centro;Madrid capital, Madrid;26.05;Piso
1470;piso;32;0;1;Segunda mano/buen estado;False;False;Distrito Centro;Madrid capital, Madrid;45.94;Piso
1200;piso;44;2;1;Segunda mano/buen estado;False;True;Distrito Centro;Madrid capital, Madrid;27.27;Piso
800;estudio;27;0;1;Segunda mano/buen estado;False;True;Distrito Centro;Madrid capital, Madrid;29.63;Piso
1200;piso;45;0;1;Segunda mano/buen estado;True;False;Distrito Centro;Madrid capital, Madrid;26.67;Piso
1500;ático;65;2;1;Segunda mano/buen estado;True;True;Distrito Centro;Madrid capital, Madrid;23.08;Piso
2500;piso;92;2;2;Segunda mano/buen estado;True;True;Distrito Centro;Madrid capital, Madrid;27.17;Piso
1300;piso;40;0;1;Segunda mano/buen estado;False;True;Distrito Centro;Madrid capital, Madrid;32.5;Piso
1450;estudio;67;0;1;Segunda mano/buen estado;False;False;Distrito Centro;Madrid capital, Madrid;21.64;Piso
1200;piso;44;2;1;Segunda mano/buen estado;False;True;Distrito Centro;Madrid capital, Madrid;27.27;Piso
1300;dúplex;33;0;1;Segunda mano/buen estado;True;False;Distrito Centro;Madrid capital, Madrid;39.39;other
1470;piso;32;0;1;Segunda mano/buen estado;False;False;Distrito Centro;Madrid capital, Madrid;45.94;Piso
3400;piso;110;4;2;Segunda mano/buen estado;True;True;Distrito Centro;Madrid capital, Madrid;30.91;Piso
1200;piso;45;0;1;Segunda mano/buen estado;True;False;Distrito Centro;Madrid capital, Madrid;26.67;Piso
2500;piso;92;2;2;Segunda mano/buen estado;True;True;Distrito Centro;Madrid capital, Madrid;27.17;Piso
800;estudio;27;0;1;Segunda mano/buen estado;False;True;Distrito Centro;Madrid capital, Madrid;29.63;Piso
1700;piso;62;2;1;Segunda mano/buen estado;True;True;Distrito Centro;Madrid capital, Madrid;27.42;Piso
4250;piso;130;3;2;Segunda mano/buen estado;True;True;Distrito Centro;Madrid capital, Madrid;32.69;Piso
3390;piso;116;2;2;Segunda mano/buen estado;True;True;Distrito Centro;Madrid capital, Madrid;29.22;Piso
2120;piso;85;0;1;Segunda mano/buen estado;True;True;Distrito Centro;Madrid capital, Madrid;24.94;Piso
2850;piso;96;3;2;Segunda mano/buen estado;True;True;Distrito Centro;Madrid capital, Madrid;29.69;Piso
1390;piso;52;2;1;Segunda mano/buen estado;True;True;Distrito Centro;Madrid capital, Madrid;26.73;Piso
1820;piso;53;0;1;Segunda mano/buen estado;True;True;Distrito Centro;Madrid capital, Madrid;34.34;Piso
4565;piso;185;3;2;Segunda mano/buen estado;True;True;Distrito Centro;Madrid capital, Madrid;24.68;Piso
2870;piso;110;2;2;Segunda mano/buen estado;True;True;Distrito Centro;Madrid capital, Madrid;26.09;Piso
4045;piso;108;3;3;Segunda mano/buen estado;True;True;Distrito Centro;Madrid capital, Madrid;37.45;Piso
3500;piso;110;2;2;Segunda mano/buen estado;True;True;Distrito Centro;Madrid capital, Madrid;31.82;Piso
4500;piso;120;2;3;Segunda mano/buen estado;False;True;Distrito Centro;Madrid capital, Madrid;37.5;Piso
2760;piso;75;0;1;Segunda mano/buen estado;True;True;Distrito Centro;Madrid capital, Madrid;36.8;Piso
3095;ático;100;2;2;Segunda mano/buen estado;True;True;Distrito Centro;Madrid capital, Madrid;30.95;Piso
3120;ático;76;2;2;Segunda mano/buen estado;True;True;Distrito Centro;Madrid capital, Madrid;41.05;Piso
2800;piso;140;3;2;Segunda mano/buen estado;True;True;Distrito Centro;Madrid capital, Madrid;20.0;Piso
3695;piso;67;0;1;Segunda mano/buen estado;True;True;Distrito Centro;Madrid capital, Madrid;55.15;Piso
2850;dúplex;75;2;1;Segunda mano/buen estado;False;False;Distrito Centro;Madrid capital, Madrid;38.0;other
4935;piso;183;4;3;Segunda mano/buen estado;True;False;Distrito Centro;Madrid capital, Madrid;26.97;Piso
4055;piso;108;3;3;Segunda mano/buen estado;True;True;Distrito Centro;Madrid capital, Madrid;37.55;Piso
3045;piso;62;2;1;Segunda mano/buen estado;True;True;Distrito Centro;Madrid capital, Madrid;49.11;Piso
2910;piso;90;0;2;Segunda mano/buen estado;True;True;Distrito Centro;Madrid capital, Madrid;32.33;Piso
2870;piso;110;2;2;Segunda mano/buen estado;True;True;Distrito Centro;Madrid capital, Madrid;26.09;Piso
2920;piso;65;2;1;Segunda mano/buen estado;True;True;Distrito Centro;Madrid capital, Madrid;44.92;Piso
3790;piso;108;2;3;Segunda mano/buen estado;True;True;Distrito Centro;Madrid capital, Madrid;35.09;Piso
4515;piso;175;3;3;Segunda mano/buen estado;True;True;Distrito Centro;Madrid capital, Madrid;25.8;Piso
3695;piso;67;0;1;Segunda mano/buen estado;True;True;Distrito Centro;Madrid capital, Madrid;55.15;Piso
2800;piso;140;3;2;Segunda mano/buen estado;True;True;Distrito Centro;Madrid capital, Madrid;20.0;Piso
2415;piso;70;0;1;Segunda mano/buen estado;True;True;Distrito Centro;Madrid capital, Madrid;34.5;Piso
3500;piso;110;2;2;Segunda mano/buen estado;True;True;Distrito Centro;Madrid capital, Madrid;31.82;Piso
3095;ático;100;2;2;Segunda mano/buen estado;True;True;Distrito Centro;Madrid capital, Madrid;30.95;Piso
2760;piso;75;0;1;Segunda mano/buen estado;True;True;Distrito Centro;Madrid capital, Madrid;36.8;Piso
4500;piso;120;2;3;Segunda mano/buen estado;False;True;Distrito Centro;Madrid capital, Madrid;37.5;Piso
3295;piso;120;2;3;Segunda mano/buen estado;True;True;Distrito Centro;Madrid capital, Madrid;27.46;Piso
4270;piso;128;4;3;Segunda mano/buen estado;True;True;Distrito Centro;Madrid capital, Madrid;33.36;Piso
3885;piso;100;2;2;Segunda mano/buen estado;True;True;Distrito Centro;Madrid capital, Madrid;38.85;Piso
2110;piso;50;0;1;Segunda mano/buen estado;True;True;Distrito Centro;Madrid capital, Madrid;42.2;Piso
1600;piso;69;0;1;Segunda mano/buen estado;True;True;Distrito Centro;Madrid capital, Madrid;23.19;Piso
1915;piso;50;0;1;Segunda mano/buen estado;True;True;Distrito Centro;Madrid capital, Madrid;38.3;Piso
2895;piso;100;2;2;Segunda mano/buen estado;True;True;Distrito Centro;Madrid capital, Madrid;28.95;Piso
2995;piso;75;2;1;Segunda mano/buen estado;True;True;Distrito Centro;Madrid capital, Madrid;39.93;Piso
1650;piso;50;0;1;Segunda mano/buen estado;True;True;Distrito Centro;Madrid capital, Madrid;33.0;Piso
4565;piso;185;3;2;Segunda mano/buen estado;True;True;Distrito Centro;Madrid capital, Madrid;24.68;Piso
3120;ático;76;2;2;Segunda mano/buen estado;True;True;Distrito Centro;Madrid capital, Madrid;41.05;Piso
4055;piso;108;3;3;Segunda mano/buen estado;True;True;Distrito Centro;Madrid capital, Madrid;37.55;Piso
4005;piso;115;3;3;Segunda mano/buen estado;True;True;Distrito Centro;Madrid capital, Madrid;34.83;Piso
4250;piso;130;3;2;Segunda mano/buen estado;True;True;Distrito Centro;Madrid capital, Madrid;32.69;Piso
4935;piso;183;4;3;Segunda mano/buen estado;True;False;Distrito Centro;Madrid capital, Madrid;26.97;Piso
2720;ático;62;0;1;Segunda mano/buen estado;True;True;Distrito Centro;Madrid capital, Madrid;43.87;Piso
2585;piso;40;0;1;Segunda mano/buen estado;True;True;Distrito Centro;Madrid capital, Madrid;64.62;Piso
2000;piso;94;2;2;Segunda mano/buen estado;True;True;Distrito Centro;Madrid capital, Madrid;21.28;Piso
1750;piso;98;2;1;Segunda mano/buen estado;False;False;Distrito Centro;Madrid capital, Madrid;17.86;Piso
1400;piso;70;0;1;Segunda mano/buen estado;True;True;Distrito Centro;Madrid capital, Madrid;20.0;Piso
1750;piso;98;2;1;Segunda mano/buen estado;False;False;Distrito Centro;Madrid capital, Madrid;17.86;Piso
975;piso;40;0;1;Segunda mano/buen estado;True;True;Distrito Centro;Madrid capital, Madrid;24.38;Piso
2900;dúplex;95;2;2;Segunda mano/buen estado;True;True;Distrito Centro;Madrid capital, Madrid;30.53;other
2000;piso;64;0;1;Segunda mano/buen estado;True;True;Distrito Centro;Madrid capital, Madrid;31.25;Piso
2200;ático;63;2;1;Segunda mano/buen estado;True;True;Distrito Centro;Madrid capital, Madrid;34.92;Piso
1490;piso;51;2;2;Segunda mano/buen estado;False;True;Distrito Centro;Madrid capital, Madrid;29.22;Piso
1500;piso;66;0;1;Segunda mano/buen estado;True;True;Distrito Centro;Madrid capital, Madrid;22.73;Piso
3000;ático;110;3;1;Segunda mano/buen estado;True;True;Distrito Centro;Madrid capital, Madrid;27.27;Piso
2295;piso;85;3;2;Segunda mano/buen estado;True;True;Distrito Centro;Madrid capital, Madrid;27.0;Piso
2000;piso;94;2;2;Segunda mano/buen estado;True;True;Distrito Centro;Madrid capital, Madrid;21.28;Piso
1900;piso;40;0;1;Segunda mano/buen estado;False;False;Distrito Centro;Madrid capital, Madrid;47.5;Piso
950;piso;37;0;1;Segunda mano/buen estado;False;False;Distrito Centro;Madrid capital, Madrid;25.68;Piso
4900;piso;140;4;2;Segunda mano/buen estado;True;True;Distrito Centro;Madrid capital, Madrid;35.0;Piso
2000;piso;82;2;2;Segunda mano/buen estado;True;True;Distrito Centro;Madrid capital, Madrid;24.39;Piso
3200;piso;87;2;2;Segunda mano/buen estado;True;True;Distrito Centro;Madrid capital, Madrid;36.78;Piso
1185;estudio;48;0;1;Segunda mano/buen estado;False;True;Distrito Centro;Madrid capital, Madrid;24.69;Piso
1200;piso;40;0;1;Segunda mano/buen estado;True;True;Distrito Centro;Madrid capital, Madrid;30.0;Piso
1755;piso;43;0;1;Segunda mano/buen estado;True;True;Distrito Centro;Madrid capital, Madrid;40.81;Piso
1050;estudio;59;0;1;Segunda mano/buen estado;True;False;Distrito Centro;Madrid capital, Madrid;17.8;Piso
1600;estudio;40;0;1;Segunda mano/buen estado;False;True;Distrito Centro;Madrid capital, Madrid;40.0;Piso
1415;piso;65;2;1;Segunda mano/buen estado;True;True;Distrito Centro;Madrid capital, Madrid;21.77;Piso
1755;piso;44;0;1;Segunda mano/buen estado;True;True;Distrito Centro;Madrid capital, Madrid;39.89;Piso
2995;piso;92;3;2;Segunda mano/buen estado;True;True;Distrito Centro;Madrid capital, Madrid;32.55;Piso
2400;piso;40;0;1;Segunda mano/buen estado;False;True;Distrito Centro;Madrid capital, Madrid;60.0;Piso
1500;piso;50;0;1;Segunda mano/buen estado;True;False;Distrito Centro;Madrid capital, Madrid;30.0;Piso
1135;piso;43;0;1;Segunda mano/buen estado;True;True;Distrito Centro;Madrid capital, Madrid;26.4;Piso
2500;ático;100;0;1;Segunda mano/buen estado;True;True;Distrito Centro;Madrid capital, Madrid;25.0;Piso
2300;piso;94;2;2;Segunda mano/buen estado;True;False;Distrito Centro;Madrid capital, Madrid;24.47;Piso
1755;piso;55;0;1;Segunda mano/buen estado;True;True;Distrito Centro;Madrid capital, Madrid;31.91;Piso
1755;piso;43;0;1;Segunda mano/buen estado;True;True;Distrito Centro;Madrid capital, Madrid;40.81;Piso
3800;piso;131;2;3;Segunda mano/buen estado;True;True;Distrito Centro;Madrid capital, Madrid;29.01;Piso
1595;piso;68;2;1;Segunda mano/buen estado;True;True;Distrito Centro;Madrid capital, Madrid;23.46;Piso
1900;piso;65;2;2;Segunda mano/buen estado;True;True;Distrito Centro;Madrid capital, Madrid;29.23;Piso
1135;piso;43;0;1;Segunda mano/buen estado;True;True;Distrito Centro;Madrid capital, Madrid;26.4;Piso
1755;piso;44;0;1;Segunda mano/buen estado;True;True;Distrito Centro;Madrid capital, Madrid;39.89;Piso
1050;estudio;59;0;1;Segunda mano/buen estado;True;False;Distrito Centro;Madrid capital, Madrid;17.8;Piso
2500;ático;100;0;1;Segunda mano/buen estado;True;True;Distrito Centro;Madrid capital, Madrid;25.0;Piso
1755;piso;50;0;1;Segunda mano/buen estado;True;True;Distrito Centro;Madrid capital, Madrid;35.1;Piso
1415;piso;65;2;1;Segunda mano/buen estado;True;True;Distrito Centro;Madrid capital, Madrid;21.77;Piso
2300;piso;94;2;2;Segunda mano/buen estado;True;False;Distrito Centro;Madrid capital, Madrid;24.47;Piso
990;piso;45;0;1;Segunda mano/buen estado;True;False;Distrito Centro;Madrid capital, Madrid;22.0;Piso
2000;piso;82;2;2;Segunda mano/buen estado;True;True;Distrito Centro;Madrid capital, Madrid;24.39;Piso
3200;piso;95;2;2;Segunda mano/buen estado;True;True;Distrito Centro;Madrid capital, Madrid;33.68;Piso
1150;piso;32;2;1;Segunda mano/buen estado;True;True;Distrito Centro;Madrid capital, Madrid;35.94;Piso
4000;piso;152;3;2;Segunda mano/buen estado;True;True;Distrito Centro;Madrid capital, Madrid;26.32;Piso
11000;piso;557;5;6;Segunda mano/buen estado;True;True;Distrito Centro;Madrid capital, Madrid;19.75;Piso
1700;piso;40;2;1;Segunda mano/buen estado;False;False;Distrito Centro;Madrid capital, Madrid;42.5;Piso
1995;piso;40;0;1;Segunda mano/buen estado;True;False;Distrito Centro;Madrid capital, Madrid;49.88;Piso
1095;estudio;35;0;1;Segunda mano/buen estado;True;True;Distrito Centro;Madrid capital, Madrid;31.29;Piso
1850;piso;75;0;1;Segunda mano/buen estado;True;True;Distrito Centro;Madrid capital, Madrid;24.67;Piso
1750;estudio;52;0;1;Segunda mano/buen estado;True;True;Distrito Centro;Madrid capital, Madrid;33.65;Piso
2500;piso;92;2;2;Segunda mano/buen estado;True;True;Distrito Centro;Madrid capital, Madrid;27.17;Piso
1515;piso;56;2;1;Segunda mano/buen estado;False;True;Distrito Centro;Madrid capital, Madrid;27.05;Piso
1850;piso;69;0;1;Segunda mano/buen estado;True;True;Distrito Centro;Madrid capital, Madrid;26.81;Piso
4750;piso;137;3;2;Segunda mano/buen estado;False;False;Distrito Centro;Madrid capital, Madrid;34.67;Piso
1755;piso;54;0;1;Segunda mano/buen estado;True;True;Distrito Centro;Madrid capital, Madrid;32.5;Piso
900;estudio;21;0;1;Segunda mano/buen estado;False;False;Distrito Centro;Madrid capital, Madrid;42.86;Piso
1500;piso;40;0;1;Segunda mano/buen estado;True;True;Distrito Centro;Madrid capital, Madrid;37.5;Piso
1150;estudio;23;0;1;Segunda mano/buen estado;True;True;Distrito Centro;Madrid capital, Madrid;50.0;Piso
1400;piso;100;2;2;Segunda mano/buen estado;True;True;Distrito Centro;Madrid capital, Madrid;14.0;Piso
1040;estudio;31;0;1;Segunda mano/buen estado;True;True;Distrito Centro;Madrid capital, Madrid;33.55;Piso
2800;ático;160;2;2;Segunda mano/buen estado;False;True;Distrito Centro;Madrid capital, Madrid;17.5;Piso
2000;piso;90;2;2;Segunda mano/buen estado;True;True;Distrito Centro;Madrid capital, Madrid;22.22;Piso
1790;piso;65;2;1;Segunda mano/buen estado;True;True;Distrito Centro;Madrid capital, Madrid;27.54;Piso
1400;piso;65;0;1;Segunda mano/buen estado;False;False;Distrito Centro;Madrid capital, Madrid;21.54;Piso
1100;estudio;37;0;1;Segunda mano/buen estado;True;True;Distrito Centro;Madrid capital, Madrid;29.73;Piso
1400;ático;55;2;1;Segunda mano/buen estado;True;True;Distrito Centro;Madrid capital, Madrid;25.45;Piso
2400;piso;60;0;1;Segunda mano/buen estado;True;True;Distrito Centro;Madrid capital, Madrid;40.0;Piso
950;piso;45;0;1;Segunda mano/buen estado;True;True;Distrito Centro;Madrid capital, Madrid;21.11;Piso
2500;piso;110;2;1;Segunda mano/buen estado;True;True;Distrito Centro;Madrid capital, Madrid;22.73;Piso
1650;piso;50;2;1;Segunda mano/buen estado;True;True;Distrito Centro;Madrid capital, Madrid;33.0;Piso
1100;estudio;25;0;1;Segunda mano/buen estado;True;False;Distrito Centro;Madrid capital, Madrid;44.0;Piso
4495;piso;100;2;2;Segunda mano/buen estado;True;True;Distrito Centro;Madrid capital, Madrid;44.95;Piso
800;estudio;30;0;1;Segunda mano/buen estado;True;True;Distrito Centro;Madrid capital, Madrid;26.67;Piso
3750;dúplex;170;2;4;Segunda mano/buen estado;True;True;Distrito Centro;Madrid capital, Madrid;22.06;other
5200;piso;154;2;2;Segunda mano/buen estado;True;True;Distrito Centro;Madrid capital, Madrid;33.77;Piso
4460;piso;161;2;2;Segunda mano/buen estado;False;False;Distrito Centro;Madrid capital, Madrid;27.7;Piso
2400;piso;50;0;1;Segunda mano/buen estado;True;True;Distrito Centro;Madrid capital, Madrid;48.0;Piso
5500;piso;144;2;2;Segunda mano/buen estado;True;True;Distrito Centro;Madrid capital, Madrid;38.19;Piso
950;estudio;38;0;1;Segunda mano/buen estado;True;True;Distrito Centro;Madrid capital, Madrid;25.0;Piso
1090;estudio;29;0;1;Segunda mano/buen estado;True;False;Distrito Centro;Madrid capital, Madrid;37.59;Piso
1000;dúplex;22;0;1;Segunda mano/buen estado;False;True;Distrito Centro;Madrid capital, Madrid;45.45;other
2000;piso;58;2;1;Segunda mano/buen estado;False;True;Distrito Centro;Madrid capital, Madrid;34.48;Piso
1755;piso;45;0;1;Segunda mano/buen estado;True;True;Distrito Centro;Madrid capital, Madrid;39.0;Piso
1650;piso;56;0;1;Segunda mano/buen estado;True;True;Distrito Centro;Madrid capital, Madrid;29.46;Piso
3000;dúplex;150;0;1;Segunda mano/buen estado;True;True;Distrito Centro;Madrid capital, Madrid;20.0;other
2290;piso;115;2;2;Segunda mano/buen estado;True;True;Distrito Centro;Madrid capital, Madrid;19.91;Piso
1500;dúplex;56;0;1;Segunda mano/buen estado;True;True;Distrito Centro;Madrid capital, Madrid;26.79;other
1950;piso;65;2;1;Segunda mano/buen estado;True;False;Distrito Centro;Madrid capital, Madrid;30.0;Piso
1250;piso;59;0;1;Segunda mano/buen estado;True;True;Distrito Centro;Madrid capital, Madrid;21.19;Piso
1750;piso;54;0;1;Segunda mano/buen estado;False;True;Distrito Centro;Madrid capital, Madrid;32.41;Piso
2000;piso;58;2;1;Segunda mano/buen estado;False;True;Distrito Centro;Madrid capital, Madrid;34.48;Piso
1755;piso;45;0;1;Segunda mano/buen estado;True;True;Distrito Centro;Madrid capital, Madrid;39.0;Piso
1500;piso;70;2;1;Segunda mano/buen estado;True;True;Distrito Centro;Madrid capital, Madrid;21.43;Piso
1000;dúplex;22;0;1;Segunda mano/buen estado;False;True;Distrito Centro;Madrid capital, Madrid;45.45;other
3999;piso;118;2;2;Segunda mano/buen estado;True;True;Distrito Centro;Madrid capital, Madrid;33.89;Piso
2400;piso;74;3;2;Segunda mano/buen estado;False;True;Distrito Centro;Madrid capital, Madrid;32.43;Piso
1215;piso;27;0;1;Segunda mano/buen estado;True;False;Distrito Centro;Madrid capital, Madrid;45.0;Piso
915;estudio;30;0;1;Segunda mano/buen estado;True;True;Distrito Centro;Madrid capital, Madrid;30.5;Piso
1535;ático;50;2;1;Segunda mano/buen estado;True;False;Distrito Centro;Madrid capital, Madrid;30.7;Piso
1200;piso;44;0;1;Segunda mano/buen estado;True;True;Distrito Centro;Madrid capital, Madrid;27.27;Piso
3999;piso;104;3;3;Segunda mano/buen estado;True;True;Distrito Centro;Madrid capital, Madrid;38.45;Piso
1015;piso;40;0;1;Segunda mano/buen estado;False;True;Distrito Centro;Madrid capital, Madrid;25.38;Piso
3999;piso;93;2;2;Segunda mano/buen estado;True;True;Distrito Centro;Madrid capital, Madrid;43.0;Piso
4399;piso;111;3;3;Segunda mano/buen estado;True;True;Distrito Centro;Madrid capital, Madrid;39.63;Piso
2900;piso;110;3;2;Segunda mano/buen estado;True;True;Distrito Centro;Madrid capital, Madrid;26.36;Piso
6799;piso;193;4;4;Segunda mano/buen estado;True;True;Distrito Centro;Madrid capital, Madrid;35.23;Piso
1550;piso;65;0;1;Segunda mano/buen estado;True;True;Distrito Centro;Madrid capital, Madrid;23.85;Piso
3800;piso;102;3;3;Segunda mano/buen estado;True;True;Distrito Centro;Madrid capital, Madrid;37.25;Piso
2090;piso;67;2;1;Segunda mano/buen estado;True;True;Distrito Centro;Madrid capital, Madrid;31.19;Piso
6800;piso;110;4;4;Segunda mano/buen estado;True;True;Distrito Centro;Madrid capital, Madrid;61.82;Piso
1500;piso;82;2;1;Segunda mano/buen estado;True;False;Distrito Centro;Madrid capital, Madrid;18.29;Piso
3495;piso;71;0;2;Segunda mano/buen estado;True;True;Distrito Centro;Madrid capital, Madrid;49.23;Piso
795;estudio;35;0;1;Segunda mano/buen estado;True;False;Distrito Centro;Madrid capital, Madrid;22.71;Piso
900;estudio;40;0;1;Segunda mano/buen estado;True;False;Distrito Centro;Madrid capital, Madrid;22.5;Piso
3060;piso;115;3;3;Segunda mano/buen estado;True;True;Distrito Centro;Madrid capital, Madrid;26.61;Piso
3500;piso;100;2;2;Segunda mano/buen estado;True;True;Distrito Centro;Madrid capital, Madrid;35.0;Piso
1999;estudio;45;0;1;Segunda mano/buen estado;False;True;Distrito Centro;Madrid capital, Madrid;44.42;Piso
3200;piso;126;2;2;Segunda mano/buen estado;True;True;Distrito Centro;Madrid capital, Madrid;25.4;Piso
1935;ático;45;0;1;Segunda mano/buen estado;True;True;Distrito Centro;Madrid capital, Madrid;43.0;Piso
1500;piso;40;0;1;Segunda mano/buen estado;True;False;Distrito Centro;Madrid capital, Madrid;37.5;Piso
2400;piso;45;0;1;Segunda mano/buen estado;False;True;Distrito Centro;Madrid capital, Madrid;53.33;Piso
1890;estudio;37;0;1;Segunda mano/buen estado;True;True;Distrito Centro;Madrid capital, Madrid;51.08;Piso
2300;piso;60;0;1;Segunda mano/buen estado;True;True;Distrito Centro;Madrid capital, Madrid;38.33;Piso
1650;piso;50;2;1;Segunda mano/buen estado;True;True;Distrito Centro;Madrid capital, Madrid;33.0;Piso
1300;piso;52;0;1;Segunda mano/buen estado;True;True;Distrito Centro;Madrid capital, Madrid;25.0;Piso
3300;piso;102;3;2;Segunda mano/buen estado;False;False;Distrito Centro;Madrid capital, Madrid;32.35;Piso
3300;piso;102;3;2;Segunda mano/buen estado;False;False;Distrito Centro;Madrid capital, Madrid;32.35;Piso
990;piso;45;0;1;Segunda mano/buen estado;False;True;Distrito Centro;Madrid capital, Madrid;22.0;Piso
3300;piso;102;3;2;Segunda mano/buen estado;False;False;Distrito Centro;Madrid capital, Madrid;32.35;Piso
2400;piso;45;0;1;Segunda mano/buen estado;False;True;Distrito Centro;Madrid capital, Madrid;53.33;Piso
1999;estudio;45;0;1;Segunda mano/buen estado;False;True;Distrito Centro;Madrid capital, Madrid;44.42;Piso
1950;piso;58;2;1;Segunda mano/buen estado;False;False;Distrito Centro;Madrid capital, Madrid;33.62;Piso
2400;piso;45;0;1;Segunda mano/buen estado;False;True;Distrito Centro;Madrid capital, Madrid;53.33;Piso
3780;piso;80;0;1;Segunda mano/buen estado;True;True;Distrito Centro;Madrid capital, Madrid;47.25;Piso
1150;piso;38;0;1;Segunda mano/buen estado;True;True;Distrito Centro;Madrid capital, Madrid;30.26;Piso
2700;piso;130;2;2;Segunda mano/buen estado;True;True;Distrito Centro;Madrid capital, Madrid;20.77;Piso
2000;piso;68;0;1;Segunda mano/buen estado;False;False;Distrito Centro;Madrid capital, Madrid;29.41;Piso
3500;piso;121;2;3;Segunda mano/buen estado;True;True;Distrito Centro;Madrid capital, Madrid;28.93;Piso
2300;ático;88;2;2;Segunda mano/buen estado;True;True;Distrito Centro;Madrid capital, Madrid;26.14;Piso
3300;piso;75;3;2;Segunda mano/buen estado;False;True;Distrito Centro;Madrid capital, Madrid;44.0;Piso
1100;piso;25;0;1;Segunda mano/buen estado;True;True;Distrito Centro;Madrid capital, Madrid;44.0;Piso
1500;piso;48;2;1;Segunda mano/buen estado;True;False;Distrito Centro;Madrid capital, Madrid;31.25;Piso
1215;piso;40;0;1;Segunda mano/buen estado;False;True;Distrito Centro;Madrid capital, Madrid;30.38;Piso
1598;dúplex;50;0;1;Segunda mano/buen estado;True;True;Distrito Centro;Madrid capital, Madrid;31.96;other
1500;ático;70;2;2;Segunda mano/buen estado;True;True;Distrito Centro;Madrid capital, Madrid;21.43;Piso
1215;piso;40;0;1;Segunda mano/buen estado;False;True;Distrito Centro;Madrid capital, Madrid;30.38;Piso
5000;piso;140;2;3;Segunda mano/buen estado;True;True;Distrito Centro;Madrid capital, Madrid;35.71;Piso
2000;ático;70;0;1;Segunda mano/buen estado;True;True;Distrito Centro;Madrid capital, Madrid;28.57;Piso
2700;piso;130;2;2;Segunda mano/buen estado;True;True;Distrito Centro;Madrid capital, Madrid;20.77;Piso
1950;piso;75;2;1;Segunda mano/buen estado;True;True;Distrito Centro;Madrid capital, Madrid;26.0;Piso
1100;piso;25;0;1;Segunda mano/buen estado;True;True;Distrito Centro;Madrid capital, Madrid;44.0;Piso
1500;piso;48;2;1;Segunda mano/buen estado;True;False;Distrito Centro;Madrid capital, Madrid;31.25;Piso
1700;piso;50;0;1;Segunda mano/buen estado;True;True;Distrito Centro;Madrid capital, Madrid;34.0;Piso
1850;ático;55;2;1;Segunda mano/buen estado;True;True;Distrito Centro;Madrid capital, Madrid;33.64;Piso
4500;piso;101;2;2;Segunda mano/buen estado;True;True;Distrito Centro;Madrid capital, Madrid;44.55;Piso
1900;piso;65;2;1;Segunda mano/buen estado;False;False;Distrito Centro;Madrid capital, Madrid;29.23;Piso
1796;piso;54;0;1;Segunda mano/buen estado;True;False;Distrito Centro;Madrid capital, Madrid;33.26;Piso
1400;piso;64;2;1;Segunda mano/buen estado;True;True;Distrito Centro;Madrid capital, Madrid;21.88;Piso
1500;piso;74;0;1;Segunda mano/buen estado;True;True;Distrito Centro;Madrid capital, Madrid;20.27;Piso
1970;piso;97;2;1;Segunda mano/buen estado;False;True;Distrito Centro;Madrid capital, Madrid;20.31;Piso
1900;piso;62;0;1;Segunda mano/buen estado;True;True;Distrito Centro;Madrid capital, Madrid;30.65;Piso
4575;piso;155;3;3;Segunda mano/buen estado;True;True;Distrito Centro;Madrid capital, Madrid;29.52;Piso
4800;piso;202;3;2;Segunda mano/buen estado;True;True;Distrito Centro;Madrid capital, Madrid;23.76;Piso
1250;piso;40;0;1;Segunda mano/buen estado;True;True;Distrito Centro;Madrid capital, Madrid;31.25;Piso
1800;piso;46;0;1;Segunda mano/buen estado;True;True;Distrito Centro;Madrid capital, Madrid;39.13;Piso
875;piso;40;0;1;Segunda mano/buen estado;True;True;Distrito Centro;Madrid capital, Madrid;21.88;Piso
1600;piso;90;2;2;Segunda mano/buen estado;False;True;Distrito Centro;Madrid capital, Madrid;17.78;Piso
1610;piso;54;0;1;Segunda mano/buen estado;False;True;Distrito Centro;Madrid capital, Madrid;29.81;Piso
1995;piso;55;0;1;Segunda mano/buen estado;False;True;Distrito Centro;Madrid capital, Madrid;36.27;Piso
1350;piso;45;0;1;Segunda mano/buen estado;True;False;Distrito Centro;Madrid capital, Madrid;30.0;Piso
2400;piso;80;4;1;Segunda mano/buen estado;False;True;Distrito Centro;Madrid capital, Madrid;30.0;Piso
2440;piso;79;2;2;Segunda mano/buen estado;False;True;Distrito Centro;Madrid capital, Madrid;30.89;Piso
1900;piso;58;0;2;Segunda mano/buen estado;True;True;Distrito Centro;Madrid capital, Madrid;32.76;Piso
1900;piso;62;0;1;Segunda mano/buen estado;True;True;Distrito Centro;Madrid capital, Madrid;30.65;Piso
1600;piso;90;2;2;Segunda mano/buen estado;False;True;Distrito Centro;Madrid capital, Madrid;17.78;Piso
1300;piso;45;0;1;Segunda mano/buen estado;True;True;Distrito Centro;Madrid capital, Madrid;28.89;Piso
1620;piso;31;0;1;Segunda mano/buen estado;False;True;Distrito Centro;Madrid capital, Madrid;52.26;Piso
1530;piso;40;2;1;Segunda mano/buen estado;True;True;Distrito Centro;Madrid capital, Madrid;38.25;Piso
1000;estudio;37;0;1;Segunda mano/buen estado;True;True;Distrito Centro;Madrid capital, Madrid;27.03;Piso
1290;piso;50;2;1;Segunda mano/buen estado;True;True;Distrito Centro;Madrid capital, Madrid;25.8;Piso
3450;piso;120;2;2;Segunda mano/buen estado;True;True;Distrito Centro;Madrid capital, Madrid;28.75;Piso
3915;piso;126;2;2;Segunda mano/buen estado;True;True;Distrito Centro;Madrid capital, Madrid;31.07;Piso
4575;piso;155;3;3;Segunda mano/buen estado;True;True;Distrito Centro;Madrid capital, Madrid;29.52;Piso
2700;piso;80;2;2;Segunda mano/buen estado;True;True;Distrito Centro;Madrid capital, Madrid;33.75;Piso
1970;piso;97;2;1;Segunda mano/buen estado;False;True;Distrito Centro;Madrid capital, Madrid;20.31;Piso
2150;ático;89;3;1;Segunda mano/buen estado;True;True;Distrito Centro;Madrid capital, Madrid;24.16;Piso
1995;piso;55;0;1;Segunda mano/buen estado;False;True;Distrito Centro;Madrid capital, Madrid;36.27;Piso
1850;piso;64;0;1;Segunda mano/buen estado;True;True;Distrito Centro;Madrid capital, Madrid;28.91;Piso
1796;piso;54;0;1;Segunda mano/buen estado;True;False;Distrito Centro;Madrid capital, Madrid;33.26;Piso
2145;piso;60;0;1;Segunda mano/buen estado;True;True;Distrito Centro;Madrid capital, Madrid;35.75;Piso
2700;piso;36;0;1;Segunda mano/buen estado;True;True;Distrito Centro;Madrid capital, Madrid;75.0;Piso
1890;piso;31;2;1;Segunda mano/buen estado;False;True;Distrito Centro;Madrid capital, Madrid;60.97;Piso
1650;estudio;48;0;1;Segunda mano/buen estado;True;True;Distrito Centro;Madrid capital, Madrid;34.38;Piso
1900;piso;58;0;2;Segunda mano/buen estado;True;True;Distrito Centro;Madrid capital, Madrid;32.76;Piso
2160;piso;36;0;1;Segunda mano/buen estado;True;True;Distrito Centro;Madrid capital, Madrid;60.0;Piso
1800;piso;46;0;1;Segunda mano/buen estado;True;True;Distrito Centro;Madrid capital, Madrid;39.13;Piso
2835;piso;53;0;1;Segunda mano/buen estado;True;True;Distrito Centro;Madrid capital, Madrid;53.49;Piso
900;estudio;36;0;1;Segunda mano/buen estado;False;False;Distrito Centro;Madrid capital, Madrid;25.0;Piso
3510;piso;75;0;1;Segunda mano/buen estado;True;True;Distrito Centro;Madrid capital, Madrid;46.8;Piso
1980;piso;69;2;2;Segunda mano/buen estado;False;True;Distrito Centro;Madrid capital, Madrid;28.7;Piso
2295;piso;36;0;1;Segunda mano/buen estado;True;True;Distrito Centro;Madrid capital, Madrid;63.75;Piso
1350;piso;45;0;1;Segunda mano/buen estado;True;False;Distrito Centro;Madrid capital, Madrid;30.0;Piso
1400;piso;35;2;1;Segunda mano/buen estado;False;True;Distrito Centro;Madrid capital, Madrid;40.0;Piso
2440;piso;79;2;2;Segunda mano/buen estado;False;True;Distrito Centro;Madrid capital, Madrid;30.89;Piso
1970;piso;97;2;1;Segunda mano/buen estado;False;True;Distrito Centro;Madrid capital, Madrid;20.31;Piso
1400;piso;64;2;1;Segunda mano/buen estado;True;True;Distrito Centro;Madrid capital, Madrid;21.88;Piso
3510;piso;75;0;1;Segunda mano/buen estado;True;True;Distrito Centro;Madrid capital, Madrid;46.8;Piso
1800;piso;46;0;1;Segunda mano/buen estado;True;True;Distrito Centro;Madrid capital, Madrid;39.13;Piso
1300;piso;40;0;1;Segunda mano/buen estado;True;True;Distrito Centro;Madrid capital, Madrid;32.5;Piso
1910;piso;60;0;2;Segunda mano/buen estado;False;True;Distrito Centro;Madrid capital, Madrid;31.83;Piso
900;piso;37;0;1;Segunda mano/buen estado;False;False;Distrito Centro;Madrid capital, Madrid;24.32;Piso
1250;piso;60;3;2;Segunda mano/buen estado;False;False;Distrito Centro;Madrid capital, Madrid;20.83;Piso
1170;piso;34;2;1;Segunda mano/buen estado;False;False;Distrito Centro;Madrid capital, Madrid;34.41;Piso
1900;piso;75;0;1;Segunda mano/buen estado;True;True;Distrito Centro;Madrid capital, Madrid;25.33;Piso
1275;piso;65;2;1;Segunda mano/buen estado;False;True;Distrito Centro;Madrid capital, Madrid;19.62;Piso
2200;piso;73;2;1;Segunda mano/buen estado;False;True;Distrito Centro;Madrid capital, Madrid;30.14;Piso
900;estudio;30;0;1;Segunda mano/buen estado;True;False;Distrito Centro;Madrid capital, Madrid;30.0;Piso
1300;piso;69;2;1;Segunda mano/buen estado;True;True;Distrito Centro;Madrid capital, Madrid;18.84;Piso
1600;piso;86;2;1;Segunda mano/buen estado;True;False;Distrito Centro;Madrid capital, Madrid;18.6;Piso
1300;piso;65;0;1;Segunda mano/buen estado;True;True;Distrito Centro;Madrid capital, Madrid;20.0;Piso
1350;piso;83;2;1;Segunda mano/buen estado;False;True;Distrito Centro;Madrid capital, Madrid;16.27;Piso
2160;piso;82;0;2;Segunda mano/buen estado;True;True;Distrito Centro;Madrid capital, Madrid;26.34;Piso
1695;piso;52;0;1;Segunda mano/buen estado;True;True;Distrito Centro;Madrid capital, Madrid;32.6;Piso
2350;piso;75;2;2;Segunda mano/buen estado;True;True;Distrito Centro;Madrid capital, Madrid;31.33;Piso
1100;piso;36;0;1;Segunda mano/buen estado;True;False;Distrito Centro;Madrid capital, Madrid;30.56;Piso
5300;dúplex;174;2;4;Segunda mano/buen estado;True;True;Distrito Centro;Madrid capital, Madrid;30.46;other
2000;piso;75;0;1;Segunda mano/buen estado;True;True;Distrito Centro;Madrid capital, Madrid;26.67;Piso
1525;piso;75;2;1;Segunda mano/buen estado;True;False;Distrito Centro;Madrid capital, Madrid;20.33;Piso
3500;piso;105;2;2;Segunda mano/buen estado;True;True;Distrito Centro;Madrid capital, Madrid;33.33;Piso
1810;piso;49;0;1;Segunda mano/buen estado;False;True;Distrito Centro;Madrid capital, Madrid;36.94;Piso
1200;piso;50;0;1;Segunda mano/buen estado;True;True;Distrito Centro;Madrid capital, Madrid;24.0;Piso
2100;piso;90;2;2;Segunda mano/buen estado;True;True;Distrito Centro;Madrid capital, Madrid;23.33;Piso
1300;piso;50;0;1;Segunda mano/buen estado;False;True;Distrito Centro;Madrid capital, Madrid;26.0;Piso
1910;piso;60;0;2;Segunda mano/buen estado;False;True;Distrito Centro;Madrid capital, Madrid;31.83;Piso
1600;piso;56;0;1;Segunda mano/buen estado;True;True;Distrito Centro;Madrid capital, Madrid;28.57;Piso
1950;piso;91;2;2;Segunda mano/buen estado;True;True;Distrito Centro;Madrid capital, Madrid;21.43;Piso
1890;ático;120;0;1;Segunda mano/buen estado;False;True;Distrito Centro;Madrid capital, Madrid;15.75;Piso
1550;ático;60;2;1;Segunda mano/buen estado;False;True;Distrito Centro;Madrid capital, Madrid;25.83;Piso
1900;dúplex;75;0;1;Segunda mano/buen estado;True;True;Distrito Centro;Madrid capital, Madrid;25.33;other
750;estudio;14;0;1;Segunda mano/buen estado;True;False;Distrito Centro;Madrid capital, Madrid;53.57;Piso
1700;piso;50;2;1;Segunda mano/buen estado;True;True;Distrito Centro;Madrid capital, Madrid;34.0;Piso
1250;piso;51;2;1;Segunda mano/buen estado;True;True;Distrito Centro;Madrid capital, Madrid;24.51;Piso
1400;piso;83;2;1;Segunda mano/buen estado;False;True;Distrito Centro;Madrid capital, Madrid;16.87;Piso
2200;piso;74;2;1;Segunda mano/buen estado;True;True;Distrito Centro;Madrid capital, Madrid;29.73;Piso
1100;piso;55;2;1;Segunda mano/buen estado;False;False;Distrito Centro;Madrid capital, Madrid;20.0;Piso
2640;piso;80;2;2;Segunda mano/buen estado;False;True;Distrito Centro;Madrid capital, Madrid;33.0;Piso
2350;piso;86;0;1;Segunda mano/buen estado;True;True;Distrito Centro;Madrid capital, Madrid;27.33;Piso
1300;estudio;40;0;1;Segunda mano/buen estado;True;True;Distrito Centro;Madrid capital, Madrid;32.5;Piso
1100;piso;33;0;1;Segunda mano/buen estado;False;False;Distrito Centro;Madrid capital, Madrid;33.33;Piso
1500;piso;74;0;1;Segunda mano/buen estado;False;True;Distrito Centro;Madrid capital, Madrid;20.27;Piso
1600;piso;60;0;1;Segunda mano/buen estado;True;True;Distrito Centro;Madrid capital, Madrid;26.67;Piso
1350;piso;79;0;1;Segunda mano/buen estado;True;True;Distrito Centro;Madrid capital, Madrid;17.09;Piso
2100;piso;90;2;2;Segunda mano/buen estado;True;True;Distrito Centro;Madrid capital, Madrid;23.33;Piso
4300;piso;140;3;3;Segunda mano/buen estado;True;True;Distrito Centro;Madrid capital, Madrid;30.71;Piso
4000;piso;110;2;2;Segunda mano/buen estado;True;True;Distrito Centro;Madrid capital, Madrid;36.36;Piso
1600;piso;47;0;1;Segunda mano/buen estado;True;True;Distrito Centro;Madrid capital, Madrid;34.04;Piso
4500;piso;86;2;2;Segunda mano/buen estado;True;True;Distrito Centro;Madrid capital, Madrid;52.33;Piso
2300;piso;85;0;1;Segunda mano/buen estado;True;True;Distrito Centro;Madrid capital, Madrid;27.06;Piso
1040;piso;55;2;1;Segunda mano/buen estado;True;True;Distrito Centro;Madrid capital, Madrid;18.91;Piso
4250;piso;140;3;3;Segunda mano/buen estado;True;True;Distrito Centro;Madrid capital, Madrid;30.36;Piso
1015;piso;45;0;1;Segunda mano/buen estado;True;True;Distrito Centro;Madrid capital, Madrid;22.56;Piso
1450;piso;44;2;1;Segunda mano/buen estado;False;True;Distrito Centro;Madrid capital, Madrid;32.95;Piso
1900;piso;75;2;2;Segunda mano/buen estado;True;True;Distrito Centro;Madrid capital, Madrid;25.33;Piso
3500;piso;90;4;2;Segunda mano/buen estado;True;True;Distrito Centro;Madrid capital, Madrid;38.89;Piso
4500;piso;86;2;2;Segunda mano/buen estado;True;True;Distrito Centro;Madrid capital, Madrid;52.33;Piso
1400;piso;45;0;1;Segunda mano/buen estado;True;True;Distrito Centro;Madrid capital, Madrid;31.11;Piso
950;piso;35;0;1;Segunda mano/buen estado;False;True;Distrito Centro;Madrid capital, Madrid;27.14;Piso
2300;piso;85;0;1;Segunda mano/buen estado;True;True;Distrito Centro;Madrid capital, Madrid;27.06;Piso
4000;piso;130;2;2;Segunda mano/buen estado;True;True;Distrito Centro;Madrid capital, Madrid;30.77;Piso
4000;piso;110;2;2;Segunda mano/buen estado;True;True;Distrito Centro;Madrid capital, Madrid;36.36;Piso
2000;piso;87;0;1;Segunda mano/buen estado;True;True;Distrito Centro;Madrid capital, Madrid;22.99;Piso
2400;piso;71;4;2;Segunda mano/buen estado;False;True;Distrito Centro;Madrid capital, Madrid;33.8;Piso
1350;piso;52;0;1;Segunda mano/buen estado;True;True;Distrito Centro;Madrid capital, Madrid;25.96;Piso
1900;piso;75;2;2;Segunda mano/buen estado;True;True;Distrito Centro;Madrid capital, Madrid;25.33;Piso
2350;piso;76;2;1;Segunda mano/buen estado;True;True;Distrito Centro;Madrid capital, Madrid;30.92;Piso
1700;piso;70;2;1;Segunda mano/buen estado;True;True;Distrito Centro;Madrid capital, Madrid;24.29;Piso
1250;piso;74;2;1;Segunda mano/buen estado;False;False;Distrito Centro;Madrid capital, Madrid;16.89;Piso
1180;piso;34;0;1;Segunda mano/buen estado;True;False;Distrito Centro;Madrid capital, Madrid;34.71;Piso
1100;piso;50;2;1;Segunda mano/buen estado;True;True;Distrito Centro;Madrid capital, Madrid;22.0;Piso
1750;piso;95;2;2;Segunda mano/buen estado;True;False;Distrito Centro;Madrid capital, Madrid;18.42;Piso
1200;piso;44;0;1;Segunda mano/buen estado;True;True;Distrito Centro;Madrid capital, Madrid;27.27;Piso
2850;piso;90;3;2;Segunda mano/buen estado;False;True;Distrito Centro;Madrid capital, Madrid;31.67;Piso
795;piso;60;0;1;Segunda mano/buen estado;True;False;Distrito Centro;Madrid capital, Madrid;13.25;Piso
1300;estudio;35;0;1;Segunda mano/buen estado;False;False;Distrito Centro;Madrid capital, Madrid;37.14;Piso
1550;piso;47;0;1;Segunda mano/buen estado;True;True;Distrito Centro;Madrid capital, Madrid;32.98;Piso
1900;piso;50;0;1;Segunda mano/buen estado;True;True;Distrito Centro;Madrid capital, Madrid;38.0;Piso
1050;piso;38;0;1;Segunda mano/buen estado;True;True;Distrito Centro;Madrid capital, Madrid;27.63;Piso
2100;piso;90;2;2;Segunda mano/buen estado;True;True;Distrito Centro;Madrid capital, Madrid;23.33;Piso
1450;piso;45;0;1;Segunda mano/buen estado;True;True;Distrito Centro;Madrid capital, Madrid;32.22;Piso
1875;piso;67;0;1;Segunda mano/buen estado;True;True;Distrito Centro;Madrid capital, Madrid;27.99;Piso
1300;piso;72;2;2;Segunda mano/buen estado;False;True;Distrito Centro;Madrid capital, Madrid;18.06;Piso
1380;piso;79;0;2;Segunda mano/buen estado;True;True;Distrito Centro;Madrid capital, Madrid;17.47;Piso
1300;estudio;40;0;1;Segunda mano/buen estado;True;True;Distrito Centro;Madrid capital, Madrid;32.5;Piso
1400;piso;60;0;1;Segunda mano/buen estado;False;False;Distrito Chamartín;Madrid capital, Madrid;23.33;Piso
2400;piso;70;0;1;Segunda mano/buen estado;True;True;Distrito Chamartín;Madrid capital, Madrid;34.29;Piso
1400;piso;70;0;1;Segunda mano/buen estado;False;True;Distrito Chamartín;Madrid capital, Madrid;20.0;Piso
2495;piso;86;2;2;Segunda mano/buen estado;True;True;Distrito Chamartín;Madrid capital, Madrid;29.01;Piso
1600;piso;91;0;1;Segunda mano/buen estado;True;True;Distrito Chamartín;Madrid capital, Madrid;17.58;Piso
1050;estudio;35;0;1;Segunda mano/buen estado;True;True;Distrito Chamartín;Madrid capital, Madrid;30.0;Piso
900;estudio;40;0;1;Segunda mano/buen estado;True;True;Distrito Chamartín;Madrid capital, Madrid;22.5;Piso
1995;piso;55;0;1;Segunda mano/buen estado;True;True;Distrito Chamartín;Madrid capital, Madrid;36.27;Piso
1900;piso;136;2;3;Segunda mano/buen estado;True;True;Distrito Chamartín;Madrid capital, Madrid;13.97;Piso
1495;piso;55;0;1;Segunda mano/buen estado;True;True;Distrito Chamartín;Madrid capital, Madrid;27.18;Piso
2500;piso;80;2;2;Segunda mano/buen estado;True;True;Distrito Chamartín;Madrid capital, Madrid;31.25;Piso
2095;piso;64;0;1;Segunda mano/buen estado;True;True;Distrito Chamartín;Madrid capital, Madrid;32.73;Piso
2500;piso;80;2;2;Segunda mano/buen estado;True;True;Distrito Chamartín;Madrid capital, Madrid;31.25;Piso
1350;piso;50;2;1;Segunda mano/buen estado;True;True;Distrito Chamartín;Madrid capital, Madrid;27.0;Piso
2200;ático;100;2;2;Segunda mano/buen estado;True;True;Distrito Chamartín;Madrid capital, Madrid;22.0;Piso
3500;piso;180;3;3;Segunda mano/buen estado;True;True;Distrito Chamartín;Madrid capital, Madrid;19.44;Piso
2650;piso;100;4;3;Segunda mano/buen estado;True;True;Distrito Chamartín;Madrid capital, Madrid;26.5;Piso
1350;piso;60;2;1;Segunda mano/buen estado;False;False;Distrito Chamartín;Madrid capital, Madrid;22.5;Piso
2800;piso;113;3;3;Segunda mano/buen estado;True;True;Distrito Chamartín;Madrid capital, Madrid;24.78;Piso
950;piso;65;0;1;Segunda mano/buen estado;False;False;Distrito Chamartín;Madrid capital, Madrid;14.62;Piso
1900;piso;110;2;2;Segunda mano/buen estado;True;True;Distrito Chamartín;Madrid capital, Madrid;17.27;Piso
2200;piso;65;2;2;Segunda mano/buen estado;True;True;Distrito Chamartín;Madrid capital, Madrid;33.85;Piso
1480;piso;75;2;1;Segunda mano/buen estado;True;True;Distrito Chamartín;Madrid capital, Madrid;19.73;Piso
2600;piso;151;3;2;Segunda mano/buen estado;True;True;Distrito Chamartín;Madrid capital, Madrid;17.22;Piso
3300;ático;127;3;3;Segunda mano/buen estado;True;True;Distrito Chamartín;Madrid capital, Madrid;25.98;Piso
3000;piso;133;3;3;Segunda mano/buen estado;True;True;Distrito Chamartín;Madrid capital, Madrid;22.56;Piso
2800;ático;90;2;2;Segunda mano/buen estado;True;True;Distrito Chamartín;Madrid capital, Madrid;31.11;Piso
2300;piso;100;3;2;Segunda mano/buen estado;True;True;Distrito Chamartín;Madrid capital, Madrid;23.0;Piso
4350;piso;245;5;4;Segunda mano/buen estado;False;True;Distrito Chamartín;Madrid capital, Madrid;17.76;Piso
1400;piso;54;0;1;Segunda mano/buen estado;True;True;Distrito Chamartín;Madrid capital, Madrid;25.93;Piso
2890;piso;134;3;2;Segunda mano/buen estado;False;True;Distrito Chamartín;Madrid capital, Madrid;21.57;Piso
1500;piso;71;0;1;Segunda mano/buen estado;True;True;Distrito Chamartín;Madrid capital, Madrid;21.13;Piso
1400;piso;67;0;1;Segunda mano/buen estado;True;True;Distrito Chamartín;Madrid capital, Madrid;20.9;Piso
1250;piso;60;2;2;Segunda mano/buen estado;False;True;Distrito Chamartín;Madrid capital, Madrid;20.83;Piso
1900;piso;97;2;1;Segunda mano/buen estado;True;True;Distrito Chamartín;Madrid capital, Madrid;19.59;Piso
1950;piso;110;2;1;Segunda mano/buen estado;True;True;Distrito Chamartín;Madrid capital, Madrid;17.73;Piso
3500;piso;130;4;2;Segunda mano/buen estado;False;False;Distrito Chamartín;Madrid capital, Madrid;26.92;Piso
1700;piso;95;2;2;Segunda mano/buen estado;True;True;Distrito Chamartín;Madrid capital, Madrid;17.89;Piso
2400;piso;66;2;1;Segunda mano/buen estado;True;False;Distrito Chamartín;Madrid capital, Madrid;36.36;Piso
1200;ático;102;0;1;Segunda mano/buen estado;True;True;Distrito Chamartín;Madrid capital, Madrid;11.76;Piso
3700;piso;120;2;2;Segunda mano/buen estado;False;False;Distrito Chamartín;Madrid capital, Madrid;30.83;Piso
1800;ático;74;0;1;Segunda mano/buen estado;True;True;Distrito Chamartín;Madrid capital, Madrid;24.32;Piso
4200;casa;112;3;2;Segunda mano/buen estado;True;True;Distrito Chamartín;Madrid capital, Madrid;37.5;other
2000;piso;85;3;1;Segunda mano/buen estado;False;False;Distrito Chamartín;Madrid capital, Madrid;23.53;Piso
2200;piso;115;2;2;Segunda mano/buen estado;True;True;Distrito Chamartín;Madrid capital, Madrid;19.13;Piso
2750;piso;95;2;2;Segunda mano/buen estado;True;True;Distrito Chamartín;Madrid capital, Madrid;28.95;Piso
2310;piso;95;2;2;Segunda mano/buen estado;False;True;Distrito Chamartín;Madrid capital, Madrid;24.32;Piso
2200;piso;86;0;1;Segunda mano/buen estado;True;True;Distrito Chamartín;Madrid capital, Madrid;25.58;Piso
1200;estudio;50;0;1;Segunda mano/buen estado;True;True;Distrito Chamartín;Madrid capital, Madrid;24.0;Piso
1200;piso;51;2;1;Segunda mano/buen estado;True;False;Distrito Chamartín;Madrid capital, Madrid;23.53;Piso
3190;piso;131;3;3;Segunda mano/buen estado;True;True;Distrito Chamartín;Madrid capital, Madrid;24.35;Piso
1500;piso;82;2;2;Segunda mano/buen estado;True;True;Distrito Chamartín;Madrid capital, Madrid;18.29;Piso
6000;chalet;212;4;4;Segunda mano/buen estado;True;True;Distrito Chamartín;Madrid capital, Madrid;28.3;other
890;piso;65;2;1;Segunda mano/buen estado;False;False;Distrito Chamartín;Madrid capital, Madrid;13.69;Piso
1600;piso;55;2;1;Segunda mano/buen estado;True;True;Distrito Chamartín;Madrid capital, Madrid;29.09;Piso
1600;piso;95;3;2;Segunda mano/buen estado;True;True;Distrito Chamartín;Madrid capital, Madrid;16.84;Piso
1600;piso;105;2;2;Segunda mano/buen estado;True;False;Distrito Chamartín;Madrid capital, Madrid;15.24;Piso
1500;ático;55;0;1;Segunda mano/buen estado;True;True;Distrito Chamartín;Madrid capital, Madrid;27.27;Piso
2300;piso;44;2;1;Segunda mano/buen estado;False;True;Distrito Chamartín;Madrid capital, Madrid;52.27;Piso
1800;piso;55;2;1;Segunda mano/buen estado;True;False;Distrito Chamartín;Madrid capital, Madrid;32.73;Piso
1400;dúplex;50;0;1;Segunda mano/buen estado;True;False;Distrito Chamartín;Madrid capital, Madrid;28.0;other
1600;piso;65;2;1;Segunda mano/buen estado;True;True;Distrito Chamartín;Madrid capital, Madrid;24.62;Piso
3500;piso;116;4;2;Segunda mano/buen estado;False;False;Distrito Chamartín;Madrid capital, Madrid;30.17;Piso
2500;piso;135;3;2;Segunda mano/buen estado;True;True;Distrito Chamartín;Madrid capital, Madrid;18.52;Piso
1550;piso;60;0;1;Segunda mano/buen estado;True;True;Distrito Chamartín;Madrid capital, Madrid;25.83;Piso
1250;piso;40;0;1;Segunda mano/buen estado;False;False;Distrito Chamartín;Madrid capital, Madrid;31.25;Piso
16500;ático;376;5;4;Segunda mano/buen estado;True;True;Distrito Chamartín;Madrid capital, Madrid;43.88;Piso
2600;ático;129;2;1;Segunda mano/buen estado;True;True;Distrito Chamartín;Madrid capital, Madrid;20.16;Piso
1730;piso;38;0;1;Segunda mano/buen estado;False;True;Distrito Chamartín;Madrid capital, Madrid;45.53;Piso
1495;piso;74;2;1;Segunda mano/buen estado;True;False;Distrito Chamartín;Madrid capital, Madrid;20.2;Piso
1200;piso;55;0;1;Segunda mano/buen estado;True;False;Distrito Chamartín;Madrid capital, Madrid;21.82;Piso
1700;piso;60;0;1;Segunda mano/buen estado;True;True;Distrito Chamartín;Madrid capital, Madrid;28.33;Piso
2945;piso;125;3;2;Segunda mano/buen estado;True;True;Distrito Chamartín;Madrid capital, Madrid;23.56;Piso
2000;piso;70;0;1;Segunda mano/buen estado;True;True;Distrito Chamartín;Madrid capital, Madrid;28.57;Piso
1700;piso;76;2;2;Segunda mano/buen estado;True;False;Distrito Chamartín;Madrid capital, Madrid;22.37;Piso
1500;piso;70;2;1;Segunda mano/buen estado;True;True;Distrito Chamartín;Madrid capital, Madrid;21.43;Piso
3045;dúplex;126;2;2;Segunda mano/buen estado;True;True;Distrito Chamartín;Madrid capital, Madrid;24.17;other
1500;estudio;40;0;1;Segunda mano/buen estado;True;True;Distrito Chamartín;Madrid capital, Madrid;37.5;Piso
1820;piso;58;0;1;Segunda mano/buen estado;True;True;Distrito Chamartín;Madrid capital, Madrid;31.38;Piso
1400;piso;50;0;1;Segunda mano/buen estado;True;True;Distrito Chamartín;Madrid capital, Madrid;28.0;Piso
2640;piso;149;3;3;Segunda mano/buen estado;True;False;Distrito Chamartín;Madrid capital, Madrid;17.72;Piso
1500;piso;90;3;1;Segunda mano/buen estado;True;False;Distrito Chamartín;Madrid capital, Madrid;16.67;Piso
1250;piso;62;0;1;Segunda mano/buen estado;True;True;Distrito Chamartín;Madrid capital, Madrid;20.16;Piso
1400;piso;60;0;1;Segunda mano/buen estado;True;True;Distrito Chamartín;Madrid capital, Madrid;23.33;Piso
1800;piso;104;2;2;Segunda mano/buen estado;True;True;Distrito Chamartín;Madrid capital, Madrid;17.31;Piso
2950;piso;66;0;1;Segunda mano/buen estado;True;True;Distrito Chamartín;Madrid capital, Madrid;44.7;Piso
2250;piso;88;2;2;Segunda mano/buen estado;True;True;Distrito Chamartín;Madrid capital, Madrid;25.57;Piso
1900;piso;84;0;1;Segunda mano/buen estado;True;True;Distrito Chamartín;Madrid capital, Madrid;22.62;Piso
1400;piso;45;0;1;Segunda mano/buen estado;False;True;Distrito Chamartín;Madrid capital, Madrid;31.11;Piso
1300;piso;75;2;1;Segunda mano/buen estado;True;False;Distrito Chamartín;Madrid capital, Madrid;17.33;Piso
2550;piso;84;2;2;Segunda mano/buen estado;True;True;Distrito Chamartín;Madrid capital, Madrid;30.36;Piso
1950;piso;90;2;2;Segunda mano/buen estado;True;True;Distrito Chamartín;Madrid capital, Madrid;21.67;Piso
2550;ático;81;2;2;Segunda mano/buen estado;True;True;Distrito Chamartín;Madrid capital, Madrid;31.48;Piso
1450;piso;75;2;1;Segunda mano/buen estado;True;False;Distrito Chamartín;Madrid capital, Madrid;19.33;Piso
1250;piso;45;0;1;Segunda mano/buen estado;True;True;Distrito Chamartín;Madrid capital, Madrid;27.78;Piso
1400;piso;51;2;1;Segunda mano/buen estado;False;False;Distrito Chamartín;Madrid capital, Madrid;27.45;Piso
990;estudio;35;0;1;Segunda mano/buen estado;True;False;Distrito Chamartín;Madrid capital, Madrid;28.29;Piso
1950;piso;92;2;1;Segunda mano/buen estado;True;True;Distrito Chamartín;Madrid capital, Madrid;21.2;Piso
1100;piso;38;0;1;Segunda mano/buen estado;True;False;Distrito Chamartín;Madrid capital, Madrid;28.95;Piso
1000;piso;50;0;1;Segunda mano/buen estado;True;True;Distrito Chamartín;Madrid capital, Madrid;20.0;Piso
4500;piso;213;3;2;Segunda mano/buen estado;False;True;Distrito Chamartín;Madrid capital, Madrid;21.13;Piso
1130;piso;50;0;1;Segunda mano/buen estado;True;True;Distrito Chamartín;Madrid capital, Madrid;22.6;Piso
3850;chalet;180;3;2;Segunda mano/buen estado;False;True;Distrito Chamartín;Madrid capital, Madrid;21.39;other
1800;piso;104;2;2;Segunda mano/buen estado;True;True;Distrito Chamartín;Madrid capital, Madrid;17.31;Piso
1400;estudio;40;0;1;Segunda mano/buen estado;False;True;Distrito Chamartín;Madrid capital, Madrid;35.0;Piso
1350;piso;50;0;1;Segunda mano/buen estado;True;True;Distrito Chamartín;Madrid capital, Madrid;27.0;Piso
2120;piso;120;3;2;Segunda mano/buen estado;True;False;Distrito Chamartín;Madrid capital, Madrid;17.67;Piso
1400;piso;72;2;1;Segunda mano/buen estado;True;True;Distrito Chamartín;Madrid capital, Madrid;19.44;Piso
1595;piso;47;0;1;Segunda mano/buen estado;True;True;Distrito Chamartín;Madrid capital, Madrid;33.94;Piso
1100;piso;50;0;1;Segunda mano/buen estado;True;False;Distrito Chamartín;Madrid capital, Madrid;22.0;Piso
1695;piso;51;0;1;Segunda mano/buen estado;True;True;Distrito Chamartín;Madrid capital, Madrid;33.24;Piso
2000;ático;61;0;1;Segunda mano/buen estado;True;True;Distrito Chamartín;Madrid capital, Madrid;32.79;Piso
1795;piso;47;0;1;Segunda mano/buen estado;True;True;Distrito Chamartín;Madrid capital, Madrid;38.19;Piso
2800;piso;95;2;2;Segunda mano/buen estado;True;True;Distrito Chamartín;Madrid capital, Madrid;29.47;Piso
2495;ático;68;2;2;Segunda mano/buen estado;True;True;Distrito Chamartín;Madrid capital, Madrid;36.69;Piso
2400;piso;91;2;2;Segunda mano/buen estado;False;True;Distrito Chamartín;Madrid capital, Madrid;26.37;Piso
1795;piso;50;0;1;Segunda mano/buen estado;True;True;Distrito Chamartín;Madrid capital, Madrid;35.9;Piso
1480;estudio;40;0;1;Segunda mano/buen estado;True;True;Distrito Chamartín;Madrid capital, Madrid;37.0;Piso
1595;estudio;41;0;1;Segunda mano/buen estado;True;True;Distrito Chamartín;Madrid capital, Madrid;38.9;Piso
1850;piso;95;2;1;Segunda mano/buen estado;True;True;Distrito Chamartín;Madrid capital, Madrid;19.47;Piso
1595;piso;50;0;1;Segunda mano/buen estado;True;True;Distrito Chamartín;Madrid capital, Madrid;31.9;Piso
1400;piso;62;0;1;Segunda mano/buen estado;True;True;Distrito Chamartín;Madrid capital, Madrid;22.58;Piso
1575;estudio;31;0;1;Segunda mano/buen estado;True;True;Distrito Chamartín;Madrid capital, Madrid;50.81;Piso
1500;piso;75;2;2;Segunda mano/buen estado;True;True;Distrito Chamartín;Madrid capital, Madrid;20.0;Piso
2195;ático;48;0;1;Segunda mano/buen estado;True;True;Distrito Chamartín;Madrid capital, Madrid;45.73;Piso
1550;piso;64;0;1;Segunda mano/buen estado;True;True;Distrito Chamartín;Madrid capital, Madrid;24.22;Piso
3200;piso;194;4;3;Segunda mano/buen estado;False;False;Distrito Chamartín;Madrid capital, Madrid;16.49;Piso
1900;piso;50;0;1;Segunda mano/buen estado;True;True;Distrito Chamartín;Madrid capital, Madrid;38.0;Piso
4500;piso;170;3;2;Segunda mano/buen estado;False;True;Distrito Chamartín;Madrid capital, Madrid;26.47;Piso
3300;piso;207;5;3;Segunda mano/buen estado;True;True;Distrito Chamartín;Madrid capital, Madrid;15.94;Piso
2450;piso;107;3;2;Segunda mano/buen estado;True;True;Distrito Chamartín;Madrid capital, Madrid;22.9;Piso
1590;piso;65;2;1;Segunda mano/buen estado;True;False;Distrito Chamartín;Madrid capital, Madrid;24.46;Piso
4500;piso;250;4;3;Segunda mano/buen estado;True;True;Distrito Chamartín;Madrid capital, Madrid;18.0;Piso
1900;piso;83;3;3;Segunda mano/buen estado;True;True;Distrito Chamartín;Madrid capital, Madrid;22.89;Piso
4700;piso;297;5;5;Segunda mano/buen estado;True;True;Distrito Chamartín;Madrid capital, Madrid;15.82;Piso
1950;piso;115;3;2;Segunda mano/buen estado;True;False;Distrito Chamartín;Madrid capital, Madrid;16.96;Piso
2850;piso;155;4;2;Segunda mano/buen estado;True;True;Distrito Chamartín;Madrid capital, Madrid;18.39;Piso
1700;piso;80;2;1;Segunda mano/buen estado;True;True;Distrito Chamartín;Madrid capital, Madrid;21.25;Piso
1500;piso;73;0;1;Segunda mano/buen estado;True;True;Distrito Chamartín;Madrid capital, Madrid;20.55;Piso
3900;piso;75;4;4;Segunda mano/buen estado;True;True;Distrito Chamartín;Madrid capital, Madrid;52.0;Piso
1950;piso;90;2;2;Segunda mano/buen estado;True;True;Distrito Chamartín;Madrid capital, Madrid;21.67;Piso
1600;ático;72;0;1;Segunda mano/buen estado;False;True;Distrito Chamartín;Madrid capital, Madrid;22.22;Piso
1350;piso;50;0;1;Segunda mano/buen estado;True;True;Distrito Chamartín;Madrid capital, Madrid;27.0;Piso
4900;chalet;200;4;5;Segunda mano/buen estado;True;True;Distrito Chamartín;Madrid capital, Madrid;24.5;other
2100;piso;110;3;3;Segunda mano/buen estado;True;True;Distrito Chamartín;Madrid capital, Madrid;19.09;Piso
1700;piso;99;2;2;Segunda mano/buen estado;True;True;Distrito Chamartín;Madrid capital, Madrid;17.17;Piso
2560;piso;55;2;2;Segunda mano/buen estado;True;True;Distrito Chamartín;Madrid capital, Madrid;46.55;Piso
2355;piso;35;0;1;Segunda mano/buen estado;True;True;Distrito Chamartín;Madrid capital, Madrid;67.29;Piso
2015;piso;53;0;1;Segunda mano/buen estado;True;True;Distrito Chamartín;Madrid capital, Madrid;38.02;Piso
4100;piso;191;4;3;Segunda mano/buen estado;True;True;Distrito Chamartín;Madrid capital, Madrid;21.47;Piso
1550;piso;65;2;1;Segunda mano/buen estado;False;True;Distrito Chamartín;Madrid capital, Madrid;23.85;Piso
1600;dúplex;95;0;2;Segunda mano/buen estado;True;False;Distrito Chamartín;Madrid capital, Madrid;16.84;other
2750;piso;85;2;2;Segunda mano/buen estado;True;True;Distrito Chamartín;Madrid capital, Madrid;32.35;Piso
4950;chalet;211;4;3;Segunda mano/buen estado;True;True;Distrito Chamartín;Madrid capital, Madrid;23.46;other
4400;piso;190;3;3;Segunda mano/buen estado;True;True;Distrito Chamartín;Madrid capital, Madrid;23.16;Piso
5500;piso;285;4;4;Segunda mano/buen estado;True;True;Distrito Chamartín;Madrid capital, Madrid;19.3;Piso
2700;piso;128;3;3;Segunda mano/buen estado;True;True;Distrito Chamartín;Madrid capital, Madrid;21.09;Piso
3850;chalet;180;3;2;Segunda mano/buen estado;True;True;Distrito Chamartín;Madrid capital, Madrid;21.39;other
1600;piso;68;2;2;Segunda mano/buen estado;True;True;Distrito Chamartín;Madrid capital, Madrid;23.53;Piso
1400;piso;65;2;1;Segunda mano/buen estado;False;True;Distrito Chamartín;Madrid capital, Madrid;21.54;Piso
3500;piso;126;4;3;Segunda mano/buen estado;True;True;Distrito Chamartín;Madrid capital, Madrid;27.78;Piso
2500;piso;114;2;2;Segunda mano/buen estado;True;True;Distrito Chamartín;Madrid capital, Madrid;21.93;Piso
3850;chalet;180;3;2;Segunda mano/buen estado;True;True;Distrito Chamartín;Madrid capital, Madrid;21.39;other
4500;piso;170;3;3;Segunda mano/buen estado;True;True;Distrito Chamartín;Madrid capital, Madrid;26.47;Piso
2100;piso;72;2;2;Segunda mano/buen estado;True;True;Distrito Chamartín;Madrid capital, Madrid;29.17;Piso
3700;piso;132;2;2;Segunda mano/buen estado;True;True;Distrito Chamartín;Madrid capital, Madrid;28.03;Piso
3200;ático;175;3;2;Segunda mano/buen estado;True;True;Distrito Chamartín;Madrid capital, Madrid;18.29;Piso
12500;ático;256;3;4;Segunda mano/buen estado;True;True;Distrito Chamartín;Madrid capital, Madrid;48.83;Piso
3000;piso;96;2;2;Segunda mano/buen estado;False;True;Distrito Chamartín;Madrid capital, Madrid;31.25;Piso
6500;piso;361;5;5;Segunda mano/buen estado;True;True;Distrito Chamartín;Madrid capital, Madrid;18.01;Piso
1700;piso;48;0;1;Segunda mano/buen estado;False;True;Distrito Chamartín;Madrid capital, Madrid;35.42;Piso
4500;piso;244;5;4;Segunda mano/buen estado;True;True;Distrito Chamartín;Madrid capital, Madrid;18.44;Piso
1650;piso;50;0;1;Segunda mano/buen estado;False;True;Distrito Chamartín;Madrid capital, Madrid;33.0;Piso
1590;piso;78;2;2;Segunda mano/buen estado;True;True;Distrito Chamartín;Madrid capital, Madrid;20.38;Piso
5000;piso;220;3;3;Segunda mano/buen estado;True;True;Distrito Chamartín;Madrid capital, Madrid;22.73;Piso
6000;ático;366;6;4;Segunda mano/buen estado;True;True;Distrito Chamartín;Madrid capital, Madrid;16.39;Piso
4200;dúplex;149;2;2;Segunda mano/buen estado;True;True;Distrito Chamartín;Madrid capital, Madrid;28.19;other
2430;piso;72;0;1;Segunda mano/buen estado;True;True;Distrito Chamartín;Madrid capital, Madrid;33.75;Piso
2200;piso;95;2;2;Segunda mano/buen estado;True;True;Distrito Chamartín;Madrid capital, Madrid;23.16;Piso
4600;piso;164;2;3;Segunda mano/buen estado;False;True;Distrito Chamartín;Madrid capital, Madrid;28.05;Piso
3000;piso;88;0;1;Segunda mano/buen estado;False;True;Distrito Chamartín;Madrid capital, Madrid;34.09;Piso
6200;piso;361;5;4;Segunda mano/buen estado;True;True;Distrito Chamartín;Madrid capital, Madrid;17.17;Piso
4000;piso;240;5;5;Segunda mano/buen estado;True;True;Distrito Chamartín;Madrid capital, Madrid;16.67;Piso
1600;piso;64;2;2;Segunda mano/buen estado;True;False;Distrito Chamartín;Madrid capital, Madrid;25.0;Piso
2525;piso;71;2;1;Segunda mano/buen estado;False;True;Distrito Chamartín;Madrid capital, Madrid;35.56;Piso
1200;piso;80;0;1;Segunda mano/buen estado;False;True;Distrito Chamartín;Madrid capital, Madrid;15.0;Piso
4000;piso;205;4;3;Segunda mano/buen estado;True;False;Distrito Chamartín;Madrid capital, Madrid;19.51;Piso
2500;piso;49;0;1;Segunda mano/buen estado;False;True;Distrito Chamartín;Madrid capital, Madrid;51.02;Piso
2500;piso;164;3;2;Segunda mano/buen estado;True;True;Distrito Chamartín;Madrid capital, Madrid;15.24;Piso
2200;piso;50;2;1;Segunda mano/buen estado;False;True;Distrito Chamartín;Madrid capital, Madrid;44.0;Piso
1650;piso;65;0;1;Segunda mano/buen estado;True;True;Distrito Chamartín;Madrid capital, Madrid;25.38;Piso
1500;piso;76;3;1;Segunda mano/buen estado;False;False;Distrito Chamartín;Madrid capital, Madrid;19.74;Piso
1980;piso;50;0;1;Segunda mano/buen estado;False;True;Distrito Chamartín;Madrid capital, Madrid;39.6;Piso
900;estudio;25;0;1;Segunda mano/buen estado;False;False;Distrito Chamartín;Madrid capital, Madrid;36.0;Piso
1700;piso;82;2;1;Segunda mano/buen estado;True;True;Distrito Chamartín;Madrid capital, Madrid;20.73;Piso
2700;piso;125;2;2;Segunda mano/buen estado;True;True;Distrito Chamartín;Madrid capital, Madrid;21.6;Piso
1700;piso;89;3;2;Segunda mano/buen estado;True;True;Distrito Chamartín;Madrid capital, Madrid;19.1;Piso
7800;piso;268;5;5;Segunda mano/buen estado;True;True;Distrito Chamartín;Madrid capital, Madrid;29.1;Piso
1850;piso;92;2;2;Segunda mano/buen estado;True;True;Distrito Chamartín;Madrid capital, Madrid;20.11;Piso
2600;piso;150;2;2;Segunda mano/buen estado;True;False;Distrito Chamartín;Madrid capital, Madrid;17.33;Piso
1600;piso;65;2;1;Segunda mano/buen estado;True;True;Distrito Chamartín;Madrid capital, Madrid;24.62;Piso
1500;piso;68;0;1;Segunda mano/buen estado;True;True;Distrito Chamartín;Madrid capital, Madrid;22.06;Piso
2000;piso;79;2;1;Segunda mano/buen estado;True;True;Distrito Chamartín;Madrid capital, Madrid;25.32;Piso
1700;piso;65;0;1;Segunda mano/buen estado;True;True;Distrito Chamartín;Madrid capital, Madrid;26.15;Piso
1600;piso;55;0;1;Segunda mano/buen estado;False;True;Distrito Chamartín;Madrid capital, Madrid;29.09;Piso
2500;ático;101;0;2;Segunda mano/buen estado;True;True;Distrito Chamartín;Madrid capital, Madrid;24.75;Piso
2100;piso;70;0;2;Segunda mano/buen estado;True;True;Distrito Chamartín;Madrid capital, Madrid;30.0;Piso
1400;piso;41;0;1;Segunda mano/buen estado;True;True;Distrito Chamartín;Madrid capital, Madrid;34.15;Piso
2700;piso;82;3;2;Segunda mano/buen estado;False;True;Distrito Chamartín;Madrid capital, Madrid;32.93;Piso
2500;ático;101;0;2;Segunda mano/buen estado;True;True;Distrito Chamartín;Madrid capital, Madrid;24.75;Piso
10000;casa;290;3;4;Segunda mano/buen estado;True;True;Distrito Chamartín;Madrid capital, Madrid;34.48;other
2400;piso;143;4;2;Segunda mano/buen estado;True;True;Distrito Chamartín;Madrid capital, Madrid;16.78;Piso
1800;piso;79;2;2;Segunda mano/buen estado;False;False;Distrito Chamartín;Madrid capital, Madrid;22.78;Piso
9000;casa;240;4;4;Segunda mano/buen estado;True;True;Distrito Chamartín;Madrid capital, Madrid;37.5;other
1290;piso;50;0;1;Segunda mano/buen estado;True;True;Distrito Chamartín;Madrid capital, Madrid;25.8;Piso
1440;piso;62;2;1;Segunda mano/buen estado;True;True;Distrito Chamartín;Madrid capital, Madrid;23.23;Piso
2800;piso;125;2;3;Segunda mano/buen estado;True;True;Distrito Chamartín;Madrid capital, Madrid;22.4;Piso
3150;piso;185;3;3;Segunda mano/buen estado;False;False;Distrito Chamartín;Madrid capital, Madrid;17.03;Piso
3190;piso;131;3;3;Segunda mano/buen estado;True;True;Distrito Chamartín;Madrid capital, Madrid;24.35;Piso
2350;piso;122;3;2;Segunda mano/buen estado;True;False;Distrito Chamartín;Madrid capital, Madrid;19.26;Piso
1900;piso;100;2;2;Segunda mano/buen estado;True;True;Distrito Chamartín;Madrid capital, Madrid;19.0;Piso
2310;piso;95;2;2;Segunda mano/buen estado;True;True;Distrito Chamartín;Madrid capital, Madrid;24.32;Piso
2555;piso;55;0;1;Segunda mano/buen estado;True;True;Distrito Chamartín;Madrid capital, Madrid;46.45;Piso
2000;piso;87;2;1;Segunda mano/buen estado;True;True;Distrito Chamartín;Madrid capital, Madrid;22.99;Piso
1500;piso;50;0;1;Segunda mano/buen estado;True;True;Distrito Chamartín;Madrid capital, Madrid;30.0;Piso
2100;piso;77;3;1;Segunda mano/buen estado;True;False;Distrito Chamartín;Madrid capital, Madrid;27.27;Piso
1300;piso;55;0;1;Segunda mano/buen estado;True;False;Distrito Chamartín;Madrid capital, Madrid;23.64;Piso
5500;piso;230;4;4;Segunda mano/buen estado;True;True;Distrito Chamartín;Madrid capital, Madrid;23.91;Piso
1500;piso;65;0;1;Segunda mano/buen estado;True;True;Distrito Chamartín;Madrid capital, Madrid;23.08;Piso
5400;piso;243;2;3;Segunda mano/buen estado;True;True;Distrito Chamartín;Madrid capital, Madrid;22.22;Piso
2800;piso;110;3;2;Segunda mano/buen estado;True;True;Distrito Chamartín;Madrid capital, Madrid;25.45;Piso
1450;piso;67;0;1;Segunda mano/buen estado;False;True;Distrito Chamartín;Madrid capital, Madrid;21.64;Piso
3500;piso;131;3;3;Segunda mano/buen estado;True;True;Distrito Chamartín;Madrid capital, Madrid;26.72;Piso
3100;piso;162;4;3;Segunda mano/buen estado;False;True;Distrito Chamartín;Madrid capital, Madrid;19.14;Piso
1600;piso;64;2;1;Segunda mano/buen estado;False;True;Distrito Chamartín;Madrid capital, Madrid;25.0;Piso
4500;casa;161;3;3;Segunda mano/buen estado;False;True;Distrito Chamartín;Madrid capital, Madrid;27.95;other
4500;piso;167;3;2;Segunda mano/buen estado;True;True;Distrito Chamartín;Madrid capital, Madrid;26.95;Piso
1050;estudio;44;0;1;Segunda mano/buen estado;True;True;Distrito Chamartín;Madrid capital, Madrid;23.86;Piso
1680;piso;50;0;1;Segunda mano/buen estado;True;True;Distrito Chamartín;Madrid capital, Madrid;33.6;Piso
1600;piso;70;3;1;Segunda mano/buen estado;False;False;Distrito Chamartín;Madrid capital, Madrid;22.86;Piso
3100;piso;162;4;3;Segunda mano/buen estado;False;True;Distrito Chamartín;Madrid capital, Madrid;19.14;Piso
3500;piso;131;3;3;Segunda mano/buen estado;True;True;Distrito Chamartín;Madrid capital, Madrid;26.72;Piso
2500;piso;110;2;2;Segunda mano/buen estado;True;True;Distrito Chamartín;Madrid capital, Madrid;22.73;Piso
1500;piso;79;2;2;Segunda mano/buen estado;True;True;Distrito Chamartín;Madrid capital, Madrid;18.99;Piso
3200;ático;96;2;2;Segunda mano/buen estado;True;True;Distrito Chamartín;Madrid capital, Madrid;33.33;Piso
1900;piso;75;2;2;Segunda mano/buen estado;False;True;Distrito Chamartín;Madrid capital, Madrid;25.33;Piso
3510;piso;102;3;2;Segunda mano/buen estado;True;True;Distrito Chamartín;Madrid capital, Madrid;34.41;Piso
5400;piso;180;2;2;Segunda mano/buen estado;True;True;Distrito Chamartín;Madrid capital, Madrid;30.0;Piso
22500;dúplex;363;4;5;Segunda mano/buen estado;True;True;Distrito Chamartín;Madrid capital, Madrid;61.98;other
2500;piso;98;2;2;Segunda mano/buen estado;True;True;Distrito Chamartín;Madrid capital, Madrid;25.51;Piso
2565;piso;77;0;1;Segunda mano/buen estado;True;True;Distrito Chamartín;Madrid capital, Madrid;33.31;Piso
3900;casa;160;3;3;Segunda mano/buen estado;False;True;Distrito Chamartín;Madrid capital, Madrid;24.38;other
3240;piso;104;3;2;Segunda mano/buen estado;True;True;Distrito Chamartín;Madrid capital, Madrid;31.15;Piso
2300;piso;132;4;2;Segunda mano/buen estado;True;True;Distrito Chamartín;Madrid capital, Madrid;17.42;Piso
3400;piso;213;4;3;Segunda mano/buen estado;True;True;Distrito Chamartín;Madrid capital, Madrid;15.96;Piso
11000;ático;298;3;3;Segunda mano/buen estado;False;False;Distrito Chamartín;Madrid capital, Madrid;36.91;Piso
3890;piso;131;3;2;Segunda mano/buen estado;True;True;Distrito Chamartín;Madrid capital, Madrid;29.69;Piso
4235;piso;120;3;2;Segunda mano/buen estado;True;True;Distrito Chamartín;Madrid capital, Madrid;35.29;Piso
2310;piso;75;2;2;Segunda mano/buen estado;True;True;Distrito Chamartín;Madrid capital, Madrid;30.8;Piso
3930;piso;101;2;2;Segunda mano/buen estado;True;True;Distrito Chamartín;Madrid capital, Madrid;38.91;Piso
4490;piso;119;3;2;Segunda mano/buen estado;True;True;Distrito Chamartín;Madrid capital, Madrid;37.73;Piso
4470;piso;171;3;2;Segunda mano/buen estado;True;True;Distrito Chamartín;Madrid capital, Madrid;26.14;Piso
3150;piso;115;2;2;Segunda mano/buen estado;True;True;Distrito Chamartín;Madrid capital, Madrid;27.39;Piso
2430;piso;46;0;1;Segunda mano/buen estado;True;True;Distrito Chamartín;Madrid capital, Madrid;52.83;Piso
2365;piso;75;2;2;Segunda mano/buen estado;True;True;Distrito Chamartín;Madrid capital, Madrid;31.53;Piso
3585;piso;170;3;3;Segunda mano/buen estado;True;True;Distrito Chamartín;Madrid capital, Madrid;21.09;Piso
2175;piso;75;2;2;Segunda mano/buen estado;True;True;Distrito Chamartín;Madrid capital, Madrid;29.0;Piso
1600;estudio;65;0;1;Segunda mano/buen estado;True;True;Distrito Chamartín;Madrid capital, Madrid;24.62;Piso
1300;piso;45;0;1;Segunda mano/buen estado;False;True;Distrito Chamartín;Madrid capital, Madrid;28.89;Piso
1300;piso;45;0;1;Segunda mano/buen estado;False;True;Distrito Chamartín;Madrid capital, Madrid;28.89;Piso
1700;piso;85;0;1;Segunda mano/buen estado;True;True;Distrito Chamartín;Madrid capital, Madrid;20.0;Piso
5000;casa;206;3;4;Segunda mano/buen estado;True;False;Distrito Chamartín;Madrid capital, Madrid;24.27;other
4200;piso;167;3;3;Segunda mano/buen estado;False;True;Distrito Chamartín;Madrid capital, Madrid;25.15;Piso
2300;piso;75;0;1;Segunda mano/buen estado;True;True;Distrito Chamartín;Madrid capital, Madrid;30.67;Piso
1620;piso;46;0;1;Segunda mano/buen estado;False;True;Distrito Chamartín;Madrid capital, Madrid;35.22;Piso
2300;piso;82;0;1;Segunda mano/buen estado;True;True;Distrito Chamartín;Madrid capital, Madrid;28.05;Piso
3900;piso;236;4;2;Segunda mano/buen estado;True;True;Distrito Chamartín;Madrid capital, Madrid;16.53;Piso
1700;piso;82;2;1;Segunda mano/buen estado;True;True;Distrito Chamartín;Madrid capital, Madrid;20.73;Piso
2700;piso;70;0;1;Segunda mano/buen estado;True;True;Distrito Chamartín;Madrid capital, Madrid;38.57;Piso
4000;piso;217;4;3;Segunda mano/buen estado;True;True;Distrito Chamartín;Madrid capital, Madrid;18.43;Piso
2800;piso;90;2;2;Segunda mano/buen estado;True;True;Distrito Chamartín;Madrid capital, Madrid;31.11;Piso
1500;estudio;50;0;1;Segunda mano/buen estado;True;True;Distrito Chamartín;Madrid capital, Madrid;30.0;Piso
2295;piso;79;2;2;Segunda mano/buen estado;True;True;Distrito Chamartín;Madrid capital, Madrid;29.05;Piso
1500;estudio;40;0;1;Segunda mano/buen estado;True;True;Distrito Chamartín;Madrid capital, Madrid;37.5;Piso
2700;piso;90;2;1;Segunda mano/buen estado;True;True;Distrito Chamartín;Madrid capital, Madrid;30.0;Piso
1900;piso;89;3;1;Segunda mano/buen estado;True;True;Distrito Chamartín;Madrid capital, Madrid;21.35;Piso
1500;piso;55;0;1;Segunda mano/buen estado;True;False;Distrito Chamartín;Madrid capital, Madrid;27.27;Piso
2100;piso;98;3;2;Segunda mano/buen estado;False;False;Distrito Chamartín;Madrid capital, Madrid;21.43;Piso
1650;piso;83;2;1;Segunda mano/buen estado;True;True;Distrito Chamartín;Madrid capital, Madrid;19.88;Piso
2150;dúplex;111;2;2;Segunda mano/buen estado;False;False;Distrito Chamartín;Madrid capital, Madrid;19.37;other
1650;ático;85;0;1;Segunda mano/buen estado;True;True;Distrito Chamartín;Madrid capital, Madrid;19.41;Piso
1045;piso;45;0;1;Segunda mano/buen estado;True;False;Distrito Chamartín;Madrid capital, Madrid;23.22;Piso
6500;casa;300;5;6;Segunda mano/buen estado;True;True;Distrito Chamartín;Madrid capital, Madrid;21.67;other
1700;piso;20;0;1;Segunda mano/buen estado;True;True;Distrito Chamartín;Madrid capital, Madrid;85.0;Piso
4758;piso;180;4;3;Segunda mano/buen estado;False;False;Distrito Chamartín;Madrid capital, Madrid;26.43;Piso
2065;piso;80;0;1;Segunda mano/buen estado;True;True;Distrito Chamartín;Madrid capital, Madrid;25.81;Piso
1015;piso;42;0;1;Segunda mano/buen estado;True;False;Distrito Chamartín;Madrid capital, Madrid;24.17;Piso
2694;piso;110;2;2;Segunda mano/buen estado;True;True;Distrito Chamartín;Madrid capital, Madrid;24.49;Piso
1600;piso;55;0;1;Segunda mano/buen estado;True;True;Distrito Chamartín;Madrid capital, Madrid;29.09;Piso
4500;piso;225;5;3;Segunda mano/buen estado;True;True;Distrito Chamartín;Madrid capital, Madrid;20.0;Piso
2350;piso;93;3;2;Segunda mano/buen estado;True;True;Distrito Chamartín;Madrid capital, Madrid;25.27;Piso
1900;piso;80;2;2;Segunda mano/buen estado;True;True;Distrito Chamartín;Madrid capital, Madrid;23.75;Piso
2400;piso;126;3;3;Segunda mano/buen estado;True;True;Distrito Chamartín;Madrid capital, Madrid;19.05;Piso
2300;piso;120;4;2;Segunda mano/buen estado;False;False;Distrito Chamartín;Madrid capital, Madrid;19.17;Piso
1100;estudio;36;0;1;Segunda mano/buen estado;True;True;Distrito Chamartín;Madrid capital, Madrid;30.56;Piso
3600;piso;182;4;3;Segunda mano/buen estado;False;True;Distrito Chamartín;Madrid capital, Madrid;19.78;Piso
1390;piso;80;3;1;Segunda mano/buen estado;True;True;Distrito Chamartín;Madrid capital, Madrid;17.38;Piso
1870;piso;64;0;1;Segunda mano/buen estado;False;True;Distrito Chamartín;Madrid capital, Madrid;29.22;Piso
3500;piso;87;4;2;Segunda mano/buen estado;True;True;Distrito Chamartín;Madrid capital, Madrid;40.23;Piso
3375;piso;82;2;2;Segunda mano/buen estado;True;True;Distrito Chamartín;Madrid capital, Madrid;41.16;Piso
1300;estudio;72;0;1;Segunda mano/buen estado;True;True;Distrito Chamartín;Madrid capital, Madrid;18.06;Piso
3200;piso;194;4;3;Segunda mano/buen estado;True;True;Distrito Chamartín;Madrid capital, Madrid;16.49;Piso
3000;piso;109;3;3;Segunda mano/buen estado;True;True;Distrito Chamartín;Madrid capital, Madrid;27.52;Piso
1600;piso;88;2;1;Segunda mano/buen estado;True;True;Distrito Chamartín;Madrid capital, Madrid;18.18;Piso
1140;piso;74;0;1;Segunda mano/buen estado;True;False;Distrito Chamartín;Madrid capital, Madrid;15.41;Piso
5800;ático;233;2;3;Segunda mano/buen estado;True;True;Distrito Chamartín;Madrid capital, Madrid;24.89;Piso
1690;piso;72;2;1;Segunda mano/buen estado;True;True;Distrito Chamartín;Madrid capital, Madrid;23.47;Piso
1600;piso;80;0;1;Segunda mano/buen estado;True;True;Distrito Chamartín;Madrid capital, Madrid;20.0;Piso
2995;piso;90;2;2;Segunda mano/buen estado;True;True;Distrito Chamartín;Madrid capital, Madrid;33.28;Piso
1500;estudio;59;0;1;Segunda mano/buen estado;True;True;Distrito Chamartín;Madrid capital, Madrid;25.42;Piso
1600;piso;70;0;1;Segunda mano/buen estado;True;True;Distrito Chamartín;Madrid capital, Madrid;22.86;Piso
3350;ático;160;3;2;Segunda mano/buen estado;True;True;Distrito Chamartín;Madrid capital, Madrid;20.94;Piso
6000;casa;200;7;7;Segunda mano/para reformar;True;False;Distrito Chamartín;Madrid capital, Madrid;30.0;other
1550;piso;55;0;1;Segunda mano/buen estado;False;True;Distrito Chamartín;Madrid capital, Madrid;28.18;Piso
2925;piso;100;3;2;Segunda mano/buen estado;True;True;Distrito Chamartín;Madrid capital, Madrid;29.25;Piso
1680;piso;55;0;1;Segunda mano/buen estado;True;True;Distrito Chamartín;Madrid capital, Madrid;30.55;Piso
1700;piso;55;0;1;Segunda mano/buen estado;True;False;Distrito Chamartín;Madrid capital, Madrid;30.91;Piso
1600;piso;65;0;1;Segunda mano/buen estado;True;True;Distrito Chamartín;Madrid capital, Madrid;24.62;Piso
2800;piso;176;4;2;Segunda mano/buen estado;True;True;Distrito Chamartín;Madrid capital, Madrid;15.91;Piso
1600;piso;65;0;1;Segunda mano/buen estado;True;True;Distrito Chamartín;Madrid capital, Madrid;24.62;Piso
1100;estudio;49;0;1;Segunda mano/buen estado;True;True;Distrito Chamartín;Madrid capital, Madrid;22.45;Piso
2800;piso;98;2;2;Segunda mano/buen estado;True;True;Distrito Chamartín;Madrid capital, Madrid;28.57;Piso
1130;ático;50;0;1;Segunda mano/buen estado;True;True;Distrito Chamartín;Madrid capital, Madrid;22.6;Piso
1700;piso;62;0;1;Segunda mano/buen estado;True;True;Distrito Chamartín;Madrid capital, Madrid;27.42;Piso
2100;piso;94;3;2;Segunda mano/buen estado;True;False;Distrito Chamartín;Madrid capital, Madrid;22.34;Piso
3100;piso;73;2;2;Segunda mano/buen estado;True;True;Distrito Chamartín;Madrid capital, Madrid;42.47;Piso
2600;piso;110;3;2;Segunda mano/buen estado;True;True;Distrito Chamartín;Madrid capital, Madrid;23.64;Piso
2565;piso;72;0;1;Segunda mano/buen estado;True;True;Distrito Chamartín;Madrid capital, Madrid;35.62;Piso
5500;piso;200;3;3;Segunda mano/buen estado;True;True;Distrito Chamartín;Madrid capital, Madrid;27.5;Piso
1350;piso;55;0;1;Segunda mano/buen estado;True;False;Distrito Chamartín;Madrid capital, Madrid;24.55;Piso
6480;piso;200;4;4;Segunda mano/buen estado;True;True;Distrito Chamartín;Madrid capital, Madrid;32.4;Piso
2916;piso;68;0;1;Segunda mano/buen estado;True;True;Distrito Chamartín;Madrid capital, Madrid;42.88;Piso
2340;piso;55;0;1;Segunda mano/buen estado;True;True;Distrito Chamartín;Madrid capital, Madrid;42.55;Piso
2970;piso;50;0;1;Segunda mano/buen estado;True;True;Distrito Chamartín;Madrid capital, Madrid;59.4;Piso
5670;piso;120;3;2;Segunda mano/buen estado;True;True;Distrito Chamartín;Madrid capital, Madrid;47.25;Piso
1350;piso;86;2;1;Segunda mano/buen estado;True;True;Distrito Chamartín;Madrid capital, Madrid;15.7;Piso
2970;piso;80;2;2;Segunda mano/buen estado;True;True;Distrito Chamartín;Madrid capital, Madrid;37.12;Piso
5400;piso;169;4;3;Segunda mano/buen estado;True;True;Distrito Chamartín;Madrid capital, Madrid;31.95;Piso
1450;piso;57;0;1;Segunda mano/buen estado;True;True;Distrito Chamartín;Madrid capital, Madrid;25.44;Piso
2400;piso;88;2;2;Segunda mano/buen estado;True;True;Distrito Chamartín;Madrid capital, Madrid;27.27;Piso
4500;piso;186;4;3;Segunda mano/buen estado;True;True;Distrito Chamartín;Madrid capital, Madrid;24.19;Piso
1900;piso;75;0;1;Segunda mano/buen estado;True;True;Distrito Chamartín;Madrid capital, Madrid;25.33;Piso
1100;piso;50;0;1;Segunda mano/buen estado;True;False;Distrito Chamartín;Madrid capital, Madrid;22.0;Piso
2480;piso;135;3;3;Segunda mano/buen estado;True;False;Distrito Chamartín;Madrid capital, Madrid;18.37;Piso
2800;piso;95;2;2;Segunda mano/buen estado;True;True;Distrito Chamartín;Madrid capital, Madrid;29.47;Piso
2500;piso;90;2;2;Segunda mano/buen estado;True;True;Distrito Chamartín;Madrid capital, Madrid;27.78;Piso
1900;piso;47;0;1;Segunda mano/buen estado;True;True;Distrito Chamartín;Madrid capital, Madrid;40.43;Piso
2850;piso;155;4;2;Segunda mano/buen estado;True;True;Distrito Chamartín;Madrid capital, Madrid;18.39;Piso
1350;estudio;21;0;1;Segunda mano/buen estado;True;True;Distrito Chamartín;Madrid capital, Madrid;64.29;Piso
2850;piso;155;4;2;Segunda mano/buen estado;True;True;Distrito Chamartín;Madrid capital, Madrid;18.39;Piso
1900;piso;47;0;1;Segunda mano/buen estado;True;True;Distrito Chamartín;Madrid capital, Madrid;40.43;Piso
1750;piso;68;2;1;Segunda mano/buen estado;False;False;Distrito Chamartín;Madrid capital, Madrid;25.74;Piso
1900;piso;68;2;1;Segunda mano/buen estado;True;True;Distrito Chamartín;Madrid capital, Madrid;27.94;Piso
2250;piso;78;2;2;Segunda mano/buen estado;False;True;Distrito Chamartín;Madrid capital, Madrid;28.85;Piso
1000;piso;70;0;1;Segunda mano/buen estado;True;False;Distrito Chamartín;Madrid capital, Madrid;14.29;Piso
1250;piso;60;0;1;Segunda mano/buen estado;True;False;Distrito Chamartín;Madrid capital, Madrid;20.83;Piso
4200;piso;167;3;4;Segunda mano/buen estado;True;True;Distrito Chamartín;Madrid capital, Madrid;25.15;Piso
1750;piso;60;0;1;Segunda mano/buen estado;False;True;Distrito Chamartín;Madrid capital, Madrid;29.17;Piso
1750;piso;60;0;1;Segunda mano/buen estado;True;True;Distrito Chamartín;Madrid capital, Madrid;29.17;Piso
11500;dúplex;180;3;3;Segunda mano/buen estado;True;True;Distrito Chamartín;Madrid capital, Madrid;63.89;other
2950;piso;101;3;3;Segunda mano/buen estado;True;True;Distrito Chamartín;Madrid capital, Madrid;29.21;Piso
1500;piso;55;0;1;Segunda mano/buen estado;True;True;Distrito Chamartín;Madrid capital, Madrid;27.27;Piso
1400;piso;43;2;1;Segunda mano/buen estado;False;False;Distrito Chamartín;Madrid capital, Madrid;32.56;Piso
1950;piso;100;3;2;Segunda mano/buen estado;True;True;Distrito Chamartín;Madrid capital, Madrid;19.5;Piso
3190;piso;131;3;3;Segunda mano/buen estado;True;True;Distrito Chamartín;Madrid capital, Madrid;24.35;Piso
1050;ático;49;0;1;Segunda mano/buen estado;False;False;Distrito Chamartín;Madrid capital, Madrid;21.43;Piso
1580;piso;80;3;2;Segunda mano/buen estado;False;False;Distrito Chamartín;Madrid capital, Madrid;19.75;Piso
2700;chalet;195;4;2;Segunda mano/buen estado;False;False;Distrito Chamartín;Madrid capital, Madrid;13.85;other
2600;piso;79;2;2;Segunda mano/buen estado;True;True;Distrito Chamartín;Madrid capital, Madrid;32.91;Piso
2750;piso;85;2;2;Segunda mano/buen estado;True;True;Distrito Chamartín;Madrid capital, Madrid;32.35;Piso
2050;piso;95;3;2;Segunda mano/buen estado;False;False;Distrito Chamartín;Madrid capital, Madrid;21.58;Piso
3000;piso;160;3;4;Segunda mano/buen estado;True;True;Distrito Chamartín;Madrid capital, Madrid;18.75;Piso
1450;piso;65;2;1;Segunda mano/buen estado;True;True;Distrito Chamartín;Madrid capital, Madrid;22.31;Piso
3500;piso;310;5;4;Segunda mano/buen estado;True;False;Distrito Chamartín;Madrid capital, Madrid;11.29;Piso
4200;piso;167;3;4;Segunda mano/buen estado;True;True;Distrito Chamartín;Madrid capital, Madrid;25.15;Piso
1500;piso;52;0;1;Segunda mano/buen estado;False;True;Distrito Chamartín;Madrid capital, Madrid;28.85;Piso
1950;piso;80;3;2;Segunda mano/buen estado;True;True;Distrito Chamartín;Madrid capital, Madrid;24.38;Piso
5900;ático;270;3;4;Segunda mano/buen estado;True;True;Distrito Chamartín;Madrid capital, Madrid;21.85;Piso
1650;piso;65;0;1;Segunda mano/buen estado;True;True;Distrito Chamartín;Madrid capital, Madrid;25.38;Piso
5500;piso;295;4;3;Segunda mano/buen estado;True;True;Distrito Chamartín;Madrid capital, Madrid;18.64;Piso
3900;piso;147;2;2;Segunda mano/buen estado;False;True;Distrito Chamartín;Madrid capital, Madrid;26.53;Piso
5900;ático;270;3;4;Segunda mano/buen estado;True;True;Distrito Chamartín;Madrid capital, Madrid;21.85;Piso
1400;piso;62;0;1;Segunda mano/buen estado;True;True;Distrito Chamartín;Madrid capital, Madrid;22.58;Piso
2300;piso;110;2;2;Segunda mano/buen estado;True;True;Distrito Chamartín;Madrid capital, Madrid;20.91;Piso
2000;piso;65;0;1;Segunda mano/buen estado;True;True;Distrito Chamartín;Madrid capital, Madrid;30.77;Piso
3550;piso;130;3;2;Segunda mano/buen estado;True;True;Distrito Chamartín;Madrid capital, Madrid;27.31;Piso
2000;piso;88;3;1;Segunda mano/buen estado;True;False;Distrito Chamartín;Madrid capital, Madrid;22.73;Piso
1900;piso;75;2;1;Segunda mano/buen estado;True;True;Distrito Chamartín;Madrid capital, Madrid;25.33;Piso
4500;piso;275;5;4;Segunda mano/buen estado;True;True;Distrito Chamartín;Madrid capital, Madrid;16.36;Piso
2700;piso;60;0;1;Segunda mano/buen estado;True;True;Distrito Chamartín;Madrid capital, Madrid;45.0;Piso
4000;piso;250;4;3;Segunda mano/buen estado;True;True;Distrito Chamartín;Madrid capital, Madrid;16.0;Piso
2500;piso;94;2;2;Segunda mano/buen estado;True;True;Distrito Chamartín;Madrid capital, Madrid;26.6;Piso
4500;piso;213;4;2;Segunda mano/buen estado;True;True;Distrito Chamartín;Madrid capital, Madrid;21.13;Piso
2500;piso;95;3;2;Segunda mano/buen estado;True;True;Distrito Chamartín;Madrid capital, Madrid;26.32;Piso
2800;piso;125;2;3;Segunda mano/buen estado;True;True;Distrito Chamartín;Madrid capital, Madrid;22.4;Piso
2300;piso;88;2;2;Segunda mano/buen estado;True;True;Distrito Chamartín;Madrid capital, Madrid;26.14;Piso
2000;piso;79;2;1;Segunda mano/buen estado;False;True;Distrito Chamartín;Madrid capital, Madrid;25.32;Piso
1350;piso;67;0;1;Segunda mano/buen estado;True;True;Distrito Chamartín;Madrid capital, Madrid;20.15;Piso
1700;ático;70;0;1;Segunda mano/buen estado;False;True;Distrito Chamartín;Madrid capital, Madrid;24.29;Piso
1350;piso;61;2;1;Segunda mano/buen estado;True;True;Distrito Chamartín;Madrid capital, Madrid;22.13;Piso
5500;piso;197;4;5;Segunda mano/buen estado;False;True;Distrito Chamartín;Madrid capital, Madrid;27.92;Piso
1750;piso;83;3;1;Segunda mano/buen estado;False;False;Distrito Chamartín;Madrid capital, Madrid;21.08;Piso
3200;piso;139;3;2;Segunda mano/buen estado;True;True;Distrito Chamartín;Madrid capital, Madrid;23.02;Piso
17800;casa;400;5;5;Segunda mano/buen estado;False;True;Distrito Chamartín;Madrid capital, Madrid;44.5;other
1900;piso;55;0;1;Segunda mano/buen estado;True;True;Distrito Chamartín;Madrid capital, Madrid;34.55;Piso
3900;piso;80;4;4;Segunda mano/buen estado;True;True;Distrito Chamartín;Madrid capital, Madrid;48.75;Piso
1700;piso;85;2;1;Segunda mano/buen estado;True;True;Distrito Chamartín;Madrid capital, Madrid;20.0;Piso
1750;piso;78;2;2;Segunda mano/buen estado;True;True;Distrito Chamartín;Madrid capital, Madrid;22.44;Piso
1800;piso;65;0;1;Segunda mano/buen estado;True;False;Distrito Chamartín;Madrid capital, Madrid;27.69;Piso
2500;piso;86;2;2;Segunda mano/buen estado;True;False;Distrito Chamartín;Madrid capital, Madrid;29.07;Piso
1350;piso;50;0;1;Segunda mano/buen estado;True;True;Distrito Chamartín;Madrid capital, Madrid;27.0;Piso
1200;ático;46;0;1;Segunda mano/buen estado;True;False;Distrito Chamartín;Madrid capital, Madrid;26.09;Piso
1900;piso;92;2;2;Segunda mano/buen estado;False;True;Distrito Chamartín;Madrid capital, Madrid;20.65;Piso
1750;piso;85;0;1;Segunda mano/buen estado;True;True;Distrito Chamartín;Madrid capital, Madrid;20.59;Piso
890;piso;45;0;1;Segunda mano/buen estado;False;False;Distrito Chamartín;Madrid capital, Madrid;19.78;Piso
1800;piso;65;0;1;Segunda mano/buen estado;True;False;Distrito Chamartín;Madrid capital, Madrid;27.69;Piso
995;estudio;32;0;1;Segunda mano/buen estado;True;True;Distrito Chamartín;Madrid capital, Madrid;31.09;Piso
1881;dúplex;65;2;1;Segunda mano/buen estado;True;True;Distrito Chamartín;Madrid capital, Madrid;28.94;other
1950;piso;53;0;1;Segunda mano/buen estado;False;True;Distrito Chamartín;Madrid capital, Madrid;36.79;Piso
1690;piso;64;2;1;Segunda mano/buen estado;True;True;Distrito Chamartín;Madrid capital, Madrid;26.41;Piso
2200;piso;116;3;2;Segunda mano/buen estado;False;True;Distrito Chamartín;Madrid capital, Madrid;18.97;Piso
2500;piso;136;2;2;Segunda mano/buen estado;True;True;Distrito Chamartín;Madrid capital, Madrid;18.38;Piso
1750;piso;90;2;2;Segunda mano/buen estado;True;True;Distrito Chamartín;Madrid capital, Madrid;19.44;Piso
3848;piso;120;3;2;Segunda mano/buen estado;True;True;Distrito Chamartín;Madrid capital, Madrid;32.07;Piso
3200;piso;187;3;3;Segunda mano/buen estado;True;True;Distrito Chamartín;Madrid capital, Madrid;17.11;Piso
2900;piso;185;3;3;Segunda mano/buen estado;False;False;Distrito Chamartín;Madrid capital, Madrid;15.68;Piso
1400;piso;50;0;1;Segunda mano/buen estado;True;True;Distrito Chamartín;Madrid capital, Madrid;28.0;Piso
1400;piso;51;2;1;Segunda mano/buen estado;True;True;Distrito Chamartín;Madrid capital, Madrid;27.45;Piso
1500;piso;48;0;1;Segunda mano/buen estado;True;True;Distrito Chamartín;Madrid capital, Madrid;31.25;Piso
2300;piso;75;2;1;Segunda mano/buen estado;True;True;Distrito Chamartín;Madrid capital, Madrid;30.67;Piso
11000;ático;298;3;3;Segunda mano/buen estado;False;True;Distrito Chamartín;Madrid capital, Madrid;36.91;Piso
1950;piso;50;0;1;Segunda mano/buen estado;True;True;Distrito Chamartín;Madrid capital, Madrid;39.0;Piso
1300;estudio;50;0;1;Segunda mano/buen estado;True;False;Distrito Chamartín;Madrid capital, Madrid;26.0;Piso
2745;piso;48;0;1;Segunda mano/buen estado;True;True;Distrito Chamartín;Madrid capital, Madrid;57.19;Piso
2000;piso;120;2;3;Segunda mano/buen estado;False;False;Distrito Chamartín;Madrid capital, Madrid;16.67;Piso
5535;piso;148;3;3;Segunda mano/buen estado;True;True;Distrito Chamartín;Madrid capital, Madrid;37.4;Piso
1300;piso;50;0;1;Segunda mano/buen estado;True;True;Distrito Chamartín;Madrid capital, Madrid;26.0;Piso
1500;piso;45;0;1;Segunda mano/buen estado;True;True;Distrito Chamartín;Madrid capital, Madrid;33.33;Piso
2800;piso;81;2;1;Segunda mano/buen estado;True;True;Distrito Chamartín;Madrid capital, Madrid;34.57;Piso
2430;piso;50;0;1;Segunda mano/buen estado;True;True;Distrito Chamartín;Madrid capital, Madrid;48.6;Piso
1100;estudio;42;0;1;Segunda mano/buen estado;False;True;Distrito Chamartín;Madrid capital, Madrid;26.19;Piso
1550;dúplex;70;0;2;Segunda mano/buen estado;True;True;Distrito Chamartín;Madrid capital, Madrid;22.14;other
3495;piso;98;3;3;Segunda mano/buen estado;True;True;Distrito Chamartín;Madrid capital, Madrid;35.66;Piso
1000;estudio;35;0;1;Segunda mano/buen estado;False;False;Distrito Chamartín;Madrid capital, Madrid;28.57;Piso
1600;piso;60;2;1;Segunda mano/buen estado;True;True;Distrito Chamartín;Madrid capital, Madrid;26.67;Piso
1500;piso;45;0;1;Segunda mano/buen estado;True;True;Distrito Chamartín;Madrid capital, Madrid;33.33;Piso
1900;piso;91;2;2;Segunda mano/buen estado;True;True;Distrito Chamartín;Madrid capital, Madrid;20.88;Piso
2385;piso;72;0;1;Segunda mano/buen estado;True;True;Distrito Chamartín;Madrid capital, Madrid;33.12;Piso
6210;piso;250;3;4;Segunda mano/buen estado;True;True;Distrito Chamartín;Madrid capital, Madrid;24.84;Piso
2800;piso;85;3;2;Segunda mano/buen estado;True;True;Distrito Chamartín;Madrid capital, Madrid;32.94;Piso
2800;piso;81;2;1;Segunda mano/buen estado;True;True;Distrito Chamartín;Madrid capital, Madrid;34.57;Piso
1300;piso;50;0;1;Segunda mano/buen estado;True;True;Distrito Chamartín;Madrid capital, Madrid;26.0;Piso
1600;estudio;40;0;1;Segunda mano/buen estado;True;True;Distrito Chamartín;Madrid capital, Madrid;40.0;Piso
1300;estudio;50;0;1;Segunda mano/buen estado;True;False;Distrito Chamartín;Madrid capital, Madrid;26.0;Piso
2000;piso;120;2;3;Segunda mano/buen estado;False;False;Distrito Chamartín;Madrid capital, Madrid;16.67;Piso
2495;piso;56;0;1;Segunda mano/buen estado;True;True;Distrito Chamartín;Madrid capital, Madrid;44.55;Piso
1700;piso;75;2;1;Segunda mano/buen estado;True;True;Distrito Chamartín;Madrid capital, Madrid;22.67;Piso
2745;piso;48;0;1;Segunda mano/buen estado;True;True;Distrito Chamartín;Madrid capital, Madrid;57.19;Piso
2295;piso;48;0;1;Segunda mano/buen estado;True;True;Distrito Chamartín;Madrid capital, Madrid;47.81;Piso
1800;piso;75;2;1;Segunda mano/buen estado;True;True;Distrito Chamartín;Madrid capital, Madrid;24.0;Piso
3900;piso;75;4;4;Segunda mano/buen estado;True;True;Distrito Chamartín;Madrid capital, Madrid;52.0;Piso
3290;piso;85;2;2;Segunda mano/buen estado;True;True;Distrito Chamartín;Madrid capital, Madrid;38.71;Piso
1400;piso;65;0;1;Segunda mano/buen estado;True;True;Distrito Chamartín;Madrid capital, Madrid;21.54;Piso
5500;piso;285;4;4;Segunda mano/buen estado;True;True;Distrito Chamartín;Madrid capital, Madrid;19.3;Piso
1250;piso;32;0;1;Segunda mano/buen estado;True;True;Distrito Chamartín;Madrid capital, Madrid;39.06;Piso
2750;chalet;130;2;2;Segunda mano/buen estado;True;True;Distrito Chamartín;Madrid capital, Madrid;21.15;other
2900;piso;154;3;3;Segunda mano/buen estado;True;False;Distrito Chamartín;Madrid capital, Madrid;18.83;Piso
1200;estudio;35;0;1;Segunda mano/buen estado;True;True;Distrito Chamartín;Madrid capital, Madrid;34.29;Piso
1400;piso;75;2;1;Segunda mano/buen estado;False;True;Distrito Chamartín;Madrid capital, Madrid;18.67;Piso
5500;piso;285;4;4;Segunda mano/buen estado;True;True;Distrito Chamartín;Madrid capital, Madrid;19.3;Piso
1400;piso;75;2;1;Segunda mano/buen estado;False;True;Distrito Chamartín;Madrid capital, Madrid;18.67;Piso
1200;estudio;35;0;1;Segunda mano/buen estado;True;True;Distrito Chamartín;Madrid capital, Madrid;34.29;Piso
1800;piso;60;0;1;Segunda mano/buen estado;True;True;Distrito Chamartín;Madrid capital, Madrid;30.0;Piso
1400;piso;65;0;1;Segunda mano/buen estado;True;True;Distrito Chamartín;Madrid capital, Madrid;21.54;Piso
2250;piso;93;2;2;Segunda mano/buen estado;True;True;Distrito Chamartín;Madrid capital, Madrid;24.19;Piso
3500;ático;134;2;2;Segunda mano/buen estado;True;True;Distrito Chamartín;Madrid capital, Madrid;26.12;Piso
2800;piso;150;4;2;Segunda mano/buen estado;True;True;Distrito Chamartín;Madrid capital, Madrid;18.67;Piso
2200;piso;84;0;1;Segunda mano/buen estado;True;True;Distrito Chamartín;Madrid capital, Madrid;26.19;Piso
1700;piso;70;2;1;Segunda mano/buen estado;True;True;Distrito Chamartín;Madrid capital, Madrid;24.29;Piso
1400;piso;69;0;1;Segunda mano/buen estado;True;True;Distrito Chamartín;Madrid capital, Madrid;20.29;Piso
1200;piso;50;0;1;Segunda mano/buen estado;True;False;Distrito Chamartín;Madrid capital, Madrid;24.0;Piso
2950;piso;98;2;2;Segunda mano/buen estado;True;True;Distrito Chamartín;Madrid capital, Madrid;30.1;Piso
1290;piso;60;0;1;Segunda mano/buen estado;True;True;Distrito Chamartín;Madrid capital, Madrid;21.5;Piso
3950;piso;191;3;4;Segunda mano/buen estado;True;True;Distrito Chamartín;Madrid capital, Madrid;20.68;Piso
5000;piso;290;4;4;Segunda mano/buen estado;True;True;Distrito Chamartín;Madrid capital, Madrid;17.24;Piso
1350;piso;81;0;1;Segunda mano/buen estado;True;True;Distrito Chamartín;Madrid capital, Madrid;16.67;Piso
1450;piso;67;0;1;Segunda mano/buen estado;True;True;Distrito Chamartín;Madrid capital, Madrid;21.64;Piso
2350;piso;101;2;3;Segunda mano/buen estado;True;True;Distrito Chamartín;Madrid capital, Madrid;23.27;Piso
2000;piso;65;2;1;Segunda mano/buen estado;False;True;Distrito Chamartín;Madrid capital, Madrid;30.77;Piso
2000;ático;60;0;1;Segunda mano/buen estado;False;True;Distrito Chamartín;Madrid capital, Madrid;33.33;Piso
5950;ático;175;3;4;Segunda mano/buen estado;True;True;Distrito Chamartín;Madrid capital, Madrid;34.0;Piso
2300;piso;108;2;2;Segunda mano/buen estado;True;True;Distrito Chamartín;Madrid capital, Madrid;21.3;Piso
2700;piso;110;2;2;Segunda mano/buen estado;True;True;Distrito Chamartín;Madrid capital, Madrid;24.55;Piso
3500;piso;200;4;3;Segunda mano/buen estado;False;False;Distrito Chamartín;Madrid capital, Madrid;17.5;Piso
1400;dúplex;84;2;2;Segunda mano/buen estado;True;True;Distrito Chamartín;Madrid capital, Madrid;16.67;other
990;piso;40;0;1;Segunda mano/buen estado;True;True;Distrito Chamartín;Madrid capital, Madrid;24.75;Piso
2300;piso;110;2;2;Segunda mano/buen estado;True;True;Distrito Chamartín;Madrid capital, Madrid;20.91;Piso
1350;piso;47;0;1;Segunda mano/buen estado;True;True;Distrito Chamartín;Madrid capital, Madrid;28.72;Piso
2300;piso;88;2;2;Segunda mano/buen estado;True;True;Distrito Chamartín;Madrid capital, Madrid;26.14;Piso
1125;piso;50;0;1;Segunda mano/buen estado;True;False;Distrito Chamberí;Madrid capital, Madrid;22.5;Piso
3000;piso;100;4;2;Segunda mano/buen estado;True;False;Distrito Chamberí;Madrid capital, Madrid;30.0;Piso
3500;piso;117;3;2;Segunda mano/buen estado;True;True;Distrito Chamberí;Madrid capital, Madrid;29.91;Piso
2280;piso;75;3;1;Segunda mano/buen estado;True;False;Distrito Chamberí;Madrid capital, Madrid;30.4;Piso
975;ático;30;0;1;Segunda mano/buen estado;False;True;Distrito Chamberí;Madrid capital, Madrid;32.5;Piso
1350;estudio;65;0;1;Segunda mano/buen estado;True;True;Distrito Chamberí;Madrid capital, Madrid;20.77;Piso
850;estudio;38;0;1;Segunda mano/buen estado;True;False;Distrito Chamberí;Madrid capital, Madrid;22.37;Piso
2950;piso;116;3;2;Segunda mano/buen estado;True;True;Distrito Chamberí;Madrid capital, Madrid;25.43;Piso
1200;piso;55;0;1;Segunda mano/buen estado;False;False;Distrito Chamberí;Madrid capital, Madrid;21.82;Piso
1600;piso;40;0;1;Segunda mano/buen estado;True;True;Distrito Chamberí;Madrid capital, Madrid;40.0;Piso
3200;piso;172;4;2;Segunda mano/buen estado;True;True;Distrito Chamberí;Madrid capital, Madrid;18.6;Piso
2400;piso;63;2;1;Segunda mano/buen estado;True;True;Distrito Chamberí;Madrid capital, Madrid;38.1;Piso
1300;piso;50;0;1;Segunda mano/buen estado;False;True;Distrito Chamberí;Madrid capital, Madrid;26.0;Piso
2200;piso;46;0;1;Segunda mano/buen estado;True;True;Distrito Chamberí;Madrid capital, Madrid;47.83;Piso
1700;dúplex;95;2;1;Segunda mano/buen estado;True;False;Distrito Chamberí;Madrid capital, Madrid;17.89;other
6000;piso;160;3;3;Segunda mano/buen estado;False;True;Distrito Chamberí;Madrid capital, Madrid;37.5;Piso
1800;piso;85;3;1;Segunda mano/buen estado;False;False;Distrito Chamberí;Madrid capital, Madrid;21.18;Piso
1500;piso;68;0;1;Segunda mano/buen estado;True;True;Distrito Chamberí;Madrid capital, Madrid;22.06;Piso
3400;piso;155;3;3;Segunda mano/buen estado;True;True;Distrito Chamberí;Madrid capital, Madrid;21.94;Piso
2500;piso;109;3;2;Segunda mano/buen estado;True;True;Distrito Chamberí;Madrid capital, Madrid;22.94;Piso
1800;piso;71;2;1;Segunda mano/buen estado;True;False;Distrito Chamberí;Madrid capital, Madrid;25.35;Piso
7000;piso;190;3;3;Segunda mano/buen estado;True;True;Distrito Chamberí;Madrid capital, Madrid;36.84;Piso
1100;estudio;33;0;1;Segunda mano/buen estado;True;True;Distrito Chamberí;Madrid capital, Madrid;33.33;Piso
3000;ático;165;3;2;Segunda mano/buen estado;True;True;Distrito Chamberí;Madrid capital, Madrid;18.18;Piso
1450;dúplex;49;0;1;Segunda mano/buen estado;True;True;Distrito Chamberí;Madrid capital, Madrid;29.59;other
3600;piso;112;3;2;Segunda mano/buen estado;True;True;Distrito Chamberí;Madrid capital, Madrid;32.14;Piso
2000;piso;70;2;2;Segunda mano/buen estado;True;True;Distrito Chamberí;Madrid capital, Madrid;28.57;Piso
3300;ático;116;2;2;Segunda mano/buen estado;True;True;Distrito Chamberí;Madrid capital, Madrid;28.45;Piso
1100;estudio;29;0;1;Segunda mano/buen estado;True;True;Distrito Chamberí;Madrid capital, Madrid;37.93;Piso
1100;estudio;30;0;1;Segunda mano/buen estado;True;False;Distrito Chamberí;Madrid capital, Madrid;36.67;Piso
900;piso;60;0;1;Segunda mano/buen estado;True;True;Distrito Chamberí;Madrid capital, Madrid;15.0;Piso
3800;piso;239;3;3;Segunda mano/buen estado;False;True;Distrito Chamberí;Madrid capital, Madrid;15.9;Piso
2400;piso;91;2;2;Segunda mano/buen estado;True;True;Distrito Chamberí;Madrid capital, Madrid;26.37;Piso
3800;piso;73;2;2;Segunda mano/buen estado;True;True;Distrito Chamberí;Madrid capital, Madrid;52.05;Piso
2600;piso;69;2;2;Segunda mano/buen estado;True;True;Distrito Chamberí;Madrid capital, Madrid;37.68;Piso
1550;piso;50;2;1;Segunda mano/buen estado;True;False;Distrito Chamberí;Madrid capital, Madrid;31.0;Piso
2350;piso;100;2;2;Segunda mano/buen estado;True;True;Distrito Chamberí;Madrid capital, Madrid;23.5;Piso
4200;ático;130;3;2;Segunda mano/buen estado;False;True;Distrito Chamberí;Madrid capital, Madrid;32.31;Piso
900;piso;40;2;1;Segunda mano/buen estado;False;False;Distrito Chamberí;Madrid capital, Madrid;22.5;Piso
1650;piso;55;2;1;Segunda mano/buen estado;True;False;Distrito Chamberí;Madrid capital, Madrid;30.0;Piso
1900;piso;45;2;1;Segunda mano/buen estado;True;True;Distrito Chamberí;Madrid capital, Madrid;42.22;Piso
1500;piso;80;2;1;Segunda mano/buen estado;False;True;Distrito Chamberí;Madrid capital, Madrid;18.75;Piso
1700;dúplex;90;2;2;Segunda mano/buen estado;True;False;Distrito Chamberí;Madrid capital, Madrid;18.89;other
1880;piso;61;2;1;Segunda mano/buen estado;False;True;Distrito Chamberí;Madrid capital, Madrid;30.82;Piso
1200;piso;40;2;1;Segunda mano/buen estado;False;False;Distrito Chamberí;Madrid capital, Madrid;30.0;Piso
1850;piso;70;2;1;Segunda mano/buen estado;True;True;Distrito Chamberí;Madrid capital, Madrid;26.43;Piso
3700;piso;200;3;3;Segunda mano/buen estado;True;True;Distrito Chamberí;Madrid capital, Madrid;18.5;Piso
4000;piso;190;3;2;Segunda mano/buen estado;True;True;Distrito Chamberí;Madrid capital, Madrid;21.05;Piso
1150;piso;36;2;1;Segunda mano/buen estado;True;True;Distrito Chamberí;Madrid capital, Madrid;31.94;Piso
900;estudio;45;0;1;Segunda mano/buen estado;False;False;Distrito Chamberí;Madrid capital, Madrid;20.0;Piso
850;piso;60;2;1;Segunda mano/buen estado;False;False;Distrito Chamberí;Madrid capital, Madrid;14.17;Piso
1670;piso;61;2;2;Segunda mano/buen estado;False;True;Distrito Chamberí;Madrid capital, Madrid;27.38;Piso
1600;piso;58;0;1;Segunda mano/buen estado;True;True;Distrito Chamberí;Madrid capital, Madrid;27.59;Piso
2400;piso;95;2;1;Segunda mano/buen estado;True;True;Distrito Chamberí;Madrid capital, Madrid;25.26;Piso
2290;piso;111;2;2;Segunda mano/buen estado;True;True;Distrito Chamberí;Madrid capital, Madrid;20.63;Piso
1950;piso;82;2;1;Segunda mano/buen estado;True;True;Distrito Chamberí;Madrid capital, Madrid;23.78;Piso
1500;piso;60;2;1;Segunda mano/buen estado;True;True;Distrito Chamberí;Madrid capital, Madrid;25.0;Piso
3800;piso;210;5;6;Segunda mano/buen estado;False;False;Distrito Chamberí;Madrid capital, Madrid;18.1;Piso
2900;piso;105;2;2;Segunda mano/buen estado;True;True;Distrito Chamberí;Madrid capital, Madrid;27.62;Piso
1740;piso;62;0;2;Segunda mano/buen estado;False;True;Distrito Chamberí;Madrid capital, Madrid;28.06;Piso
1500;piso;80;2;1;Segunda mano/buen estado;True;True;Distrito Chamberí;Madrid capital, Madrid;18.75;Piso
1740;piso;62;0;2;Segunda mano/buen estado;False;True;Distrito Chamberí;Madrid capital, Madrid;28.06;Piso
1700;piso;80;3;1;Segunda mano/buen estado;True;True;Distrito Chamberí;Madrid capital, Madrid;21.25;Piso
1900;piso;95;3;2;Segunda mano/buen estado;True;True;Distrito Chamberí;Madrid capital, Madrid;20.0;Piso
2700;piso;100;3;1;Segunda mano/buen estado;True;False;Distrito Chamberí;Madrid capital, Madrid;27.0;Piso
4700;piso;160;4;3;Segunda mano/buen estado;True;True;Distrito Chamberí;Madrid capital, Madrid;29.38;Piso
1250;estudio;45;0;1;Segunda mano/buen estado;True;True;Distrito Chamberí;Madrid capital, Madrid;27.78;Piso
1200;ático;42;0;1;Segunda mano/buen estado;True;True;Distrito Chamberí;Madrid capital, Madrid;28.57;Piso
1990;piso;90;2;1;Segunda mano/buen estado;True;True;Distrito Chamberí;Madrid capital, Madrid;22.11;Piso
1150;piso;75;2;1;Segunda mano/buen estado;True;False;Distrito Chamberí;Madrid capital, Madrid;15.33;Piso
850;estudio;45;0;1;Segunda mano/buen estado;True;False;Distrito Chamberí;Madrid capital, Madrid;18.89;Piso
2100;piso;70;2;1;Segunda mano/buen estado;False;True;Distrito Chamberí;Madrid capital, Madrid;30.0;Piso
1500;piso;43;0;1;Segunda mano/buen estado;True;False;Distrito Chamberí;Madrid capital, Madrid;34.88;Piso
2250;piso;90;3;1;Segunda mano/buen estado;True;False;Distrito Chamberí;Madrid capital, Madrid;25.0;Piso
1800;piso;110;2;2;Segunda mano/buen estado;True;True;Distrito Chamberí;Madrid capital, Madrid;16.36;Piso
4300;piso;206;4;2;Segunda mano/buen estado;True;True;Distrito Chamberí;Madrid capital, Madrid;20.87;Piso
780;estudio;35;0;1;Segunda mano/buen estado;True;True;Distrito Chamberí;Madrid capital, Madrid;22.29;Piso
3000;piso;160;4;3;Segunda mano/buen estado;False;False;Distrito Chamberí;Madrid capital, Madrid;18.75;Piso
2150;piso;70;0;1;Segunda mano/buen estado;True;True;Distrito Chamberí;Madrid capital, Madrid;30.71;Piso
4000;piso;175;4;2;Segunda mano/buen estado;True;True;Distrito Chamberí;Madrid capital, Madrid;22.86;Piso
1450;piso;58;2;1;Segunda mano/buen estado;False;True;Distrito Chamberí;Madrid capital, Madrid;25.0;Piso
1600;dúplex;50;0;1;Segunda mano/buen estado;True;True;Distrito Chamberí;Madrid capital, Madrid;32.0;other
1399;piso;45;0;1;Segunda mano/buen estado;True;True;Distrito Chamberí;Madrid capital, Madrid;31.09;Piso
2300;piso;110;3;2;Segunda mano/buen estado;False;True;Distrito Chamberí;Madrid capital, Madrid;20.91;Piso
1750;piso;67;3;1;Segunda mano/buen estado;False;False;Distrito Chamberí;Madrid capital, Madrid;26.12;Piso
3000;piso;120;4;1;Segunda mano/buen estado;False;False;Distrito Chamberí;Madrid capital, Madrid;25.0;Piso
1500;piso;55;2;1;Segunda mano/buen estado;True;True;Distrito Chamberí;Madrid capital, Madrid;27.27;Piso
7200;piso;216;3;3;Segunda mano/buen estado;False;True;Distrito Chamberí;Madrid capital, Madrid;33.33;Piso
1050;estudio;39;0;1;Segunda mano/buen estado;True;True;Distrito Chamberí;Madrid capital, Madrid;26.92;Piso
1300;piso;60;2;1;Segunda mano/buen estado;False;False;Distrito Chamberí;Madrid capital, Madrid;21.67;Piso
1800;piso;55;3;1;Segunda mano/buen estado;False;False;Distrito Chamberí;Madrid capital, Madrid;32.73;Piso
1350;estudio;38;0;1;Segunda mano/buen estado;False;False;Distrito Chamberí;Madrid capital, Madrid;35.53;Piso
1300;piso;50;0;1;Segunda mano/buen estado;True;True;Distrito Chamberí;Madrid capital, Madrid;26.0;Piso
3100;piso;130;5;2;Segunda mano/buen estado;False;False;Distrito Chamberí;Madrid capital, Madrid;23.85;Piso
1700;piso;72;3;2;Segunda mano/buen estado;True;False;Distrito Chamberí;Madrid capital, Madrid;23.61;Piso
1950;piso;50;0;1;Segunda mano/buen estado;True;True;Distrito Chamberí;Madrid capital, Madrid;39.0;Piso
2800;piso;160;4;2;Segunda mano/buen estado;True;False;Distrito Chamberí;Madrid capital, Madrid;17.5;Piso
2640;piso;70;2;2;Segunda mano/buen estado;False;True;Distrito Chamberí;Madrid capital, Madrid;37.71;Piso
1100;piso;50;0;1;Segunda mano/buen estado;True;False;Distrito Chamberí;Madrid capital, Madrid;22.0;Piso
3000;ático;165;3;2;Segunda mano/buen estado;True;True;Distrito Chamberí;Madrid capital, Madrid;18.18;Piso
1600;piso;55;2;1;Segunda mano/buen estado;True;False;Distrito Chamberí;Madrid capital, Madrid;29.09;Piso
2250;piso;60;0;2;Segunda mano/buen estado;True;True;Distrito Chamberí;Madrid capital, Madrid;37.5;Piso
7500;piso;250;4;3;Segunda mano/buen estado;True;True;Distrito Chamberí;Madrid capital, Madrid;30.0;Piso
3510;piso;90;3;2;Segunda mano/buen estado;True;True;Distrito Chamberí;Madrid capital, Madrid;39.0;Piso
2750;piso;131;0;2;Segunda mano/buen estado;True;True;Distrito Chamberí;Madrid capital, Madrid;20.99;Piso
3400;piso;90;2;2;Segunda mano/buen estado;False;True;Distrito Chamberí;Madrid capital, Madrid;37.78;Piso
2600;piso;98;4;1;Segunda mano/buen estado;True;False;Distrito Chamberí;Madrid capital, Madrid;26.53;Piso
8900;piso;263;3;3;Segunda mano/buen estado;True;True;Distrito Chamberí;Madrid capital, Madrid;33.84;Piso
1950;piso;79;3;2;Segunda mano/buen estado;True;True;Distrito Chamberí;Madrid capital, Madrid;24.68;Piso
13000;ático;232;3;4;Segunda mano/buen estado;True;True;Distrito Chamberí;Madrid capital, Madrid;56.03;Piso
1200;piso;45;0;1;Segunda mano/buen estado;True;True;Distrito Chamberí;Madrid capital, Madrid;26.67;Piso
4500;piso;256;4;4;Segunda mano/buen estado;True;True;Distrito Chamberí;Madrid capital, Madrid;17.58;Piso
3250;piso;142;5;2;Segunda mano/buen estado;True;True;Distrito Chamberí;Madrid capital, Madrid;22.89;Piso
2500;piso;60;2;1;Segunda mano/buen estado;True;True;Distrito Chamberí;Madrid capital, Madrid;41.67;Piso
2600;piso;121;3;2;Segunda mano/buen estado;True;True;Distrito Chamberí;Madrid capital, Madrid;21.49;Piso
2950;ático;130;2;2;Segunda mano/buen estado;True;True;Distrito Chamberí;Madrid capital, Madrid;22.69;Piso
1600;dúplex;63;0;2;Segunda mano/buen estado;True;True;Distrito Chamberí;Madrid capital, Madrid;25.4;other
1250;ático;58;0;1;Segunda mano/buen estado;True;True;Distrito Chamberí;Madrid capital, Madrid;21.55;Piso
2100;piso;84;2;2;Segunda mano/buen estado;True;True;Distrito Chamberí;Madrid capital, Madrid;25.0;Piso
1750;piso;45;2;1;Segunda mano/buen estado;True;True;Distrito Chamberí;Madrid capital, Madrid;38.89;Piso
1700;piso;45;0;1;Segunda mano/buen estado;True;True;Distrito Chamberí;Madrid capital, Madrid;37.78;Piso
900;estudio;30;0;1;Segunda mano/buen estado;True;True;Distrito Chamberí;Madrid capital, Madrid;30.0;Piso
10500;piso;245;3;3;Segunda mano/buen estado;False;True;Distrito Chamberí;Madrid capital, Madrid;42.86;Piso
4200;piso;110;2;2;Segunda mano/buen estado;True;True;Distrito Chamberí;Madrid capital, Madrid;38.18;Piso
3800;piso;140;3;3;Segunda mano/buen estado;True;True;Distrito Chamberí;Madrid capital, Madrid;27.14;Piso
3000;piso;98;3;2;Segunda mano/buen estado;True;True;Distrito Chamberí;Madrid capital, Madrid;30.61;Piso
1400;piso;50;2;1;Segunda mano/buen estado;False;True;Distrito Chamberí;Madrid capital, Madrid;28.0;Piso
1450;piso;60;0;1;Segunda mano/buen estado;True;False;Distrito Chamberí;Madrid capital, Madrid;24.17;Piso
900;estudio;30;0;1;Segunda mano/buen estado;True;False;Distrito Chamberí;Madrid capital, Madrid;30.0;Piso
1900;piso;80;3;1;Segunda mano/buen estado;True;False;Distrito Chamberí;Madrid capital, Madrid;23.75;Piso
1700;piso;80;2;2;Segunda mano/buen estado;True;True;Distrito Chamberí;Madrid capital, Madrid;21.25;Piso
2400;ático;160;2;2;Segunda mano/buen estado;True;True;Distrito Chamberí;Madrid capital, Madrid;15.0;Piso
1200;piso;45;0;1;Segunda mano/buen estado;True;True;Distrito Chamberí;Madrid capital, Madrid;26.67;Piso
1750;piso;56;2;1;Segunda mano/buen estado;False;True;Distrito Chamberí;Madrid capital, Madrid;31.25;Piso
1450;piso;60;2;1;Segunda mano/buen estado;True;False;Distrito Chamberí;Madrid capital, Madrid;24.17;Piso
3500;piso;158;3;3;Segunda mano/buen estado;False;True;Distrito Chamberí;Madrid capital, Madrid;22.15;Piso
2500;piso;141;3;2;Segunda mano/buen estado;True;True;Distrito Chamberí;Madrid capital, Madrid;17.73;Piso
2300;piso;125;3;2;Segunda mano/buen estado;True;True;Distrito Chamberí;Madrid capital, Madrid;18.4;Piso
4300;ático;194;3;2;Segunda mano/buen estado;False;True;Distrito Chamberí;Madrid capital, Madrid;22.16;Piso
3545;piso;147;4;2;Segunda mano/buen estado;True;True;Distrito Chamberí;Madrid capital, Madrid;24.12;Piso
3550;piso;105;2;2;Segunda mano/buen estado;True;True;Distrito Chamberí;Madrid capital, Madrid;33.81;Piso
3520;piso;120;3;2;Segunda mano/buen estado;True;True;Distrito Chamberí;Madrid capital, Madrid;29.33;Piso
3915;piso;100;3;2;Segunda mano/buen estado;True;True;Distrito Chamberí;Madrid capital, Madrid;39.15;Piso
950;estudio;30;0;1;Segunda mano/buen estado;False;False;Distrito Chamberí;Madrid capital, Madrid;31.67;Piso
1600;piso;45;2;1;Segunda mano/buen estado;False;True;Distrito Chamberí;Madrid capital, Madrid;35.56;Piso
2400;piso;117;3;2;Segunda mano/buen estado;True;True;Distrito Chamberí;Madrid capital, Madrid;20.51;Piso
3500;piso;226;4;3;Segunda mano/buen estado;True;True;Distrito Chamberí;Madrid capital, Madrid;15.49;Piso
2895;piso;99;3;2;Segunda mano/buen estado;True;True;Distrito Chamberí;Madrid capital, Madrid;29.24;Piso
2555;piso;70;2;1;Segunda mano/buen estado;True;True;Distrito Chamberí;Madrid capital, Madrid;36.5;Piso
3330;piso;95;2;2;Segunda mano/buen estado;True;True;Distrito Chamberí;Madrid capital, Madrid;35.05;Piso
2025;piso;65;0;1;Segunda mano/buen estado;True;True;Distrito Chamberí;Madrid capital, Madrid;31.15;Piso
3300;piso;132;2;2;Segunda mano/buen estado;True;True;Distrito Chamberí;Madrid capital, Madrid;25.0;Piso
1915;piso;41;0;1;Segunda mano/buen estado;True;True;Distrito Chamberí;Madrid capital, Madrid;46.71;Piso
2415;piso;76;2;1;Segunda mano/buen estado;True;True;Distrito Chamberí;Madrid capital, Madrid;31.78;Piso
3320;piso;65;2;1;Segunda mano/buen estado;True;True;Distrito Chamberí;Madrid capital, Madrid;51.08;Piso
4005;piso;81;2;2;Segunda mano/buen estado;True;True;Distrito Chamberí;Madrid capital, Madrid;49.44;Piso
2345;piso;66;2;2;Segunda mano/buen estado;True;True;Distrito Chamberí;Madrid capital, Madrid;35.53;Piso
1965;piso;71;2;1;Segunda mano/buen estado;True;True;Distrito Chamberí;Madrid capital, Madrid;27.68;Piso
2600;ático;115;3;2;Segunda mano/buen estado;False;False;Distrito Chamberí;Madrid capital, Madrid;22.61;Piso
6100;piso;152;3;3;Segunda mano/buen estado;True;True;Distrito Chamberí;Madrid capital, Madrid;40.13;Piso
6100;piso;152;3;3;Segunda mano/buen estado;True;True;Distrito Chamberí;Madrid capital, Madrid;40.13;Piso
2450;ático;81;2;2;Segunda mano/buen estado;True;True;Distrito Chamberí;Madrid capital, Madrid;30.25;Piso
3195;piso;123;3;2;Segunda mano/buen estado;True;True;Distrito Chamberí;Madrid capital, Madrid;25.98;Piso
2895;piso;87;2;2;Segunda mano/buen estado;True;True;Distrito Chamberí;Madrid capital, Madrid;33.28;Piso
4750;piso;140;4;2;Segunda mano/buen estado;False;True;Distrito Chamberí;Madrid capital, Madrid;33.93;Piso
3600;piso;132;2;2;Segunda mano/buen estado;True;True;Distrito Chamberí;Madrid capital, Madrid;27.27;Piso
6750;piso;187;3;3;Segunda mano/buen estado;True;True;Distrito Chamberí;Madrid capital, Madrid;36.1;Piso
3000;piso;180;3;2;Segunda mano/buen estado;True;True;Distrito Chamberí;Madrid capital, Madrid;16.67;Piso
2500;dúplex;113;3;2;Segunda mano/buen estado;True;True;Distrito Chamberí;Madrid capital, Madrid;22.12;other
1050;piso;43;0;1;Segunda mano/buen estado;True;True;Distrito Chamberí;Madrid capital, Madrid;24.42;Piso
2750;piso;100;3;2;Segunda mano/buen estado;True;True;Distrito Chamberí;Madrid capital, Madrid;27.5;Piso
10500;piso;245;3;3;Segunda mano/buen estado;True;True;Distrito Chamberí;Madrid capital, Madrid;42.86;Piso
3600;piso;132;2;2;Segunda mano/buen estado;True;True;Distrito Chamberí;Madrid capital, Madrid;27.27;Piso
950;estudio;32;0;1;Segunda mano/buen estado;False;False;Distrito Chamberí;Madrid capital, Madrid;29.69;Piso
2950;ático;99;2;2;Segunda mano/buen estado;True;True;Distrito Chamberí;Madrid capital, Madrid;29.8;Piso
2400;piso;115;4;2;Segunda mano/buen estado;True;True;Distrito Chamberí;Madrid capital, Madrid;20.87;Piso
2950;ático;140;2;2;Segunda mano/buen estado;True;True;Distrito Chamberí;Madrid capital, Madrid;21.07;Piso
6500;piso;206;3;4;Segunda mano/buen estado;True;True;Distrito Chamberí;Madrid capital, Madrid;31.55;Piso
3600;piso;132;2;2;Segunda mano/buen estado;True;True;Distrito Chamberí;Madrid capital, Madrid;27.27;Piso
3550;piso;167;3;2;Segunda mano/buen estado;True;True;Distrito Chamberí;Madrid capital, Madrid;21.26;Piso
2100;piso;121;2;2;Segunda mano/buen estado;False;True;Distrito Chamberí;Madrid capital, Madrid;17.36;Piso
2850;piso;92;0;1;Segunda mano/buen estado;True;True;Distrito Chamberí;Madrid capital, Madrid;30.98;Piso
4850;piso;176;3;3;Segunda mano/buen estado;False;True;Distrito Chamberí;Madrid capital, Madrid;27.56;Piso
2850;piso;135;3;2;Segunda mano/buen estado;False;True;Distrito Chamberí;Madrid capital, Madrid;21.11;Piso
2900;piso;125;2;2;Segunda mano/buen estado;True;True;Distrito Chamberí;Madrid capital, Madrid;23.2;Piso
1290;piso;40;0;1;Segunda mano/buen estado;False;False;Distrito Chamberí;Madrid capital, Madrid;32.25;Piso
4500;piso;150;3;3;Segunda mano/buen estado;True;True;Distrito Chamberí;Madrid capital, Madrid;30.0;Piso
1290;piso;40;0;1;Segunda mano/buen estado;False;False;Distrito Chamberí;Madrid capital, Madrid;32.25;Piso
3140;piso;134;3;4;Segunda mano/buen estado;True;True;Distrito Chamberí;Madrid capital, Madrid;23.43;Piso
3995;piso;152;3;2;Segunda mano/buen estado;True;True;Distrito Chamberí;Madrid capital, Madrid;26.28;Piso
5115;piso;129;3;3;Segunda mano/buen estado;True;False;Distrito Chamberí;Madrid capital, Madrid;39.65;Piso
3140;piso;134;3;4;Segunda mano/buen estado;True;True;Distrito Chamberí;Madrid capital, Madrid;23.43;Piso
1000;piso;45;0;1;Segunda mano/buen estado;True;True;Distrito Chamberí;Madrid capital, Madrid;22.22;Piso
1300;piso;40;0;1;Segunda mano/buen estado;False;True;Distrito Chamberí;Madrid capital, Madrid;32.5;Piso
2750;piso;131;2;2;Segunda mano/buen estado;True;True;Distrito Chamberí;Madrid capital, Madrid;20.99;Piso
2750;piso;131;2;2;Segunda mano/buen estado;True;True;Distrito Chamberí;Madrid capital, Madrid;20.99;Piso
1900;piso;88;2;1;Segunda mano/buen estado;False;True;Distrito Chamberí;Madrid capital, Madrid;21.59;Piso
3500;piso;99;2;2;Segunda mano/buen estado;False;True;Distrito Chamberí;Madrid capital, Madrid;35.35;Piso
6750;ático;191;3;3;Segunda mano/buen estado;True;True;Distrito Chamberí;Madrid capital, Madrid;35.34;Piso
2100;piso;69;2;1;Segunda mano/buen estado;False;True;Distrito Chamberí;Madrid capital, Madrid;30.43;Piso
1600;piso;50;2;1;Segunda mano/buen estado;False;False;Distrito Chamberí;Madrid capital, Madrid;32.0;Piso
2350;ático;110;2;1;Segunda mano/buen estado;True;True;Distrito Chamberí;Madrid capital, Madrid;21.36;Piso
2650;piso;125;3;2;Segunda mano/buen estado;True;True;Distrito Chamberí;Madrid capital, Madrid;21.2;Piso
1200;estudio;28;0;1;Segunda mano/buen estado;False;False;Distrito Chamberí;Madrid capital, Madrid;42.86;Piso
3800;piso;85;2;2;Segunda mano/buen estado;True;True;Distrito Chamberí;Madrid capital, Madrid;44.71;Piso
1450;piso;45;0;1;Segunda mano/buen estado;True;True;Distrito Chamberí;Madrid capital, Madrid;32.22;Piso
5500;piso;150;3;3;Segunda mano/buen estado;False;True;Distrito Chamberí;Madrid capital, Madrid;36.67;Piso
2750;piso;131;2;2;Segunda mano/buen estado;False;True;Distrito Chamberí;Madrid capital, Madrid;20.99;Piso
1350;piso;50;2;1;Segunda mano/buen estado;False;False;Distrito Chamberí;Madrid capital, Madrid;27.0;Piso
1400;estudio;47;0;1;Segunda mano/buen estado;True;True;Distrito Chamberí;Madrid capital, Madrid;29.79;Piso
1000;piso;40;0;1;Segunda mano/buen estado;False;True;Distrito Chamberí;Madrid capital, Madrid;25.0;Piso
3600;piso;120;3;3;Segunda mano/buen estado;True;True;Distrito Chamberí;Madrid capital, Madrid;30.0;Piso
4100;ático;90;2;2;Segunda mano/buen estado;True;True;Distrito Chamberí;Madrid capital, Madrid;45.56;Piso
2300;piso;74;2;2;Segunda mano/buen estado;True;True;Distrito Chamberí;Madrid capital, Madrid;31.08;Piso
1650;piso;79;3;1;Segunda mano/buen estado;False;False;Distrito Chamberí;Madrid capital, Madrid;20.89;Piso
2350;piso;110;3;1;Segunda mano/buen estado;False;True;Distrito Chamberí;Madrid capital, Madrid;21.36;Piso
1700;ático;57;0;1;Segunda mano/buen estado;False;True;Distrito Chamberí;Madrid capital, Madrid;29.82;Piso
3900;piso;289;4;3;Segunda mano/buen estado;True;True;Distrito Chamberí;Madrid capital, Madrid;13.49;Piso
7500;piso;294;4;5;Segunda mano/buen estado;True;True;Distrito Chamberí;Madrid capital, Madrid;25.51;Piso
1150;piso;37;0;1;Segunda mano/buen estado;False;False;Distrito Chamberí;Madrid capital, Madrid;31.08;Piso
2650;piso;155;3;3;Segunda mano/buen estado;False;True;Distrito Chamberí;Madrid capital, Madrid;17.1;Piso
1600;piso;40;2;2;Segunda mano/buen estado;False;True;Distrito Chamberí;Madrid capital, Madrid;40.0;Piso
8500;piso;427;6;3;Segunda mano/buen estado;False;True;Distrito Chamberí;Madrid capital, Madrid;19.91;Piso
2300;piso;74;2;2;Segunda mano/buen estado;True;True;Distrito Chamberí;Madrid capital, Madrid;31.08;Piso
1500;piso;60;0;1;Segunda mano/buen estado;False;True;Distrito Chamberí;Madrid capital, Madrid;25.0;Piso
7500;piso;294;4;5;Segunda mano/buen estado;True;True;Distrito Chamberí;Madrid capital, Madrid;25.51;Piso
3200;piso;120;2;2;Segunda mano/buen estado;True;True;Distrito Chamberí;Madrid capital, Madrid;26.67;Piso
1150;piso;37;0;1;Segunda mano/buen estado;False;False;Distrito Chamberí;Madrid capital, Madrid;31.08;Piso
1400;piso;45;0;1;Segunda mano/buen estado;True;True;Distrito Chamberí;Madrid capital, Madrid;31.11;Piso
1500;piso;60;0;1;Segunda mano/buen estado;True;False;Distrito Chamberí;Madrid capital, Madrid;25.0;Piso
4000;piso;142;2;2;Segunda mano/buen estado;False;True;Distrito Chamberí;Madrid capital, Madrid;28.17;Piso
2850;piso;137;3;2;Segunda mano/buen estado;True;True;Distrito Chamberí;Madrid capital, Madrid;20.8;Piso
1100;piso;50;0;1;Segunda mano/buen estado;False;False;Distrito Chamberí;Madrid capital, Madrid;22.0;Piso
1820;piso;40;0;1;Segunda mano/buen estado;True;True;Distrito Chamberí;Madrid capital, Madrid;45.5;Piso
750;estudio;20;0;1;Segunda mano/buen estado;False;False;Distrito Chamberí;Madrid capital, Madrid;37.5;Piso
2650;piso;90;2;2;Segunda mano/buen estado;True;True;Distrito Chamberí;Madrid capital, Madrid;29.44;Piso
1965;piso;78;2;1;Segunda mano/buen estado;True;True;Distrito Chamberí;Madrid capital, Madrid;25.19;Piso
5700;piso;223;5;4;Segunda mano/buen estado;True;True;Distrito Chamberí;Madrid capital, Madrid;25.56;Piso
4000;piso;130;3;2;Segunda mano/buen estado;True;True;Distrito Chamberí;Madrid capital, Madrid;30.77;Piso
3500;piso;120;2;2;Segunda mano/buen estado;True;True;Distrito Chamberí;Madrid capital, Madrid;29.17;Piso
3000;ático;123;2;2;Segunda mano/buen estado;True;True;Distrito Chamberí;Madrid capital, Madrid;24.39;Piso
6500;piso;191;4;4;Segunda mano/buen estado;True;True;Distrito Chamberí;Madrid capital, Madrid;34.03;Piso
2700;piso;89;2;1;Segunda mano/buen estado;True;True;Distrito Chamberí;Madrid capital, Madrid;30.34;Piso
1550;piso;42;0;1;Segunda mano/buen estado;True;True;Distrito Chamberí;Madrid capital, Madrid;36.9;Piso
2300;piso;87;0;1;Segunda mano/buen estado;True;True;Distrito Chamberí;Madrid capital, Madrid;26.44;Piso
2800;piso;130;3;2;Segunda mano/buen estado;True;False;Distrito Chamberí;Madrid capital, Madrid;21.54;Piso
4500;piso;72;2;2;Segunda mano/buen estado;False;True;Distrito Chamberí;Madrid capital, Madrid;62.5;Piso
4000;piso;165;3;2;Segunda mano/buen estado;True;True;Distrito Chamberí;Madrid capital, Madrid;24.24;Piso
910;estudio;30;0;1;Segunda mano/buen estado;False;True;Distrito Chamberí;Madrid capital, Madrid;30.33;Piso
1250;piso;50;0;1;Segunda mano/buen estado;False;True;Distrito Chamberí;Madrid capital, Madrid;25.0;Piso
6500;piso;191;4;4;Segunda mano/buen estado;True;True;Distrito Chamberí;Madrid capital, Madrid;34.03;Piso
4500;piso;72;2;2;Segunda mano/buen estado;False;True;Distrito Chamberí;Madrid capital, Madrid;62.5;Piso
1500;piso;54;0;1;Segunda mano/buen estado;True;True;Distrito Chamberí;Madrid capital, Madrid;27.78;Piso
2200;piso;66;0;1;Segunda mano/buen estado;False;True;Distrito Chamberí;Madrid capital, Madrid;33.33;Piso
8000;ático;250;5;4;Segunda mano/buen estado;True;True;Distrito Chamberí;Madrid capital, Madrid;32.0;Piso
1550;piso;42;0;1;Segunda mano/buen estado;True;True;Distrito Chamberí;Madrid capital, Madrid;36.9;Piso
2700;piso;89;2;1;Segunda mano/buen estado;True;True;Distrito Chamberí;Madrid capital, Madrid;30.34;Piso
910;estudio;30;0;1;Segunda mano/buen estado;False;True;Distrito Chamberí;Madrid capital, Madrid;30.33;Piso
1250;piso;40;0;1;Segunda mano/buen estado;True;True;Distrito Chamberí;Madrid capital, Madrid;31.25;Piso
2300;piso;87;0;1;Segunda mano/buen estado;True;True;Distrito Chamberí;Madrid capital, Madrid;26.44;Piso
8000;piso;204;3;4;Segunda mano/buen estado;False;True;Distrito Chamberí;Madrid capital, Madrid;39.22;Piso
4300;piso;206;5;2;Segunda mano/buen estado;True;True;Distrito Chamberí;Madrid capital, Madrid;20.87;Piso
25000;piso;639;4;5;Segunda mano/buen estado;True;False;Distrito Chamberí;Madrid capital, Madrid;39.12;Piso
3300;piso;170;3;2;Segunda mano/buen estado;True;True;Distrito Chamberí;Madrid capital, Madrid;19.41;Piso
3800;piso;76;2;2;Segunda mano/buen estado;True;True;Distrito Chamberí;Madrid capital, Madrid;50.0;Piso
2945;piso;73;2;2;Segunda mano/buen estado;True;True;Distrito Chamberí;Madrid capital, Madrid;40.34;Piso
3730;piso;150;4;2;Segunda mano/buen estado;True;True;Distrito Chamberí;Madrid capital, Madrid;24.87;Piso
3550;piso;105;2;2;Segunda mano/buen estado;True;True;Distrito Chamberí;Madrid capital, Madrid;33.81;Piso
4950;piso;178;2;3;Segunda mano/buen estado;False;True;Distrito Chamberí;Madrid capital, Madrid;27.81;Piso
3400;piso;110;2;2;Segunda mano/buen estado;True;True;Distrito Chamberí;Madrid capital, Madrid;30.91;Piso
2350;piso;98;0;1;Segunda mano/buen estado;True;True;Distrito Chamberí;Madrid capital, Madrid;23.98;Piso
2750;piso;84;2;2;Segunda mano/buen estado;False;False;Distrito Chamberí;Madrid capital, Madrid;32.74;Piso
5500;ático;172;3;3;Segunda mano/buen estado;False;False;Distrito Chamberí;Madrid capital, Madrid;31.98;Piso
5500;piso;150;3;2;Segunda mano/buen estado;True;True;Distrito Chamberí;Madrid capital, Madrid;36.67;Piso
2500;piso;100;2;2;Segunda mano/buen estado;False;True;Distrito Chamberí;Madrid capital, Madrid;25.0;Piso
1200;piso;54;0;1;Segunda mano/buen estado;False;True;Distrito Chamberí;Madrid capital, Madrid;22.22;Piso
3645;piso;90;2;2;Segunda mano/buen estado;True;True;Distrito Chamberí;Madrid capital, Madrid;40.5;Piso
5895;piso;215;3;3;Segunda mano/buen estado;True;True;Distrito Chamberí;Madrid capital, Madrid;27.42;Piso
7500;piso;540;4;5;Segunda mano/buen estado;True;True;Distrito Chamberí;Madrid capital, Madrid;13.89;Piso
3105;piso;100;2;2;Segunda mano/buen estado;True;True;Distrito Chamberí;Madrid capital, Madrid;31.05;Piso
4455;piso;150;4;3;Segunda mano/buen estado;True;True;Distrito Chamberí;Madrid capital, Madrid;29.7;Piso
5895;piso;215;3;3;Segunda mano/buen estado;True;True;Distrito Chamberí;Madrid capital, Madrid;27.42;Piso
4320;piso;91;3;2;Segunda mano/buen estado;True;True;Distrito Chamberí;Madrid capital, Madrid;47.47;Piso
7500;piso;250;4;4;Segunda mano/buen estado;True;False;Distrito Chamberí;Madrid capital, Madrid;30.0;Piso
1200;piso;54;0;1;Segunda mano/buen estado;False;True;Distrito Chamberí;Madrid capital, Madrid;22.22;Piso
3000;piso;145;3;3;Segunda mano/buen estado;False;True;Distrito Chamberí;Madrid capital, Madrid;20.69;Piso
2750;piso;80;2;2;Segunda mano/buen estado;True;True;Distrito Chamberí;Madrid capital, Madrid;34.38;Piso
995;piso;41;0;1;Segunda mano/buen estado;True;False;Distrito Chamberí;Madrid capital, Madrid;24.27;Piso
990;piso;43;0;1;Segunda mano/buen estado;False;False;Distrito Chamberí;Madrid capital, Madrid;23.02;Piso
1100;estudio;32;0;1;Segunda mano/buen estado;True;False;Distrito Chamberí;Madrid capital, Madrid;34.38;Piso
2000;piso;110;3;1;Segunda mano/buen estado;True;True;Distrito Chamberí;Madrid capital, Madrid;18.18;Piso
2800;ático;120;2;2;Segunda mano/buen estado;True;True;Distrito Chamberí;Madrid capital, Madrid;23.33;Piso
3340;piso;102;2;2;Segunda mano/buen estado;True;True;Distrito Chamberí;Madrid capital, Madrid;32.75;Piso
2850;piso;75;2;1;Segunda mano/buen estado;True;True;Distrito Chamberí;Madrid capital, Madrid;38.0;Piso
4165;piso;175;3;3;Segunda mano/buen estado;True;True;Distrito Chamberí;Madrid capital, Madrid;23.8;Piso
3150;ático;140;2;2;Segunda mano/buen estado;True;True;Distrito Chamberí;Madrid capital, Madrid;22.5;Piso
4190;piso;127;3;2;Segunda mano/buen estado;True;False;Distrito Chamberí;Madrid capital, Madrid;32.99;Piso
1400;piso;50;0;1;Segunda mano/buen estado;False;False;Distrito Chamberí;Madrid capital, Madrid;28.0;Piso
2840;piso;63;2;2;Segunda mano/buen estado;True;True;Distrito Chamberí;Madrid capital, Madrid;45.08;Piso
3880;piso;137;4;4;Segunda mano/buen estado;True;True;Distrito Chamberí;Madrid capital, Madrid;28.32;Piso
1920;piso;44;0;1;Segunda mano/buen estado;True;True;Distrito Chamberí;Madrid capital, Madrid;43.64;Piso
4300;piso;129;3;4;Segunda mano/buen estado;True;True;Distrito Chamberí;Madrid capital, Madrid;33.33;Piso
1915;piso;65;0;1;Segunda mano/buen estado;True;True;Distrito Chamberí;Madrid capital, Madrid;29.46;Piso
4290;dúplex;125;3;2;Segunda mano/buen estado;True;True;Distrito Chamberí;Madrid capital, Madrid;34.32;other
4190;piso;140;4;3;Segunda mano/buen estado;True;True;Distrito Chamberí;Madrid capital, Madrid;29.93;Piso
3180;piso;160;3;3;Segunda mano/buen estado;True;True;Distrito Chamberí;Madrid capital, Madrid;19.88;Piso
3370;piso;99;2;2;Segunda mano/buen estado;True;True;Distrito Chamberí;Madrid capital, Madrid;34.04;Piso
2815;piso;62;0;1;Segunda mano/buen estado;True;True;Distrito Chamberí;Madrid capital, Madrid;45.4;Piso
2650;piso;60;0;1;Segunda mano/buen estado;True;True;Distrito Chamberí;Madrid capital, Madrid;44.17;Piso
4060;piso;142;3;3;Segunda mano/buen estado;True;True;Distrito Chamberí;Madrid capital, Madrid;28.59;Piso
4200;piso;134;4;4;Segunda mano/buen estado;True;True;Distrito Chamberí;Madrid capital, Madrid;31.34;Piso
3365;piso;85;2;2;Segunda mano/buen estado;True;True;Distrito Chamberí;Madrid capital, Madrid;39.59;Piso
4185;piso;115;2;2;Segunda mano/buen estado;True;True;Distrito Chamberí;Madrid capital, Madrid;36.39;Piso
4320;piso;134;4;4;Segunda mano/buen estado;True;True;Distrito Chamberí;Madrid capital, Madrid;32.24;Piso
4290;dúplex;125;3;2;Segunda mano/buen estado;True;True;Distrito Chamberí;Madrid capital, Madrid;34.32;other
2610;piso;60;0;1;Segunda mano/buen estado;True;True;Distrito Chamberí;Madrid capital, Madrid;43.5;Piso
2210;piso;68;2;2;Segunda mano/buen estado;True;True;Distrito Chamberí;Madrid capital, Madrid;32.5;Piso
4020;piso;159;2;2;Segunda mano/buen estado;True;True;Distrito Chamberí;Madrid capital, Madrid;25.28;Piso
6495;dúplex;170;3;4;Segunda mano/buen estado;True;True;Distrito Chamberí;Madrid capital, Madrid;38.21;other
3935;piso;121;3;2;Segunda mano/buen estado;True;True;Distrito Chamberí;Madrid capital, Madrid;32.52;Piso
2850;piso;78;2;2;Segunda mano/buen estado;True;True;Distrito Chamberí;Madrid capital, Madrid;36.54;Piso
4370;piso;139;3;4;Segunda mano/buen estado;True;True;Distrito Chamberí;Madrid capital, Madrid;31.44;Piso
2570;piso;50;0;1;Segunda mano/buen estado;True;True;Distrito Chamberí;Madrid capital, Madrid;51.4;Piso
4020;piso;142;2;2;Segunda mano/buen estado;True;True;Distrito Chamberí;Madrid capital, Madrid;28.31;Piso
3240;piso;91;2;2;Segunda mano/buen estado;True;True;Distrito Chamberí;Madrid capital, Madrid;35.6;Piso
3840;piso;100;2;2;Segunda mano/buen estado;True;True;Distrito Chamberí;Madrid capital, Madrid;38.4;Piso
2315;piso;70;0;1;Segunda mano/buen estado;True;True;Distrito Chamberí;Madrid capital, Madrid;33.07;Piso
2405;piso;53;0;1;Segunda mano/buen estado;True;True;Distrito Chamberí;Madrid capital, Madrid;45.38;Piso
3400;piso;95;2;2;Segunda mano/buen estado;True;True;Distrito Chamberí;Madrid capital, Madrid;35.79;Piso
1915;piso;65;0;1;Segunda mano/buen estado;True;True;Distrito Chamberí;Madrid capital, Madrid;29.46;Piso
3620;piso;97;2;1;Segunda mano/buen estado;True;True;Distrito Chamberí;Madrid capital, Madrid;37.32;Piso
3200;piso;81;2;1;Segunda mano/buen estado;True;True;Distrito Chamberí;Madrid capital, Madrid;39.51;Piso
3185;piso;81;2;2;Segunda mano/buen estado;True;True;Distrito Chamberí;Madrid capital, Madrid;39.32;Piso
5045;piso;113;3;3;Segunda mano/buen estado;True;True;Distrito Chamberí;Madrid capital, Madrid;44.65;Piso
2725;piso;75;0;1;Segunda mano/buen estado;True;True;Distrito Chamberí;Madrid capital, Madrid;36.33;Piso
3850;ático;140;3;2;Segunda mano/buen estado;True;True;Distrito Chamberí;Madrid capital, Madrid;27.5;Piso
7200;piso;202;3;3;Segunda mano/buen estado;True;True;Distrito Chamberí;Madrid capital, Madrid;35.64;Piso
2365;piso;70;0;1;Segunda mano/buen estado;True;True;Distrito Chamberí;Madrid capital, Madrid;33.79;Piso
4100;piso;116;3;2;Segunda mano/buen estado;True;True;Distrito Chamberí;Madrid capital, Madrid;35.34;Piso
2750;piso;41;0;1;Segunda mano/buen estado;True;True;Distrito Chamberí;Madrid capital, Madrid;67.07;Piso
4715;piso;140;3;2;Segunda mano/buen estado;True;True;Distrito Chamberí;Madrid capital, Madrid;33.68;Piso
4190;piso;140;4;3;Segunda mano/buen estado;True;True;Distrito Chamberí;Madrid capital, Madrid;29.93;Piso
3620;piso;97;2;1;Segunda mano/buen estado;True;True;Distrito Chamberí;Madrid capital, Madrid;37.32;Piso
1915;piso;65;0;1;Segunda mano/buen estado;True;True;Distrito Chamberí;Madrid capital, Madrid;29.46;Piso
3745;piso;121;3;2;Segunda mano/buen estado;True;True;Distrito Chamberí;Madrid capital, Madrid;30.95;Piso
2365;piso;70;0;1;Segunda mano/buen estado;True;True;Distrito Chamberí;Madrid capital, Madrid;33.79;Piso
2910;piso;86;2;2;Segunda mano/buen estado;True;True;Distrito Chamberí;Madrid capital, Madrid;33.84;Piso
5350;dúplex;120;3;2;Segunda mano/buen estado;True;True;Distrito Chamberí;Madrid capital, Madrid;44.58;other
2815;piso;62;0;1;Segunda mano/buen estado;True;True;Distrito Chamberí;Madrid capital, Madrid;45.4;Piso
4910;piso;100;3;2;Segunda mano/buen estado;True;True;Distrito Chamberí;Madrid capital, Madrid;49.1;Piso
3515;piso;150;2;2;Segunda mano/buen estado;True;True;Distrito Chamberí;Madrid capital, Madrid;23.43;Piso
2170;piso;65;0;1;Segunda mano/buen estado;True;True;Distrito Chamberí;Madrid capital, Madrid;33.38;Piso
4075;piso;165;4;2;Segunda mano/buen estado;True;True;Distrito Chamberí;Madrid capital, Madrid;24.7;Piso
2570;piso;50;0;1;Segunda mano/buen estado;True;True;Distrito Chamberí;Madrid capital, Madrid;51.4;Piso
2590;piso;58;0;1;Segunda mano/buen estado;True;True;Distrito Chamberí;Madrid capital, Madrid;44.66;Piso
3880;piso;137;4;4;Segunda mano/buen estado;True;True;Distrito Chamberí;Madrid capital, Madrid;28.32;Piso
7200;piso;202;3;3;Segunda mano/buen estado;True;True;Distrito Chamberí;Madrid capital, Madrid;35.64;Piso
4725;piso;165;3;3;Segunda mano/buen estado;True;True;Distrito Chamberí;Madrid capital, Madrid;28.64;Piso
4665;piso;150;3;2;Segunda mano/buen estado;True;True;Distrito Chamberí;Madrid capital, Madrid;31.1;Piso
3930;piso;145;2;2;Segunda mano/buen estado;True;True;Distrito Chamberí;Madrid capital, Madrid;27.1;Piso
2750;piso;45;0;1;Segunda mano/buen estado;True;True;Distrito Chamberí;Madrid capital, Madrid;61.11;Piso
3240;piso;91;2;2;Segunda mano/buen estado;True;True;Distrito Chamberí;Madrid capital, Madrid;35.6;Piso
3210;piso;100;3;2;Segunda mano/buen estado;True;True;Distrito Chamberí;Madrid capital, Madrid;32.1;Piso
4140;piso;135;3;2;Segunda mano/buen estado;True;True;Distrito Chamberí;Madrid capital, Madrid;30.67;Piso
4060;piso;142;3;3;Segunda mano/buen estado;True;True;Distrito Chamberí;Madrid capital, Madrid;28.59;Piso
3750;ático;130;2;2;Segunda mano/buen estado;True;True;Distrito Chamberí;Madrid capital, Madrid;28.85;Piso
4030;piso;137;4;4;Segunda mano/buen estado;True;True;Distrito Chamberí;Madrid capital, Madrid;29.42;Piso
2210;piso;50;0;1;Segunda mano/buen estado;True;False;Distrito Chamberí;Madrid capital, Madrid;44.2;Piso
3185;piso;81;2;2;Segunda mano/buen estado;True;True;Distrito Chamberí;Madrid capital, Madrid;39.32;Piso
2700;ático;70;0;1;Segunda mano/buen estado;True;True;Distrito Chamberí;Madrid capital, Madrid;38.57;Piso
4060;piso;142;3;3;Segunda mano/buen estado;True;True;Distrito Chamberí;Madrid capital, Madrid;28.59;Piso
2610;piso;60;0;1;Segunda mano/buen estado;True;True;Distrito Chamberí;Madrid capital, Madrid;43.5;Piso
2465;piso;60;2;1;Segunda mano/buen estado;True;True;Distrito Chamberí;Madrid capital, Madrid;41.08;Piso
3210;piso;100;3;2;Segunda mano/buen estado;True;True;Distrito Chamberí;Madrid capital, Madrid;32.1;Piso
3620;piso;137;2;2;Segunda mano/buen estado;True;True;Distrito Chamberí;Madrid capital, Madrid;26.42;Piso
3930;piso;145;2;2;Segunda mano/buen estado;True;True;Distrito Chamberí;Madrid capital, Madrid;27.1;Piso
3180;piso;160;3;3;Segunda mano/buen estado;True;True;Distrito Chamberí;Madrid capital, Madrid;19.88;Piso
2065;piso;56;0;1;Segunda mano/buen estado;True;True;Distrito Chamberí;Madrid capital, Madrid;36.88;Piso
3130;piso;63;2;1;Segunda mano/buen estado;True;True;Distrito Chamberí;Madrid capital, Madrid;49.68;Piso
1920;piso;44;0;1;Segunda mano/buen estado;True;True;Distrito Chamberí;Madrid capital, Madrid;43.64;Piso
2910;piso;86;2;2;Segunda mano/buen estado;True;True;Distrito Chamberí;Madrid capital, Madrid;33.84;Piso
4185;piso;115;2;2;Segunda mano/buen estado;True;True;Distrito Chamberí;Madrid capital, Madrid;36.39;Piso
3470;piso;100;2;1;Segunda mano/buen estado;True;True;Distrito Chamberí;Madrid capital, Madrid;34.7;Piso
3395;piso;123;3;2;Segunda mano/buen estado;True;True;Distrito Chamberí;Madrid capital, Madrid;27.6;Piso
2900;piso;125;3;2;Segunda mano/buen estado;True;True;Distrito Chamberí;Madrid capital, Madrid;23.2;Piso
4145;piso;140;3;4;Segunda mano/buen estado;True;True;Distrito Chamberí;Madrid capital, Madrid;29.61;Piso
1600;piso;85;2;1;Segunda mano/buen estado;False;True;Distrito Chamberí;Madrid capital, Madrid;18.82;Piso
4685;piso;137;4;4;Segunda mano/buen estado;True;True;Distrito Chamberí;Madrid capital, Madrid;34.2;Piso
3745;piso;121;3;2;Segunda mano/buen estado;True;True;Distrito Chamberí;Madrid capital, Madrid;30.95;Piso
3840;piso;100;2;2;Segunda mano/buen estado;True;True;Distrito Chamberí;Madrid capital, Madrid;38.4;Piso
3605;piso;140;3;2;Segunda mano/buen estado;True;True;Distrito Chamberí;Madrid capital, Madrid;25.75;Piso
3645;piso;140;2;2;Segunda mano/buen estado;True;True;Distrito Chamberí;Madrid capital, Madrid;26.04;Piso
2015;piso;60;0;1;Segunda mano/buen estado;True;True;Distrito Chamberí;Madrid capital, Madrid;33.58;Piso
3600;piso;145;3;3;Segunda mano/buen estado;True;True;Distrito Chamberí;Madrid capital, Madrid;24.83;Piso
4075;piso;165;4;2;Segunda mano/buen estado;True;True;Distrito Chamberí;Madrid capital, Madrid;24.7;Piso
4100;piso;116;3;2;Segunda mano/buen estado;True;True;Distrito Chamberí;Madrid capital, Madrid;35.34;Piso
6495;dúplex;170;3;4;Segunda mano/buen estado;True;True;Distrito Chamberí;Madrid capital, Madrid;38.21;other
2725;piso;75;0;1;Segunda mano/buen estado;True;True;Distrito Chamberí;Madrid capital, Madrid;36.33;Piso
1200;estudio;45;0;1;Segunda mano/buen estado;True;True;Distrito Chamberí;Madrid capital, Madrid;26.67;Piso
1300;estudio;60;0;1;Segunda mano/buen estado;True;True;Distrito Chamberí;Madrid capital, Madrid;21.67;Piso
1300;estudio;60;0;1;Segunda mano/buen estado;True;True;Distrito Chamberí;Madrid capital, Madrid;21.67;Piso
1200;estudio;45;0;1;Segunda mano/buen estado;True;True;Distrito Chamberí;Madrid capital, Madrid;26.67;Piso
1500;piso;45;0;1;Segunda mano/buen estado;True;True;Distrito Chamberí;Madrid capital, Madrid;33.33;Piso
24000;ático;715;5;5;Segunda mano/buen estado;True;True;Distrito Chamberí;Madrid capital, Madrid;33.57;Piso
925;piso;40;0;1;Segunda mano/buen estado;False;False;Distrito Chamberí;Madrid capital, Madrid;23.12;Piso
1050;estudio;48;0;1;Segunda mano/buen estado;True;True;Distrito Chamberí;Madrid capital, Madrid;21.88;Piso
1350;piso;50;2;1;Segunda mano/buen estado;True;False;Distrito Chamberí;Madrid capital, Madrid;27.0;Piso
1295;estudio;32;0;1;Segunda mano/buen estado;False;True;Distrito Chamberí;Madrid capital, Madrid;40.47;Piso
5250;piso;317;5;3;Segunda mano/buen estado;False;True;Distrito Chamberí;Madrid capital, Madrid;16.56;Piso
1295;estudio;32;0;1;Segunda mano/buen estado;False;True;Distrito Chamberí;Madrid capital, Madrid;40.47;Piso
1400;estudio;32;0;1;Segunda mano/buen estado;True;True;Distrito Chamberí;Madrid capital, Madrid;43.75;Piso
3400;piso;92;2;3;Segunda mano/buen estado;False;True;Distrito Chamberí;Madrid capital, Madrid;36.96;Piso
5000;piso;200;3;3;Segunda mano/buen estado;True;True;Distrito Chamberí;Madrid capital, Madrid;25.0;Piso
1100;piso;35;0;1;Segunda mano/buen estado;True;True;Distrito Chamberí;Madrid capital, Madrid;31.43;Piso
2400;piso;62;0;1;Segunda mano/buen estado;True;True;Distrito Chamberí;Madrid capital, Madrid;38.71;Piso
1200;piso;35;0;1;Segunda mano/buen estado;True;True;Distrito Chamberí;Madrid capital, Madrid;34.29;Piso
3000;piso;120;4;2;Segunda mano/buen estado;False;False;Distrito Chamberí;Madrid capital, Madrid;25.0;Piso
1275;piso;30;0;1;Segunda mano/buen estado;False;True;Distrito Chamberí;Madrid capital, Madrid;42.5;Piso
3995;piso;115;3;3;Segunda mano/buen estado;True;True;Distrito Chamberí;Madrid capital, Madrid;34.74;Piso
3000;piso;120;4;3;Segunda mano/buen estado;True;True;Distrito Chamberí;Madrid capital, Madrid;25.0;Piso
2000;piso;48;0;1;Segunda mano/buen estado;True;True;Distrito Chamberí;Madrid capital, Madrid;41.67;Piso
2800;piso;72;2;3;Segunda mano/buen estado;True;True;Distrito Chamberí;Madrid capital, Madrid;38.89;Piso
2200;piso;110;2;2;Segunda mano/buen estado;True;True;Distrito Chamberí;Madrid capital, Madrid;20.0;Piso
2400;piso;89;0;1;Segunda mano/buen estado;True;True;Distrito Chamberí;Madrid capital, Madrid;26.97;Piso
3150;ático;140;2;2;Segunda mano/buen estado;True;True;Distrito Chamberí;Madrid capital, Madrid;22.5;Piso
7500;piso;264;3;3;Segunda mano/buen estado;True;True;Distrito Chamberí;Madrid capital, Madrid;28.41;Piso
1400;piso;40;0;1;Segunda mano/buen estado;True;True;Distrito Chamberí;Madrid capital, Madrid;35.0;Piso
1250;piso;42;0;1;Segunda mano/buen estado;True;False;Distrito Chamberí;Madrid capital, Madrid;29.76;Piso
2900;piso;75;3;3;Segunda mano/buen estado;True;True;Distrito Chamberí;Madrid capital, Madrid;38.67;Piso
5495;piso;167;3;3;Segunda mano/buen estado;True;False;Distrito Chamberí;Madrid capital, Madrid;32.9;Piso
2900;piso;75;3;3;Segunda mano/buen estado;True;True;Distrito Chamberí;Madrid capital, Madrid;38.67;Piso
5495;piso;167;3;3;Segunda mano/buen estado;True;False;Distrito Chamberí;Madrid capital, Madrid;32.9;Piso
1090;estudio;22;0;1;Segunda mano/buen estado;True;False;Distrito Chamberí;Madrid capital, Madrid;49.55;Piso
1400;piso;65;2;2;Segunda mano/buen estado;True;False;Distrito Chamberí;Madrid capital, Madrid;21.54;Piso
5700;piso;227;4;3;Segunda mano/buen estado;True;True;Distrito Chamberí;Madrid capital, Madrid;25.11;Piso
3800;ático;123;2;2;Segunda mano/buen estado;True;True;Distrito Chamberí;Madrid capital, Madrid;30.89;Piso
4100;piso;99;2;2;Segunda mano/buen estado;True;True;Distrito Chamberí;Madrid capital, Madrid;41.41;Piso
2700;piso;88;2;3;Segunda mano/buen estado;True;True;Distrito Chamberí;Madrid capital, Madrid;30.68;Piso
1800;piso;61;3;1;Segunda mano/buen estado;True;False;Distrito Chamberí;Madrid capital, Madrid;29.51;Piso
1165;dúplex;50;0;1;Segunda mano/buen estado;True;False;Distrito Chamberí;Madrid capital, Madrid;23.3;other
5900;piso;218;3;4;Segunda mano/buen estado;True;True;Distrito Chamberí;Madrid capital, Madrid;27.06;Piso
3200;piso;90;2;2;Segunda mano/buen estado;True;False;Distrito Chamberí;Madrid capital, Madrid;35.56;Piso
1100;estudio;38;0;1;Segunda mano/buen estado;True;True;Distrito Chamberí;Madrid capital, Madrid;28.95;Piso
3100;piso;60;0;1;Segunda mano/buen estado;True;True;Distrito Chamberí;Madrid capital, Madrid;51.67;Piso
2000;piso;59;3;2;Segunda mano/buen estado;False;False;Distrito Chamberí;Madrid capital, Madrid;33.9;Piso
2138;piso;40;0;1;Segunda mano/buen estado;True;True;Distrito Chamberí;Madrid capital, Madrid;53.45;Piso
2600;piso;60;2;1;Segunda mano/buen estado;True;True;Distrito Chamberí;Madrid capital, Madrid;43.33;Piso
3650;piso;170;4;3;Segunda mano/buen estado;True;True;Distrito Chamberí;Madrid capital, Madrid;21.47;Piso
970;estudio;22;0;1;Segunda mano/buen estado;True;True;Distrito Chamberí;Madrid capital, Madrid;44.09;Piso
2800;piso;126;3;2;Segunda mano/buen estado;True;True;Distrito Chamberí;Madrid capital, Madrid;22.22;Piso
3060;piso;54;0;1;Segunda mano/buen estado;True;True;Distrito Chamberí;Madrid capital, Madrid;56.67;Piso
1045;ático;40;0;1;Segunda mano/buen estado;False;True;Distrito Chamberí;Madrid capital, Madrid;26.12;Piso
1875;dúplex;126;3;2;Segunda mano/buen estado;True;True;Distrito Chamberí;Madrid capital, Madrid;14.88;other
3400;piso;87;2;2;Segunda mano/buen estado;True;True;Distrito Chamberí;Madrid capital, Madrid;39.08;Piso
2745;piso;66;0;1;Segunda mano/buen estado;True;True;Distrito Chamberí;Madrid capital, Madrid;41.59;Piso
1995;dúplex;66;0;1;Segunda mano/buen estado;True;True;Distrito Chamberí;Madrid capital, Madrid;30.23;other
3300;piso;171;3;2;Segunda mano/buen estado;True;True;Distrito Chamberí;Madrid capital, Madrid;19.3;Piso
2200;piso;100;0;1;Segunda mano/buen estado;True;True;Distrito Chamberí;Madrid capital, Madrid;22.0;Piso
1300;dúplex;43;0;1;Segunda mano/buen estado;True;False;Distrito Chamberí;Madrid capital, Madrid;30.23;other
1495;dúplex;45;0;1;Segunda mano/buen estado;True;True;Distrito Chamberí;Madrid capital, Madrid;33.22;other
1450;piso;44;0;1;Segunda mano/buen estado;True;True;Distrito Chamberí;Madrid capital, Madrid;32.95;Piso
2160;dúplex;59;0;1;Segunda mano/buen estado;True;True;Distrito Chamberí;Madrid capital, Madrid;36.61;other
3625;piso;108;3;2;Segunda mano/buen estado;True;True;Distrito Chamberí;Madrid capital, Madrid;33.56;Piso
7500;piso;294;4;4;Segunda mano/buen estado;True;True;Distrito Chamberí;Madrid capital, Madrid;25.51;Piso
2160;piso;100;2;2;Segunda mano/buen estado;False;True;Distrito Chamberí;Madrid capital, Madrid;21.6;Piso
2950;piso;116;3;2;Segunda mano/buen estado;True;True;Distrito Chamberí;Madrid capital, Madrid;25.43;Piso
2745;piso;66;0;1;Segunda mano/buen estado;True;True;Distrito Chamberí;Madrid capital, Madrid;41.59;Piso
1000;estudio;50;0;1;Segunda mano/buen estado;True;True;Distrito Chamberí;Madrid capital, Madrid;20.0;Piso
2050;piso;52;2;2;Segunda mano/buen estado;False;True;Distrito Chamberí;Madrid capital, Madrid;39.42;Piso
2700;piso;118;2;1;Segunda mano/buen estado;True;True;Distrito Chamberí;Madrid capital, Madrid;22.88;Piso
1995;dúplex;66;0;1;Segunda mano/buen estado;True;True;Distrito Chamberí;Madrid capital, Madrid;30.23;other
3699;dúplex;92;3;2;Segunda mano/buen estado;True;True;Distrito Chamberí;Madrid capital, Madrid;40.21;other
850;piso;35;2;1;Segunda mano/buen estado;True;False;Distrito Chamberí;Madrid capital, Madrid;24.29;Piso
3000;piso;71;3;4;Segunda mano/buen estado;True;True;Distrito Chamberí;Madrid capital, Madrid;42.25;Piso
3300;piso;171;3;2;Segunda mano/buen estado;True;True;Distrito Chamberí;Madrid capital, Madrid;19.3;Piso
2900;piso;110;3;2;Segunda mano/buen estado;True;True;Distrito Chamberí;Madrid capital, Madrid;26.36;Piso
1400;estudio;30;0;1;Segunda mano/buen estado;True;True;Distrito Chamberí;Madrid capital, Madrid;46.67;Piso
1995;piso;48;3;2;Segunda mano/buen estado;False;False;Distrito Chamberí;Madrid capital, Madrid;41.56;Piso
2203;piso;32;0;1;Segunda mano/buen estado;False;True;Distrito Chamberí;Madrid capital, Madrid;68.84;Piso
2100;ático;102;2;4;Segunda mano/buen estado;True;True;Distrito Chamberí;Madrid capital, Madrid;20.59;Piso
999;estudio;38;0;1;Segunda mano/buen estado;False;False;Distrito Chamberí;Madrid capital, Madrid;26.29;Piso
1100;piso;40;0;1;Segunda mano/buen estado;False;False;Distrito Chamberí;Madrid capital, Madrid;27.5;Piso
4725;piso;136;3;2;Segunda mano/buen estado;True;True;Distrito Chamberí;Madrid capital, Madrid;34.74;Piso
1500;piso;69;0;1;Segunda mano/buen estado;True;True;Distrito Chamberí;Madrid capital, Madrid;21.74;Piso
1300;estudio;43;0;1;Segunda mano/buen estado;True;True;Distrito Chamberí;Madrid capital, Madrid;30.23;Piso
2000;piso;80;0;1;Segunda mano/buen estado;True;True;Distrito Chamberí;Madrid capital, Madrid;25.0;Piso
1750;piso;65;2;1;Segunda mano/buen estado;True;True;Distrito Chamberí;Madrid capital, Madrid;26.92;Piso
4200;piso;170;6;3;Segunda mano/buen estado;True;True;Distrito Chamberí;Madrid capital, Madrid;24.71;Piso
2495;piso;83;4;4;Segunda mano/buen estado;False;False;Distrito Chamberí;Madrid capital, Madrid;30.06;Piso
2250;piso;106;2;2;Segunda mano/buen estado;True;True;Distrito Chamberí;Madrid capital, Madrid;21.23;Piso
4200;piso;170;6;3;Segunda mano/buen estado;True;True;Distrito Chamberí;Madrid capital, Madrid;24.71;Piso
1500;piso;69;0;1;Segunda mano/buen estado;True;True;Distrito Chamberí;Madrid capital, Madrid;21.74;Piso
2000;piso;80;0;1;Segunda mano/buen estado;True;True;Distrito Chamberí;Madrid capital, Madrid;25.0;Piso
1400;piso;60;0;1;Segunda mano/buen estado;True;True;Distrito Chamberí;Madrid capital, Madrid;23.33;Piso
2100;piso;85;2;2;Segunda mano/buen estado;True;False;Distrito Chamberí;Madrid capital, Madrid;24.71;Piso
1500;piso;37;0;1;Segunda mano/buen estado;False;False;Distrito Chamberí;Madrid capital, Madrid;40.54;Piso
4800;piso;105;3;2;Segunda mano/buen estado;True;True;Distrito Chamberí;Madrid capital, Madrid;45.71;Piso
3100;piso;90;2;2;Segunda mano/buen estado;True;True;Distrito Chamberí;Madrid capital, Madrid;34.44;Piso
1500;piso;40;2;1;Segunda mano/buen estado;False;False;Distrito Chamberí;Madrid capital, Madrid;37.5;Piso
1000;piso;30;0;1;Segunda mano/buen estado;False;True;Distrito Chamberí;Madrid capital, Madrid;33.33;Piso
2260;piso;85;2;2;Segunda mano/buen estado;True;True;Distrito Chamberí;Madrid capital, Madrid;26.59;Piso
1250;ático;60;0;1;Segunda mano/buen estado;False;True;Distrito Chamberí;Madrid capital, Madrid;20.83;Piso
1100;piso;42;0;1;Segunda mano/buen estado;True;True;Distrito Chamberí;Madrid capital, Madrid;26.19;Piso
3300;piso;170;3;2;Segunda mano/buen estado;True;True;Distrito Chamberí;Madrid capital, Madrid;19.41;Piso
2290;ático;70;2;1;Segunda mano/buen estado;True;True;Distrito Chamberí;Madrid capital, Madrid;32.71;Piso
4500;piso;150;3;3;Segunda mano/buen estado;True;True;Distrito Chamberí;Madrid capital, Madrid;30.0;Piso
3400;piso;140;2;2;Segunda mano/buen estado;True;True;Distrito Chamberí;Madrid capital, Madrid;24.29;Piso
1500;piso;40;0;1;Segunda mano/buen estado;True;True;Distrito Chamberí;Madrid capital, Madrid;37.5;Piso
1900;piso;55;2;1;Segunda mano/buen estado;True;False;Distrito Chamberí;Madrid capital, Madrid;34.55;Piso
2100;piso;88;3;2;Segunda mano/buen estado;True;True;Distrito Chamberí;Madrid capital, Madrid;23.86;Piso
1200;piso;40;0;1;Segunda mano/buen estado;True;False;Distrito Chamberí;Madrid capital, Madrid;30.0;Piso
1700;piso;70;2;1;Segunda mano/buen estado;True;True;Distrito Chamberí;Madrid capital, Madrid;24.29;Piso
3100;piso;68;2;2;Segunda mano/buen estado;True;True;Distrito Chamberí;Madrid capital, Madrid;45.59;Piso
1700;piso;50;2;1;Segunda mano/buen estado;True;False;Distrito Chamberí;Madrid capital, Madrid;34.0;Piso
1250;estudio;37;0;1;Segunda mano/buen estado;True;True;Distrito Chamberí;Madrid capital, Madrid;33.78;Piso
2500;piso;62;0;1;Segunda mano/buen estado;True;True;Distrito Chamberí;Madrid capital, Madrid;40.32;Piso
9450;piso;210;4;3;Segunda mano/buen estado;True;True;Distrito Chamberí;Madrid capital, Madrid;45.0;Piso
3000;piso;158;3;3;Segunda mano/buen estado;True;True;Distrito Chamberí;Madrid capital, Madrid;18.99;Piso
3300;piso;120;5;2;Segunda mano/buen estado;False;False;Distrito Chamberí;Madrid capital, Madrid;27.5;Piso
1950;piso;70;2;2;Segunda mano/buen estado;True;True;Distrito Chamberí;Madrid capital, Madrid;27.86;Piso
3000;piso;158;3;3;Segunda mano/buen estado;True;True;Distrito Chamberí;Madrid capital, Madrid;18.99;Piso
1600;piso;66;2;1;Segunda mano/buen estado;True;True;Distrito Chamberí;Madrid capital, Madrid;24.24;Piso
1290;piso;39;0;1;Segunda mano/buen estado;True;False;Distrito Chamberí;Madrid capital, Madrid;33.08;Piso
3100;piso;68;2;2;Segunda mano/buen estado;True;True;Distrito Chamberí;Madrid capital, Madrid;45.59;Piso
2400;ático;96;4;2;Segunda mano/buen estado;True;True;Distrito Chamberí;Madrid capital, Madrid;25.0;Piso
825;piso;45;0;1;Segunda mano/buen estado;False;False;Distrito Chamberí;Madrid capital, Madrid;18.33;Piso
4365;piso;115;3;2;Segunda mano/buen estado;True;True;Distrito Chamberí;Madrid capital, Madrid;37.96;Piso
1700;piso;74;3;1;Segunda mano/buen estado;True;False;Distrito Chamberí;Madrid capital, Madrid;22.97;Piso
4185;piso;90;2;2;Segunda mano/buen estado;True;True;Distrito Chamberí;Madrid capital, Madrid;46.5;Piso
2511;piso;45;0;1;Segunda mano/buen estado;True;True;Distrito Chamberí;Madrid capital, Madrid;55.8;Piso
1650;piso;65;2;1;Segunda mano/buen estado;True;False;Distrito Chamberí;Madrid capital, Madrid;25.38;Piso
2106;piso;65;0;1;Segunda mano/buen estado;True;True;Distrito Chamberí;Madrid capital, Madrid;32.4;Piso
1490;piso;48;2;1;Segunda mano/buen estado;True;True;Distrito Chamberí;Madrid capital, Madrid;31.04;Piso
4050;dúplex;176;3;3;Segunda mano/buen estado;True;True;Distrito Chamberí;Madrid capital, Madrid;23.01;other
4350;piso;80;3;2;Segunda mano/buen estado;True;True;Distrito Chamberí;Madrid capital, Madrid;54.38;Piso
4814;piso;121;3;3;Segunda mano/buen estado;True;True;Distrito Chamberí;Madrid capital, Madrid;39.79;Piso
3105;piso;85;2;2;Segunda mano/buen estado;True;True;Distrito Chamberí;Madrid capital, Madrid;36.53;Piso
5400;piso;107;3;2;Segunda mano/buen estado;True;True;Distrito Chamberí;Madrid capital, Madrid;50.47;Piso
1350;piso;35;0;1;Segunda mano/buen estado;False;True;Distrito Chamberí;Madrid capital, Madrid;38.57;Piso
2000;piso;92;3;2;Segunda mano/buen estado;False;False;Distrito Chamberí;Madrid capital, Madrid;21.74;Piso
1550;piso;49;2;1;Segunda mano/buen estado;True;False;Distrito Chamberí;Madrid capital, Madrid;31.63;Piso
2550;piso;57;2;1;Segunda mano/buen estado;True;True;Distrito Chamberí;Madrid capital, Madrid;44.74;Piso
5000;piso;200;3;3;Segunda mano/buen estado;True;True;Distrito Chamberí;Madrid capital, Madrid;25.0;Piso
4050;piso;105;3;2;Segunda mano/buen estado;True;True;Distrito Chamberí;Madrid capital, Madrid;38.57;Piso
1090;piso;45;0;1;Segunda mano/buen estado;True;False;Distrito Chamberí;Madrid capital, Madrid;24.22;Piso
1350;piso;50;0;1;Segunda mano/buen estado;True;True;Distrito Chamberí;Madrid capital, Madrid;27.0;Piso
2750;piso;150;3;2;Segunda mano/buen estado;True;True;Distrito Chamberí;Madrid capital, Madrid;18.33;Piso
4500;piso;150;3;3;Segunda mano/buen estado;True;True;Distrito Chamberí;Madrid capital, Madrid;30.0;Piso
1800;piso;70;3;1;Segunda mano/buen estado;True;True;Distrito Chamberí;Madrid capital, Madrid;25.71;Piso
2700;piso;57;0;1;Segunda mano/buen estado;True;True;Distrito Chamberí;Madrid capital, Madrid;47.37;Piso
1700;piso;50;3;1;Segunda mano/buen estado;False;True;Distrito Chamberí;Madrid capital, Madrid;34.0;Piso
2600;ático;120;2;2;Segunda mano/buen estado;True;True;Distrito Chamberí;Madrid capital, Madrid;21.67;Piso
1350;piso;50;0;1;Segunda mano/buen estado;True;True;Distrito Chamberí;Madrid capital, Madrid;27.0;Piso
4500;piso;150;3;3;Segunda mano/buen estado;True;True;Distrito Chamberí;Madrid capital, Madrid;30.0;Piso
2750;piso;134;2;2;Segunda mano/buen estado;True;True;Distrito Chamberí;Madrid capital, Madrid;20.52;Piso
1900;piso;90;3;2;Segunda mano/buen estado;False;False;Distrito Chamberí;Madrid capital, Madrid;21.11;Piso
1150;piso;48;2;1;Segunda mano/buen estado;True;True;Distrito Chamberí;Madrid capital, Madrid;23.96;Piso
2750;piso;150;3;2;Segunda mano/buen estado;True;True;Distrito Chamberí;Madrid capital, Madrid;18.33;Piso
1300;piso;44;0;1;Segunda mano/buen estado;True;True;Distrito Chamberí;Madrid capital, Madrid;29.55;Piso
4170;piso;167;3;2;Segunda mano/buen estado;True;True;Distrito Chamberí;Madrid capital, Madrid;24.97;Piso
2700;piso;57;0;1;Segunda mano/buen estado;True;True;Distrito Chamberí;Madrid capital, Madrid;47.37;Piso
4200;piso;110;2;2;Segunda mano/buen estado;True;True;Distrito Chamberí;Madrid capital, Madrid;38.18;Piso
2700;piso;112;3;2;Segunda mano/buen estado;True;True;Distrito Chamberí;Madrid capital, Madrid;24.11;Piso
950;piso;48;0;2;Segunda mano/buen estado;True;True;Distrito Chamberí;Madrid capital, Madrid;19.79;Piso
1100;piso;39;0;1;Segunda mano/buen estado;False;False;Distrito Chamberí;Madrid capital, Madrid;28.21;Piso
950;piso;29;0;1;Segunda mano/buen estado;True;True;Distrito Chamberí;Madrid capital, Madrid;32.76;Piso
2650;ático;95;2;2;Segunda mano/buen estado;False;True;Distrito Chamberí;Madrid capital, Madrid;27.89;Piso
2800;piso;186;4;3;Segunda mano/buen estado;False;False;Distrito Chamberí;Madrid capital, Madrid;15.05;Piso
2000;piso;71;0;1;Segunda mano/buen estado;True;True;Distrito Chamberí;Madrid capital, Madrid;28.17;Piso
3000;piso;120;4;3;Segunda mano/buen estado;True;True;Distrito Chamberí;Madrid capital, Madrid;25.0;Piso
4200;piso;172;6;3;Segunda mano/buen estado;True;True;Distrito Chamberí;Madrid capital, Madrid;24.42;Piso
2175;piso;51;0;1;Segunda mano/buen estado;True;True;Distrito Chamberí;Madrid capital, Madrid;42.65;Piso
2900;piso;60;4;1;Segunda mano/buen estado;True;False;Distrito Chamberí;Madrid capital, Madrid;48.33;Piso
2500;piso;127;2;2;Segunda mano/buen estado;True;True;Distrito Chamberí;Madrid capital, Madrid;19.69;Piso
2900;piso;106;3;2;Segunda mano/buen estado;True;True;Distrito Chamberí;Madrid capital, Madrid;27.36;Piso
2900;piso;106;3;2;Segunda mano/buen estado;True;True;Distrito Chamberí;Madrid capital, Madrid;27.36;Piso
1700;piso;78;2;1;Segunda mano/buen estado;False;False;Distrito Chamberí;Madrid capital, Madrid;21.79;Piso
2075;piso;48;0;1;Segunda mano/buen estado;True;True;Distrito Chamberí;Madrid capital, Madrid;43.23;Piso
8000;piso;250;3;4;Segunda mano/buen estado;True;True;Distrito Chamberí;Madrid capital, Madrid;32.0;Piso
3000;piso;120;4;3;Segunda mano/buen estado;True;True;Distrito Chamberí;Madrid capital, Madrid;25.0;Piso
1700;piso;78;2;1;Segunda mano/buen estado;False;False;Distrito Chamberí;Madrid capital, Madrid;21.79;Piso
3500;piso;103;2;2;Segunda mano/buen estado;True;True;Distrito Chamberí;Madrid capital, Madrid;33.98;Piso
1300;piso;64;2;1;Segunda mano/buen estado;True;True;Distrito Chamberí;Madrid capital, Madrid;20.31;Piso
2650;ático;90;2;2;Segunda mano/buen estado;True;True;Distrito Chamberí;Madrid capital, Madrid;29.44;Piso
1700;dúplex;75;2;2;Segunda mano/buen estado;True;True;Distrito Chamberí;Madrid capital, Madrid;22.67;other
1300;piso;55;2;1;Segunda mano/buen estado;False;False;Distrito Chamberí;Madrid capital, Madrid;23.64;Piso
1950;piso;52;2;1;Segunda mano/buen estado;True;True;Distrito Chamberí;Madrid capital, Madrid;37.5;Piso
1600;piso;80;2;1;Segunda mano/buen estado;True;True;Distrito Chamberí;Madrid capital, Madrid;20.0;Piso
2500;piso;125;3;2;Segunda mano/buen estado;True;True;Distrito Chamberí;Madrid capital, Madrid;20.0;Piso
2800;dúplex;105;2;3;Segunda mano/buen estado;True;True;Distrito Chamberí;Madrid capital, Madrid;26.67;other
1700;piso;41;2;1;Segunda mano/buen estado;True;True;Distrito Chamberí;Madrid capital, Madrid;41.46;Piso
3750;piso;204;4;3;Segunda mano/buen estado;True;True;Distrito Chamberí;Madrid capital, Madrid;18.38;Piso
2290;piso;60;0;1;Segunda mano/buen estado;True;True;Distrito Chamberí;Madrid capital, Madrid;38.17;Piso
3300;piso;150;2;2;Segunda mano/buen estado;True;True;Distrito Chamberí;Madrid capital, Madrid;22.0;Piso
3500;dúplex;130;3;4;Segunda mano/buen estado;True;True;Distrito Chamberí;Madrid capital, Madrid;26.92;other
3000;piso;115;5;2;Segunda mano/buen estado;False;True;Distrito Chamberí;Madrid capital, Madrid;26.09;Piso
1700;ático;70;2;1;Segunda mano/buen estado;False;False;Distrito Chamberí;Madrid capital, Madrid;24.29;Piso
3600;piso;121;3;3;Segunda mano/buen estado;True;True;Distrito Chamberí;Madrid capital, Madrid;29.75;Piso
2100;piso;121;2;2;Segunda mano/buen estado;True;True;Distrito Chamberí;Madrid capital, Madrid;17.36;Piso
1390;piso;42;0;1;Segunda mano/buen estado;False;True;Distrito Chamberí;Madrid capital, Madrid;33.1;Piso
2300;piso;60;2;2;Segunda mano/buen estado;False;False;Distrito Chamberí;Madrid capital, Madrid;38.33;Piso
1750;piso;70;3;2;Segunda mano/buen estado;False;False;Distrito Chamberí;Madrid capital, Madrid;25.0;Piso
2565;piso;76;2;2;Segunda mano/buen estado;True;True;Distrito Chamberí;Madrid capital, Madrid;33.75;Piso
6750;piso;288;4;4;Segunda mano/buen estado;False;True;Distrito Chamberí;Madrid capital, Madrid;23.44;Piso
24000;piso;750;5;4;Segunda mano/buen estado;True;True;Distrito Chamberí;Madrid capital, Madrid;32.0;Piso
3000;piso;204;2;2;Segunda mano/buen estado;True;False;Distrito Chamberí;Madrid capital, Madrid;14.71;Piso
1700;piso;80;4;2;Segunda mano/buen estado;False;False;Distrito Chamberí;Madrid capital, Madrid;21.25;Piso
3000;dúplex;160;4;3;Segunda mano/buen estado;True;True;Distrito Chamberí;Madrid capital, Madrid;18.75;other
4500;piso;130;3;3;Segunda mano/buen estado;True;True;Distrito Chamberí;Madrid capital, Madrid;34.62;Piso
1662;piso;76;0;1;Segunda mano/buen estado;True;True;Distrito Chamberí;Madrid capital, Madrid;21.87;Piso
2565;piso;76;2;2;Segunda mano/buen estado;True;True;Distrito Chamberí;Madrid capital, Madrid;33.75;Piso
1700;piso;80;4;2;Segunda mano/buen estado;False;False;Distrito Chamberí;Madrid capital, Madrid;21.25;Piso
3400;piso;87;2;2;Segunda mano/buen estado;True;True;Distrito Chamberí;Madrid capital, Madrid;39.08;Piso
1200;piso;41;0;1;Segunda mano/buen estado;True;True;Distrito Chamberí;Madrid capital, Madrid;29.27;Piso
24000;piso;750;5;4;Segunda mano/buen estado;True;True;Distrito Chamberí;Madrid capital, Madrid;32.0;Piso
1260;ático;40;0;1;Segunda mano/buen estado;True;True;Distrito Chamberí;Madrid capital, Madrid;31.5;Piso
3550;piso;107;2;2;Segunda mano/buen estado;True;True;Distrito Chamberí;Madrid capital, Madrid;33.18;Piso
4350;piso;178;2;3;Segunda mano/buen estado;True;True;Distrito Chamberí;Madrid capital, Madrid;24.44;Piso
1350;estudio;38;0;1;Segunda mano/buen estado;True;True;Distrito Chamberí;Madrid capital, Madrid;35.53;Piso
1200;piso;45;2;1;Segunda mano/buen estado;False;True;Distrito Chamberí;Madrid capital, Madrid;26.67;Piso
1650;piso;70;2;1;Segunda mano/buen estado;True;True;Distrito Chamberí;Madrid capital, Madrid;23.57;Piso
2400;piso;91;2;1;Segunda mano/buen estado;True;True;Distrito Chamberí;Madrid capital, Madrid;26.37;Piso
1600;dúplex;117;2;2;Segunda mano/buen estado;True;True;Distrito Chamberí;Madrid capital, Madrid;13.68;other
2800;piso;81;3;2;Segunda mano/buen estado;True;True;Distrito Chamberí;Madrid capital, Madrid;34.57;Piso
2900;piso;185;4;3;Segunda mano/buen estado;True;True;Distrito Chamberí;Madrid capital, Madrid;15.68;Piso
1395;estudio;29;0;1;Segunda mano/buen estado;True;True;Distrito Chamberí;Madrid capital, Madrid;48.1;Piso
1450;piso;65;0;1;Segunda mano/buen estado;True;True;Distrito Chamberí;Madrid capital, Madrid;22.31;Piso
3200;piso;123;6;2;Segunda mano/buen estado;False;False;Distrito Chamberí;Madrid capital, Madrid;26.02;Piso
1750;piso;46;2;1;Segunda mano/buen estado;True;True;Distrito Chamberí;Madrid capital, Madrid;38.04;Piso
1750;piso;86;2;1;Segunda mano/buen estado;True;False;Distrito Chamberí;Madrid capital, Madrid;20.35;Piso
1900;piso;60;3;1;Segunda mano/buen estado;False;False;Distrito Chamberí;Madrid capital, Madrid;31.67;Piso
4150;piso;159;2;2;Segunda mano/buen estado;True;True;Distrito Chamberí;Madrid capital, Madrid;26.1;Piso
2750;piso;131;2;2;Segunda mano/buen estado;True;True;Distrito Chamberí;Madrid capital, Madrid;20.99;Piso
2950;piso;95;2;1;Segunda mano/buen estado;True;True;Distrito Chamberí;Madrid capital, Madrid;31.05;Piso
2200;piso;145;3;2;Segunda mano/buen estado;False;True;Distrito Chamberí;Madrid capital, Madrid;15.17;Piso
2950;piso;70;0;1;Segunda mano/buen estado;False;True;Distrito Chamberí;Madrid capital, Madrid;42.14;Piso
1550;piso;50;2;1;Segunda mano/buen estado;False;True;Distrito Chamberí;Madrid capital, Madrid;31.0;Piso
2750;piso;130;2;2;Segunda mano/buen estado;True;True;Distrito Chamberí;Madrid capital, Madrid;21.15;Piso
3900;piso;212;4;3;Segunda mano/buen estado;True;True;Distrito Chamberí;Madrid capital, Madrid;18.4;Piso
1500;piso;45;2;1;Segunda mano/buen estado;True;False;Distrito Chamberí;Madrid capital, Madrid;33.33;Piso
1500;piso;45;2;1;Segunda mano/buen estado;True;False;Distrito Chamberí;Madrid capital, Madrid;33.33;Piso
3500;piso;158;3;2;Segunda mano/buen estado;True;True;Distrito Chamberí;Madrid capital, Madrid;22.15;Piso
7200;piso;216;3;3;Segunda mano/buen estado;False;True;Distrito Chamberí;Madrid capital, Madrid;33.33;Piso
2200;piso;41;0;1;Segunda mano/buen estado;False;True;Distrito Chamberí;Madrid capital, Madrid;53.66;Piso
35000;piso;800;7;8;Segunda mano/buen estado;False;True;Distrito Chamberí;Madrid capital, Madrid;43.75;Piso
1750;piso;50;2;1;Segunda mano/buen estado;True;True;Distrito Chamberí;Madrid capital, Madrid;35.0;Piso
1600;piso;53;2;1;Segunda mano/buen estado;True;False;Distrito Chamberí;Madrid capital, Madrid;30.19;Piso
1250;estudio;35;0;1;Segunda mano/buen estado;True;True;Distrito Chamberí;Madrid capital, Madrid;35.71;Piso
2600;piso;98;4;1;Segunda mano/buen estado;True;False;Distrito Chamberí;Madrid capital, Madrid;26.53;Piso
950;estudio;37;0;1;Segunda mano/buen estado;True;True;Distrito Chamberí;Madrid capital, Madrid;25.68;Piso
1550;piso;67;2;1;Segunda mano/buen estado;False;False;Distrito Chamberí;Madrid capital, Madrid;23.13;Piso
2495;piso;58;0;1;Segunda mano/buen estado;True;False;Distrito Chamberí;Madrid capital, Madrid;43.02;Piso
1290;dúplex;44;0;1;Segunda mano/buen estado;False;True;Distrito Chamberí;Madrid capital, Madrid;29.32;other
2290;piso;89;3;1;Segunda mano/buen estado;True;True;Distrito Chamberí;Madrid capital, Madrid;25.73;Piso
1750;ático;48;2;1;Segunda mano/buen estado;True;True;Distrito Chamberí;Madrid capital, Madrid;36.46;Piso
1350;piso;55;2;1;Segunda mano/buen estado;False;False;Distrito Chamberí;Madrid capital, Madrid;24.55;Piso
2150;ático;90;2;1;Segunda mano/buen estado;True;False;Distrito Chamberí;Madrid capital, Madrid;23.89;Piso
1100;piso;45;0;1;Segunda mano/buen estado;True;True;Distrito Chamberí;Madrid capital, Madrid;24.44;Piso
2295;dúplex;66;0;1;Segunda mano/buen estado;True;True;Distrito Chamberí;Madrid capital, Madrid;34.77;other
3200;piso;90;2;2;Segunda mano/buen estado;True;True;Distrito Chamberí;Madrid capital, Madrid;35.56;Piso
2000;piso;70;2;2;Segunda mano/buen estado;True;True;Distrito Chamberí;Madrid capital, Madrid;28.57;Piso
6000;piso;204;4;3;Segunda mano/buen estado;False;True;Distrito Chamberí;Madrid capital, Madrid;29.41;Piso
1350;piso;40;0;1;Segunda mano/buen estado;True;True;Distrito Chamberí;Madrid capital, Madrid;33.75;Piso
3995;piso;115;3;3;Segunda mano/buen estado;True;True;Distrito Chamberí;Madrid capital, Madrid;34.74;Piso
1550;piso;45;0;1;Segunda mano/buen estado;True;True;Distrito Chamberí;Madrid capital, Madrid;34.44;Piso
1800;dúplex;55;0;1;Segunda mano/buen estado;True;True;Distrito Chamberí;Madrid capital, Madrid;32.73;other
1400;piso;50;0;1;Segunda mano/buen estado;True;True;Distrito Chamberí;Madrid capital, Madrid;28.0;Piso
1100;estudio;23;0;1;Segunda mano/buen estado;True;True;Distrito Chamberí;Madrid capital, Madrid;47.83;Piso
1350;estudio;38;0;1;Segunda mano/buen estado;True;True;Distrito Chamberí;Madrid capital, Madrid;35.53;Piso
3600;piso;100;2;2;Segunda mano/buen estado;True;True;Distrito Chamberí;Madrid capital, Madrid;36.0;Piso
3995;piso;115;3;3;Segunda mano/buen estado;True;True;Distrito Chamberí;Madrid capital, Madrid;34.74;Piso
1350;estudio;38;0;1;Segunda mano/buen estado;True;True;Distrito Chamberí;Madrid capital, Madrid;35.53;Piso
6000;piso;204;4;3;Segunda mano/buen estado;False;True;Distrito Chamberí;Madrid capital, Madrid;29.41;Piso
1700;piso;57;2;1;Segunda mano/buen estado;True;False;Distrito Chamberí;Madrid capital, Madrid;29.82;Piso
1550;piso;45;0;1;Segunda mano/buen estado;True;True;Distrito Chamberí;Madrid capital, Madrid;34.44;Piso
2800;piso;83;2;3;Segunda mano/buen estado;True;True;Distrito Chamberí;Madrid capital, Madrid;33.73;Piso
3600;piso;140;6;2;Segunda mano/buen estado;False;False;Distrito Chamberí;Madrid capital, Madrid;25.71;Piso
900;estudio;54;0;1;Segunda mano/buen estado;True;False;Distrito Chamberí;Madrid capital, Madrid;16.67;Piso
1400;piso;65;2;1;Segunda mano/buen estado;False;True;Distrito Chamberí;Madrid capital, Madrid;21.54;Piso
1900;piso;60;3;2;Segunda mano/buen estado;False;True;Distrito Chamberí;Madrid capital, Madrid;31.67;Piso
1500;piso;55;2;1;Segunda mano/buen estado;False;False;Distrito Chamberí;Madrid capital, Madrid;27.27;Piso
2850;piso;137;3;2;Segunda mano/buen estado;True;False;Distrito Chamberí;Madrid capital, Madrid;20.8;Piso
2800;piso;115;0;1;Segunda mano/buen estado;True;True;Distrito Chamberí;Madrid capital, Madrid;24.35;Piso
1600;piso;74;0;1;Segunda mano/buen estado;True;True;Distrito Chamberí;Madrid capital, Madrid;21.62;Piso
2350;piso;130;3;2;Segunda mano/buen estado;True;False;Distrito Chamberí;Madrid capital, Madrid;18.08;Piso
1050;estudio;45;0;1;Segunda mano/buen estado;False;False;Distrito Chamberí;Madrid capital, Madrid;23.33;Piso
3500;piso;94;0;2;Segunda mano/buen estado;True;True;Distrito Chamberí;Madrid capital, Madrid;37.23;Piso
1350;estudio;35;0;1;Segunda mano/buen estado;True;True;Distrito Chamberí;Madrid capital, Madrid;38.57;Piso
2950;piso;113;3;2;Segunda mano/buen estado;True;True;Distrito Chamberí;Madrid capital, Madrid;26.11;Piso
2600;piso;103;3;2;Segunda mano/buen estado;True;True;Distrito Chamberí;Madrid capital, Madrid;25.24;Piso
1850;piso;93;0;2;Segunda mano/buen estado;True;True;Distrito Chamberí;Madrid capital, Madrid;19.89;Piso
1600;piso;66;2;1;Segunda mano/buen estado;True;True;Distrito Chamberí;Madrid capital, Madrid;24.24;Piso
3000;ático;165;3;2;Segunda mano/buen estado;True;True;Distrito Chamberí;Madrid capital, Madrid;18.18;Piso
1450;piso;60;2;1;Segunda mano/buen estado;True;True;Distrito Chamberí;Madrid capital, Madrid;24.17;Piso
2250;piso;98;2;2;Segunda mano/buen estado;True;True;Distrito Chamberí;Madrid capital, Madrid;22.96;Piso
3200;piso;140;5;2;Segunda mano/buen estado;True;False;Distrito Chamberí;Madrid capital, Madrid;22.86;Piso
2350;ático;103;2;2;Segunda mano/buen estado;True;True;Distrito Chamberí;Madrid capital, Madrid;22.82;Piso
1590;piso;45;0;1;Segunda mano/buen estado;True;True;Distrito Chamberí;Madrid capital, Madrid;35.33;Piso
1500;piso;59;2;1;Segunda mano/buen estado;False;False;Distrito Chamberí;Madrid capital, Madrid;25.42;Piso
3300;piso;94;0;2;Segunda mano/buen estado;True;True;Distrito Chamberí;Madrid capital, Madrid;35.11;Piso
3000;ático;165;3;2;Segunda mano/buen estado;True;True;Distrito Chamberí;Madrid capital, Madrid;18.18;Piso
1500;piso;59;2;1;Segunda mano/buen estado;False;False;Distrito Chamberí;Madrid capital, Madrid;25.42;Piso
3500;piso;113;2;2;Segunda mano/buen estado;True;True;Distrito Chamberí;Madrid capital, Madrid;30.97;Piso
3000;piso;108;3;2;Segunda mano/buen estado;True;True;Distrito Chamberí;Madrid capital, Madrid;27.78;Piso
1450;piso;40;0;1;Segunda mano/buen estado;True;True;Distrito Chamberí;Madrid capital, Madrid;36.25;Piso
2250;piso;98;2;2;Segunda mano/buen estado;True;True;Distrito Chamberí;Madrid capital, Madrid;22.96;Piso
900;estudio;29;0;1;Segunda mano/buen estado;False;False;Distrito Chamberí;Madrid capital, Madrid;31.03;Piso
6000;piso;194;4;4;Segunda mano/buen estado;True;True;Distrito Chamberí;Madrid capital, Madrid;30.93;Piso
1700;estudio;66;0;1;Segunda mano/buen estado;True;True;Distrito Chamberí;Madrid capital, Madrid;25.76;Piso
1500;piso;65;2;1;Segunda mano/buen estado;True;False;Distrito Chamberí;Madrid capital, Madrid;23.08;Piso
1250;piso;40;0;1;Segunda mano/buen estado;False;False;Distrito Chamberí;Madrid capital, Madrid;31.25;Piso
2100;piso;55;0;1;Segunda mano/buen estado;True;True;Distrito Chamberí;Madrid capital, Madrid;38.18;Piso
2500;piso;96;0;1;Segunda mano/buen estado;True;True;Distrito Chamberí;Madrid capital, Madrid;26.04;Piso
2600;piso;60;2;1;Segunda mano/buen estado;True;True;Distrito Chamberí;Madrid capital, Madrid;43.33;Piso
2350;ático;90;2;1;Segunda mano/buen estado;True;True;Distrito Chamberí;Madrid capital, Madrid;26.11;Piso
4700;piso;149;3;3;Segunda mano/buen estado;True;True;Distrito Chamberí;Madrid capital, Madrid;31.54;Piso
2750;piso;130;3;2;Segunda mano/buen estado;True;True;Distrito Chamberí;Madrid capital, Madrid;21.15;Piso
3000;piso;170;4;2;Segunda mano/buen estado;True;False;Distrito Chamberí;Madrid capital, Madrid;17.65;Piso
1400;piso;54;0;1;Segunda mano/buen estado;True;True;Distrito Chamberí;Madrid capital, Madrid;25.93;Piso
1100;piso;48;2;1;Segunda mano/buen estado;False;False;Distrito Chamberí;Madrid capital, Madrid;22.92;Piso
2200;piso;50;0;1;Segunda mano/buen estado;True;True;Distrito Chamberí;Madrid capital, Madrid;44.0;Piso
2835;piso;82;2;1;Segunda mano/buen estado;True;True;Distrito Chamberí;Madrid capital, Madrid;34.57;Piso
2295;piso;65;0;1;Segunda mano/buen estado;True;False;Distrito Chamberí;Madrid capital, Madrid;35.31;Piso
1755;piso;32;0;1;Segunda mano/buen estado;True;True;Distrito Chamberí;Madrid capital, Madrid;54.84;Piso
1250;estudio;32;0;1;Segunda mano/buen estado;True;True;Distrito Chamberí;Madrid capital, Madrid;39.06;Piso
3105;piso;91;2;2;Segunda mano/buen estado;True;True;Distrito Chamberí;Madrid capital, Madrid;34.12;Piso
3000;piso;112;0;2;Segunda mano/buen estado;True;True;Distrito Chamberí;Madrid capital, Madrid;26.79;Piso
2350;piso;72;0;1;Segunda mano/buen estado;True;False;Distrito Chamberí;Madrid capital, Madrid;32.64;Piso
3105;piso;100;2;2;Segunda mano/buen estado;True;True;Distrito Chamberí;Madrid capital, Madrid;31.05;Piso
3100;piso;105;3;2;Segunda mano/buen estado;True;True;Distrito Chamberí;Madrid capital, Madrid;29.52;Piso
1300;estudio;47;0;1;Segunda mano/buen estado;False;True;Distrito Chamberí;Madrid capital, Madrid;27.66;Piso
1350;piso;55;0;1;Segunda mano/buen estado;True;True;Distrito Chamberí;Madrid capital, Madrid;24.55;Piso
1944;piso;37;0;1;Segunda mano/buen estado;True;True;Distrito Chamberí;Madrid capital, Madrid;52.54;Piso
1755;piso;32;0;1;Segunda mano/buen estado;True;True;Distrito Chamberí;Madrid capital, Madrid;54.84;Piso
1350;piso;50;0;1;Segunda mano/buen estado;True;True;Distrito Chamberí;Madrid capital, Madrid;27.0;Piso
2592;ático;75;2;2;Segunda mano/buen estado;False;False;Distrito Chamberí;Madrid capital, Madrid;34.56;Piso
2200;piso;50;0;1;Segunda mano/buen estado;True;True;Distrito Chamberí;Madrid capital, Madrid;44.0;Piso
1700;piso;53;2;1;Segunda mano/buen estado;True;True;Distrito Chamberí;Madrid capital, Madrid;32.08;Piso
3000;piso;112;0;2;Segunda mano/buen estado;True;True;Distrito Chamberí;Madrid capital, Madrid;26.79;Piso
4500;piso;106;3;3;Segunda mano/buen estado;True;True;Distrito Chamberí;Madrid capital, Madrid;42.45;Piso
2350;ático;90;2;1;Segunda mano/buen estado;True;True;Distrito Chamberí;Madrid capital, Madrid;26.11;Piso
3105;piso;91;2;2;Segunda mano/buen estado;True;True;Distrito Chamberí;Madrid capital, Madrid;34.12;Piso
2700;piso;65;2;2;Segunda mano/buen estado;True;True;Distrito Chamberí;Madrid capital, Madrid;41.54;Piso
2835;piso;82;2;1;Segunda mano/buen estado;True;True;Distrito Chamberí;Madrid capital, Madrid;34.57;Piso
4185;piso;170;3;2;Segunda mano/buen estado;True;True;Distrito Chamberí;Madrid capital, Madrid;24.62;Piso
3100;piso;105;3;2;Segunda mano/buen estado;True;True;Distrito Chamberí;Madrid capital, Madrid;29.52;Piso
1000;estudio;40;0;1;Segunda mano/buen estado;True;True;Distrito Chamberí;Madrid capital, Madrid;25.0;Piso
2795;piso;83;4;4;Segunda mano/buen estado;True;False;Distrito Chamberí;Madrid capital, Madrid;33.67;Piso
4185;ático;100;2;2;Segunda mano/buen estado;True;True;Distrito Chamberí;Madrid capital, Madrid;41.85;Piso
2950;piso;86;2;2;Segunda mano/buen estado;True;True;Distrito Chamberí;Madrid capital, Madrid;34.3;Piso
1600;ático;80;0;1;Segunda mano/buen estado;True;False;Distrito Chamberí;Madrid capital, Madrid;20.0;Piso
1600;piso;61;2;2;Segunda mano/buen estado;False;False;Distrito Chamberí;Madrid capital, Madrid;26.23;Piso
1400;piso;60;2;1;Segunda mano/buen estado;True;False;Distrito Chamberí;Madrid capital, Madrid;23.33;Piso
1000;estudio;50;0;1;Segunda mano/buen estado;True;True;Distrito Chamberí;Madrid capital, Madrid;20.0;Piso
2700;piso;157;3;3;Segunda mano/buen estado;True;True;Distrito Chamberí;Madrid capital, Madrid;17.2;Piso
2280;piso;90;3;1;Segunda mano/buen estado;False;False;Distrito Chamberí;Madrid capital, Madrid;25.33;Piso
1700;piso;61;2;1;Segunda mano/buen estado;False;False;Distrito Chamberí;Madrid capital, Madrid;27.87;Piso
1290;piso;48;2;1;Segunda mano/buen estado;False;False;Distrito Chamberí;Madrid capital, Madrid;26.88;Piso
1600;ático;75;2;1;Segunda mano/buen estado;True;False;Distrito Chamberí;Madrid capital, Madrid;21.33;Piso
3800;piso;166;2;3;Segunda mano/buen estado;True;True;Distrito Chamberí;Madrid capital, Madrid;22.89;Piso
3800;piso;166;2;3;Segunda mano/buen estado;True;True;Distrito Chamberí;Madrid capital, Madrid;22.89;Piso
1000;estudio;50;0;1;Segunda mano/buen estado;True;True;Distrito Chamberí;Madrid capital, Madrid;20.0;Piso
2700;piso;157;3;3;Segunda mano/buen estado;True;True;Distrito Chamberí;Madrid capital, Madrid;17.2;Piso
1600;ático;75;2;1;Segunda mano/buen estado;True;False;Distrito Chamberí;Madrid capital, Madrid;21.33;Piso
2400;estudio;70;0;1;Segunda mano/buen estado;True;True;Distrito Chamberí;Madrid capital, Madrid;34.29;Piso
1895;piso;51;2;1;Segunda mano/buen estado;False;True;Distrito Chamberí;Madrid capital, Madrid;37.16;Piso
3000;piso;110;2;2;Segunda mano/buen estado;True;True;Distrito Chamberí;Madrid capital, Madrid;27.27;Piso
1400;estudio;51;0;1;Segunda mano/buen estado;True;True;Distrito Chamberí;Madrid capital, Madrid;27.45;Piso
2800;piso;140;3;3;Segunda mano/buen estado;True;True;Distrito Chamberí;Madrid capital, Madrid;20.0;Piso
2250;piso;120;4;2;Segunda mano/buen estado;True;False;Distrito Chamberí;Madrid capital, Madrid;18.75;Piso
1200;piso;30;0;1;Segunda mano/buen estado;True;False;Distrito Chamberí;Madrid capital, Madrid;40.0;Piso
2200;piso;65;3;1;Segunda mano/buen estado;False;False;Distrito Chamberí;Madrid capital, Madrid;33.85;Piso
3300;ático;117;2;2;Segunda mano/buen estado;True;True;Distrito Chamberí;Madrid capital, Madrid;28.21;Piso
8900;piso;280;3;4;Segunda mano/buen estado;True;True;Distrito Chamberí;Madrid capital, Madrid;31.79;Piso
1700;piso;87;0;1;Segunda mano/buen estado;True;True;Distrito Chamberí;Madrid capital, Madrid;19.54;Piso
2100;piso;99;2;2;Segunda mano/buen estado;True;True;Distrito Chamberí;Madrid capital, Madrid;21.21;Piso
3700;piso;146;3;2;Segunda mano/buen estado;False;True;Distrito Chamberí;Madrid capital, Madrid;25.34;Piso
2100;ático;88;2;1;Segunda mano/buen estado;True;True;Distrito Chamberí;Madrid capital, Madrid;23.86;Piso
1300;piso;64;2;2;Segunda mano/buen estado;True;False;Distrito Chamberí;Madrid capital, Madrid;20.31;Piso
950;piso;29;0;1;Segunda mano/buen estado;True;True;Distrito Chamberí;Madrid capital, Madrid;32.76;Piso
2200;piso;75;0;1;Segunda mano/buen estado;True;True;Distrito Chamberí;Madrid capital, Madrid;29.33;Piso
999;estudio;40;0;1;Segunda mano/buen estado;True;True;Distrito Chamberí;Madrid capital, Madrid;24.98;Piso
1300;piso;44;2;1;Segunda mano/buen estado;True;False;Distrito Chamberí;Madrid capital, Madrid;29.55;Piso
900;piso;45;0;1;Segunda mano/buen estado;False;False;Distrito Chamberí;Madrid capital, Madrid;20.0;Piso
1800;piso;88;2;2;Segunda mano/buen estado;True;False;Distrito Chamberí;Madrid capital, Madrid;20.45;Piso
2150;piso;78;2;2;Segunda mano/buen estado;True;True;Distrito Chamberí;Madrid capital, Madrid;27.56;Piso
1600;piso;85;2;2;Segunda mano/buen estado;True;True;Distrito Chamberí;Madrid capital, Madrid;18.82;Piso
1300;piso;40;2;1;Segunda mano/buen estado;True;True;Distrito Chamberí;Madrid capital, Madrid;32.5;Piso
1550;piso;72;2;1;Segunda mano/buen estado;True;False;Distrito Chamberí;Madrid capital, Madrid;21.53;Piso
2200;piso;103;3;2;Segunda mano/buen estado;True;True;Distrito Chamberí;Madrid capital, Madrid;21.36;Piso
1250;estudio;40;0;1;Segunda mano/buen estado;True;True;Distrito Chamberí;Madrid capital, Madrid;31.25;Piso
1700;piso;51;2;1;Segunda mano/buen estado;False;False;Distrito Chamberí;Madrid capital, Madrid;33.33;Piso
2400;piso;84;4;1;Segunda mano/buen estado;False;False;Distrito Chamberí;Madrid capital, Madrid;28.57;Piso
2500;piso;121;2;2;Segunda mano/buen estado;True;True;Distrito Chamberí;Madrid capital, Madrid;20.66;Piso
1300;piso;78;2;1;Segunda mano/buen estado;True;True;Distrito Chamberí;Madrid capital, Madrid;16.67;Piso
2500;piso;96;2;2;Segunda mano/buen estado;True;True;Distrito Chamberí;Madrid capital, Madrid;26.04;Piso
7000;piso;400;4;4;Segunda mano/buen estado;True;True;Distrito Chamberí;Madrid capital, Madrid;17.5;Piso
1390;piso;53;2;1;Segunda mano/buen estado;True;False;Distrito Chamberí;Madrid capital, Madrid;26.23;Piso
1950;piso;75;0;1;Segunda mano/buen estado;True;True;Distrito Chamberí;Madrid capital, Madrid;26.0;Piso
840;estudio;38;0;1;Segunda mano/buen estado;False;False;Distrito Chamberí;Madrid capital, Madrid;22.11;Piso
1350;piso;51;0;1;Segunda mano/buen estado;False;True;Distrito Chamberí;Madrid capital, Madrid;26.47;Piso
2300;ático;90;2;2;Segunda mano/buen estado;True;True;Distrito Chamberí;Madrid capital, Madrid;25.56;Piso
1600;piso;74;0;1;Segunda mano/buen estado;True;True;Distrito Chamberí;Madrid capital, Madrid;21.62;Piso
1750;piso;65;2;1;Segunda mano/buen estado;True;True;Distrito Chamberí;Madrid capital, Madrid;26.92;Piso
1750;piso;80;2;1;Segunda mano/buen estado;True;False;Distrito Chamberí;Madrid capital, Madrid;21.88;Piso
5250;piso;305;4;3;Segunda mano/buen estado;True;True;Distrito Chamberí;Madrid capital, Madrid;17.21;Piso
2300;ático;103;2;2;Segunda mano/buen estado;False;True;Distrito Chamberí;Madrid capital, Madrid;22.33;Piso
900;estudio;42;0;1;Segunda mano/buen estado;False;False;Distrito Chamberí;Madrid capital, Madrid;21.43;Piso
5450;piso;250;6;3;Segunda mano/buen estado;True;True;Distrito Chamberí;Madrid capital, Madrid;21.8;Piso
6495;piso;360;5;4;Segunda mano/buen estado;True;True;Distrito Chamberí;Madrid capital, Madrid;18.04;Piso
2350;piso;82;4;1;Segunda mano/buen estado;True;False;Distrito Chamberí;Madrid capital, Madrid;28.66;Piso
1600;piso;60;2;2;Segunda mano/buen estado;False;True;Distrito Chamberí;Madrid capital, Madrid;26.67;Piso
5350;piso;250;6;3;Segunda mano/buen estado;True;True;Distrito Chamberí;Madrid capital, Madrid;21.4;Piso
1750;piso;57;0;1;Segunda mano/buen estado;True;True;Distrito Chamberí;Madrid capital, Madrid;30.7;Piso
2190;piso;60;0;1;Segunda mano/buen estado;True;False;Distrito Chamberí;Madrid capital, Madrid;36.5;Piso
4850;piso;256;4;4;Segunda mano/buen estado;True;True;Distrito Chamberí;Madrid capital, Madrid;18.95;Piso
1350;estudio;30;0;1;Segunda mano/buen estado;True;True;Distrito Chamberí;Madrid capital, Madrid;45.0;Piso
4850;piso;256;4;4;Segunda mano/buen estado;True;True;Distrito Chamberí;Madrid capital, Madrid;18.95;Piso
1350;estudio;30;0;1;Segunda mano/buen estado;True;True;Distrito Chamberí;Madrid capital, Madrid;45.0;Piso
2700;piso;71;2;2;Segunda mano/buen estado;True;True;Distrito Chamberí;Madrid capital, Madrid;38.03;Piso
850;piso;29;0;1;Segunda mano/buen estado;False;False;Distrito Chamberí;Madrid capital, Madrid;29.31;Piso
2300;piso;110;2;2;Segunda mano/buen estado;True;True;Distrito Chamberí;Madrid capital, Madrid;20.91;Piso
2500;piso;80;2;1;Segunda mano/buen estado;True;False;Distrito Chamberí;Madrid capital, Madrid;31.25;Piso
3600;piso;145;3;2;Segunda mano/buen estado;False;False;Distrito Chamberí;Madrid capital, Madrid;24.83;Piso
1380;estudio;48;0;1;Segunda mano/buen estado;True;True;Distrito Chamberí;Madrid capital, Madrid;28.75;Piso
1300;estudio;30;0;1;Segunda mano/buen estado;True;False;Distrito Chamberí;Madrid capital, Madrid;43.33;Piso
1350;piso;50;0;1;Segunda mano/buen estado;True;True;Distrito Chamberí;Madrid capital, Madrid;27.0;Piso
2300;piso;90;2;2;Segunda mano/buen estado;True;False;Distrito Chamberí;Madrid capital, Madrid;25.56;Piso
3200;piso;120;4;2;Segunda mano/buen estado;False;False;Distrito Chamberí;Madrid capital, Madrid;26.67;Piso
1400;piso;75;2;1;Segunda mano/buen estado;True;False;Distrito Chamberí;Madrid capital, Madrid;18.67;Piso
1200;piso;48;0;1;Segunda mano/buen estado;True;True;Distrito Chamberí;Madrid capital, Madrid;25.0;Piso
2950;ático;90;2;2;Segunda mano/buen estado;True;True;Distrito Chamberí;Madrid capital, Madrid;32.78;Piso
2200;piso;50;0;1;Segunda mano/buen estado;True;True;Distrito Chamberí;Madrid capital, Madrid;44.0;Piso
1600;piso;55;2;1;Segunda mano/buen estado;True;False;Distrito Chamberí;Madrid capital, Madrid;29.09;Piso
4800;piso;150;6;4;Segunda mano/buen estado;True;True;Distrito Chamberí;Madrid capital, Madrid;32.0;Piso
1200;piso;53;0;1;Segunda mano/buen estado;True;False;Distrito Chamberí;Madrid capital, Madrid;22.64;Piso
2800;ático;120;4;1;Segunda mano/buen estado;True;False;Distrito Chamberí;Madrid capital, Madrid;23.33;Piso
1950;dúplex;75;0;1;Segunda mano/buen estado;True;True;Distrito Chamberí;Madrid capital, Madrid;26.0;other
1400;piso;60;0;1;Segunda mano/buen estado;True;True;Distrito Chamberí;Madrid capital, Madrid;23.33;Piso
3500;piso;75;2;2;Segunda mano/buen estado;True;False;Distrito Chamberí;Madrid capital, Madrid;46.67;Piso
900;estudio;35;0;1;Segunda mano/buen estado;True;True;Distrito Chamberí;Madrid capital, Madrid;25.71;Piso
975;estudio;29;0;1;Segunda mano/buen estado;False;True;Distrito Chamberí;Madrid capital, Madrid;33.62;Piso
1950;piso;60;3;1;Segunda mano/buen estado;True;False;Distrito Chamberí;Madrid capital, Madrid;32.5;Piso
2000;piso;66;3;1;Segunda mano/buen estado;True;False;Distrito Chamberí;Madrid capital, Madrid;30.3;Piso
2600;piso;77;0;1;Segunda mano/buen estado;True;False;Distrito Chamberí;Madrid capital, Madrid;33.77;Piso
1000;piso;45;0;1;Segunda mano/buen estado;True;False;Distrito Chamberí;Madrid capital, Madrid;22.22;Piso
3450;piso;220;3;3;Segunda mano/buen estado;True;True;Distrito Chamberí;Madrid capital, Madrid;15.68;Piso
1150;piso;46;0;1;Segunda mano/buen estado;True;False;Distrito Chamberí;Madrid capital, Madrid;25.0;Piso
2800;ático;120;4;1;Segunda mano/buen estado;True;False;Distrito Chamberí;Madrid capital, Madrid;23.33;Piso
1800;piso;75;3;1;Segunda mano/buen estado;True;False;Distrito Chamberí;Madrid capital, Madrid;24.0;Piso
1000;piso;45;0;1;Segunda mano/buen estado;True;False;Distrito Chamberí;Madrid capital, Madrid;22.22;Piso
1750;piso;90;2;1;Segunda mano/buen estado;True;False;Distrito Chamberí;Madrid capital, Madrid;19.44;Piso
2000;piso;95;2;1;Segunda mano/buen estado;True;True;Distrito Chamberí;Madrid capital, Madrid;21.05;Piso
975;estudio;29;0;1;Segunda mano/buen estado;False;True;Distrito Chamberí;Madrid capital, Madrid;33.62;Piso
2600;piso;77;0;1;Segunda mano/buen estado;True;False;Distrito Chamberí;Madrid capital, Madrid;33.77;Piso
900;estudio;35;0;1;Segunda mano/buen estado;True;True;Distrito Chamberí;Madrid capital, Madrid;25.71;Piso
3600;piso;130;3;2;Segunda mano/buen estado;True;True;Distrito Chamberí;Madrid capital, Madrid;27.69;Piso
3500;piso;75;2;2;Segunda mano/buen estado;True;False;Distrito Chamberí;Madrid capital, Madrid;46.67;Piso
2500;piso;120;2;2;Segunda mano/buen estado;True;True;Distrito Chamberí;Madrid capital, Madrid;20.83;Piso
1300;piso;38;0;2;Segunda mano/buen estado;True;True;Distrito Chamberí;Madrid capital, Madrid;34.21;Piso
2900;piso;124;2;2;Segunda mano/buen estado;True;True;Distrito Chamberí;Madrid capital, Madrid;23.39;Piso
2500;ático;95;2;2;Segunda mano/buen estado;False;True;Distrito Chamberí;Madrid capital, Madrid;26.32;Piso
2900;piso;150;2;2;Segunda mano/buen estado;True;False;Distrito Chamberí;Madrid capital, Madrid;19.33;Piso
1300;estudio;35;0;1;Segunda mano/buen estado;False;True;Distrito Chamberí;Madrid capital, Madrid;37.14;Piso
1200;piso;50;0;1;Segunda mano/buen estado;True;True;Distrito Chamberí;Madrid capital, Madrid;24.0;Piso
1250;piso;60;2;1;Segunda mano/buen estado;True;False;Distrito Chamberí;Madrid capital, Madrid;20.83;Piso
7500;piso;294;4;4;Segunda mano/buen estado;True;True;Distrito Chamberí;Madrid capital, Madrid;25.51;Piso
2200;piso;66;2;2;Segunda mano/buen estado;True;True;Distrito Chamberí;Madrid capital, Madrid;33.33;Piso
1400;piso;50;0;1;Segunda mano/buen estado;True;True;Distrito Chamberí;Madrid capital, Madrid;28.0;Piso
2500;dúplex;82;0;2;Segunda mano/buen estado;True;True;Distrito Chamberí;Madrid capital, Madrid;30.49;other
4500;piso;130;3;3;Segunda mano/buen estado;True;True;Distrito Chamberí;Madrid capital, Madrid;34.62;Piso
3500;piso;78;2;2;Segunda mano/buen estado;True;False;Distrito Chamberí;Madrid capital, Madrid;44.87;Piso
2325;piso;74;2;2;Segunda mano/buen estado;True;True;Distrito Chamberí;Madrid capital, Madrid;31.42;Piso
800;estudio;35;0;1;Segunda mano/buen estado;True;True;Distrito Chamberí;Madrid capital, Madrid;22.86;Piso
2500;dúplex;82;0;2;Segunda mano/buen estado;True;True;Distrito Chamberí;Madrid capital, Madrid;30.49;other
1900;ático;42;0;1;Segunda mano/buen estado;True;True;Distrito Chamberí;Madrid capital, Madrid;45.24;Piso
1000;piso;36;0;1;Segunda mano/buen estado;False;False;Distrito Chamberí;Madrid capital, Madrid;27.78;Piso
1200;piso;55;0;1;Segunda mano/buen estado;False;True;Distrito Chamberí;Madrid capital, Madrid;21.82;Piso
3000;ático;190;2;2;Segunda mano/buen estado;True;True;Distrito Chamberí;Madrid capital, Madrid;15.79;Piso
2500;dúplex;82;0;2;Segunda mano/buen estado;True;True;Distrito Chamberí;Madrid capital, Madrid;30.49;other
800;estudio;35;0;1;Segunda mano/buen estado;True;True;Distrito Chamberí;Madrid capital, Madrid;22.86;Piso
1850;piso;40;0;1;Segunda mano/buen estado;True;True;Distrito Chamberí;Madrid capital, Madrid;46.25;Piso
1980;piso;95;2;2;Segunda mano/buen estado;False;False;Distrito Chamberí;Madrid capital, Madrid;20.84;Piso
5700;piso;200;4;3;Segunda mano/buen estado;True;True;Distrito Chamberí;Madrid capital, Madrid;28.5;Piso
2500;chalet;80;0;1;Segunda mano/buen estado;False;True;Distrito Chamberí;Madrid capital, Madrid;31.25;other
3400;piso;60;0;1;Segunda mano/buen estado;True;True;Distrito Chamberí;Madrid capital, Madrid;56.67;Piso
13500;ático;232;3;4;Segunda mano/buen estado;True;True;Distrito Chamberí;Madrid capital, Madrid;58.19;Piso
2050;piso;83;4;1;Segunda mano/buen estado;True;False;Distrito Chamberí;Madrid capital, Madrid;24.7;Piso
2949;piso;116;3;2;Segunda mano/buen estado;True;True;Distrito Chamberí;Madrid capital, Madrid;25.42;Piso
1400;piso;65;2;2;Segunda mano/buen estado;True;False;Distrito Chamberí;Madrid capital, Madrid;21.54;Piso
1450;piso;60;0;1;Segunda mano/buen estado;True;True;Distrito Chamberí;Madrid capital, Madrid;24.17;Piso
3500;piso;158;3;3;Segunda mano/buen estado;True;True;Distrito Chamberí;Madrid capital, Madrid;22.15;Piso
2600;piso;148;3;2;Segunda mano/buen estado;False;False;Distrito Chamberí;Madrid capital, Madrid;17.57;Piso
1800;piso;68;2;1;Segunda mano/buen estado;True;True;Distrito Chamberí;Madrid capital, Madrid;26.47;Piso
1700;piso;63;0;1;Segunda mano/buen estado;True;False;Distrito Chamberí;Madrid capital, Madrid;26.98;Piso
2800;piso;100;3;2;Segunda mano/buen estado;True;True;Distrito Chamberí;Madrid capital, Madrid;28.0;Piso
3200;piso;171;2;2;Segunda mano/buen estado;True;True;Distrito Chamberí;Madrid capital, Madrid;18.71;Piso
1800;piso;80;2;2;Segunda mano/buen estado;False;True;Distrito Chamberí;Madrid capital, Madrid;22.5;Piso
3200;piso;60;3;1;Segunda mano/buen estado;False;False;Distrito Chamberí;Madrid capital, Madrid;53.33;Piso
1800;piso;85;2;1;Segunda mano/buen estado;True;False;Distrito Chamberí;Madrid capital, Madrid;21.18;Piso
1090;piso;30;0;1;Segunda mano/buen estado;False;True;Distrito Chamberí;Madrid capital, Madrid;36.33;Piso
1795;piso;40;0;1;Segunda mano/buen estado;True;True;Distrito Chamberí;Madrid capital, Madrid;44.88;Piso
3000;piso;118;3;2;Segunda mano/buen estado;True;True;Distrito Chamberí;Madrid capital, Madrid;25.42;Piso
1430;piso;45;2;1;Segunda mano/buen estado;True;True;Distrito Chamberí;Madrid capital, Madrid;31.78;Piso
1600;piso;66;2;2;Segunda mano/buen estado;True;True;Distrito Chamberí;Madrid capital, Madrid;24.24;Piso
4500;dúplex;255;4;4;Segunda mano/buen estado;True;True;Distrito Chamberí;Madrid capital, Madrid;17.65;other
3000;piso;118;3;2;Segunda mano/buen estado;True;True;Distrito Chamberí;Madrid capital, Madrid;25.42;Piso
1430;piso;45;2;1;Segunda mano/buen estado;True;True;Distrito Chamberí;Madrid capital, Madrid;31.78;Piso
4500;dúplex;255;4;4;Segunda mano/buen estado;True;True;Distrito Chamberí;Madrid capital, Madrid;17.65;other
3200;piso;60;3;1;Segunda mano/buen estado;False;False;Distrito Chamberí;Madrid capital, Madrid;53.33;Piso
2200;piso;55;0;1;Segunda mano/buen estado;True;False;Distrito Chamberí;Madrid capital, Madrid;40.0;Piso
1300;piso;54;2;1;Segunda mano/buen estado;False;False;Distrito Chamberí;Madrid capital, Madrid;24.07;Piso
3500;piso;121;3;2;Segunda mano/buen estado;False;False;Distrito Chamberí;Madrid capital, Madrid;28.93;Piso
1100;piso;48;2;1;Segunda mano/buen estado;False;False;Distrito Chamberí;Madrid capital, Madrid;22.92;Piso
5700;piso;200;4;3;Segunda mano/buen estado;True;True;Distrito Chamberí;Madrid capital, Madrid;28.5;Piso
1500;piso;69;2;1;Segunda mano/buen estado;True;True;Distrito Chamberí;Madrid capital, Madrid;21.74;Piso
2290;piso;89;3;1;Segunda mano/buen estado;False;True;Distrito Chamberí;Madrid capital, Madrid;25.73;Piso
3000;piso;112;0;1;Segunda mano/buen estado;True;True;Distrito Chamberí;Madrid capital, Madrid;26.79;Piso
2000;piso;93;2;1;Segunda mano/buen estado;True;True;Distrito Chamberí;Madrid capital, Madrid;21.51;Piso
2000;piso;70;0;1;Segunda mano/buen estado;True;False;Distrito Chamberí;Madrid capital, Madrid;28.57;Piso
1600;piso;60;2;1;Segunda mano/buen estado;True;False;Distrito Chamberí;Madrid capital, Madrid;26.67;Piso
1400;piso;48;2;1;Segunda mano/buen estado;False;True;Distrito Chamberí;Madrid capital, Madrid;29.17;Piso
3900;piso;120;3;2;Segunda mano/buen estado;True;True;Distrito Chamberí;Madrid capital, Madrid;32.5;Piso
2500;piso;75;2;2;Segunda mano/buen estado;True;True;Distrito Chamberí;Madrid capital, Madrid;33.33;Piso
3000;piso;104;3;2;Segunda mano/buen estado;True;True;Distrito Chamberí;Madrid capital, Madrid;28.85;Piso
1100;piso;40;2;1;Segunda mano/buen estado;False;False;Distrito Chamberí;Madrid capital, Madrid;27.5;Piso
1600;piso;50;0;1;Segunda mano/buen estado;True;True;Distrito Chamberí;Madrid capital, Madrid;32.0;Piso
1200;piso;55;0;1;Segunda mano/buen estado;True;True;Distrito Chamberí;Madrid capital, Madrid;21.82;Piso
1445;piso;45;0;1;Segunda mano/buen estado;True;True;Distrito Chamberí;Madrid capital, Madrid;32.11;Piso
900;piso;40;0;1;Segunda mano/buen estado;True;False;Distrito Chamberí;Madrid capital, Madrid;22.5;Piso
1750;piso;59;2;1;Segunda mano/buen estado;True;True;Distrito Chamberí;Madrid capital, Madrid;29.66;Piso
790;estudio;37;0;1;Segunda mano/buen estado;False;True;Distrito Chamberí;Madrid capital, Madrid;21.35;Piso
2500;piso;80;2;2;Segunda mano/buen estado;True;True;Distrito Chamberí;Madrid capital, Madrid;31.25;Piso
1195;piso;45;0;1;Segunda mano/buen estado;True;True;Distrito Chamberí;Madrid capital, Madrid;26.56;Piso
2000;piso;99;3;2;Segunda mano/buen estado;False;False;Distrito Chamberí;Madrid capital, Madrid;20.2;Piso
2500;piso;80;2;2;Segunda mano/buen estado;True;True;Distrito Chamberí;Madrid capital, Madrid;31.25;Piso
2800;piso;100;4;2;Segunda mano/buen estado;False;False;Distrito Chamberí;Madrid capital, Madrid;28.0;Piso
2300;piso;77;0;2;Segunda mano/buen estado;True;True;Distrito Chamberí;Madrid capital, Madrid;29.87;Piso
790;estudio;37;0;1;Segunda mano/buen estado;False;True;Distrito Chamberí;Madrid capital, Madrid;21.35;Piso
2000;piso;99;3;2;Segunda mano/buen estado;False;False;Distrito Chamberí;Madrid capital, Madrid;20.2;Piso
2300;piso;132;5;3;Segunda mano/buen estado;False;False;Distrito Chamberí;Madrid capital, Madrid;17.42;Piso
1990;piso;80;2;1;Segunda mano/buen estado;True;True;Distrito Chamberí;Madrid capital, Madrid;24.88;Piso
2350;piso;112;3;2;Segunda mano/buen estado;True;True;Distrito Chamberí;Madrid capital, Madrid;20.98;Piso
1195;piso;45;0;1;Segunda mano/buen estado;True;True;Distrito Chamberí;Madrid capital, Madrid;26.56;Piso
2500;ático;90;2;2;Segunda mano/buen estado;True;True;Distrito Chamberí;Madrid capital, Madrid;27.78;Piso
1600;piso;63;0;1;Segunda mano/buen estado;True;True;Distrito Chamberí;Madrid capital, Madrid;25.4;Piso
1050;piso;50;0;1;Segunda mano/buen estado;True;False;Distrito Chamberí;Madrid capital, Madrid;21.0;Piso
2300;piso;80;2;1;Segunda mano/buen estado;True;True;Distrito Chamberí;Madrid capital, Madrid;28.75;Piso
1790;piso;65;2;1;Segunda mano/buen estado;True;False;Distrito Chamberí;Madrid capital, Madrid;27.54;Piso
1900;piso;50;0;1;Segunda mano/buen estado;False;True;Distrito Chamberí;Madrid capital, Madrid;38.0;Piso
900;piso;25;0;1;Segunda mano/buen estado;True;True;Distrito Chamberí;Madrid capital, Madrid;36.0;Piso
3500;ático;167;5;2;Segunda mano/buen estado;False;False;Distrito Chamberí;Madrid capital, Madrid;20.96;Piso
1190;piso;50;2;1;Segunda mano/buen estado;True;False;Distrito Chamberí;Madrid capital, Madrid;23.8;Piso
1200;estudio;50;0;1;Segunda mano/buen estado;True;False;Distrito Chamberí;Madrid capital, Madrid;24.0;Piso
1400;piso;50;2;1;Segunda mano/buen estado;False;True;Distrito Chamberí;Madrid capital, Madrid;28.0;Piso
2300;piso;93;2;2;Segunda mano/buen estado;True;True;Distrito Chamberí;Madrid capital, Madrid;24.73;Piso
1600;piso;83;2;2;Segunda mano/buen estado;True;True;Distrito Chamberí;Madrid capital, Madrid;19.28;Piso
2100;piso;88;3;2;Segunda mano/buen estado;True;True;Distrito Chamberí;Madrid capital, Madrid;23.86;Piso
2000;piso;120;2;1;Segunda mano/buen estado;True;True;Distrito Chamberí;Madrid capital, Madrid;16.67;Piso
1395;piso;69;2;1;Segunda mano/buen estado;True;False;Distrito Chamberí;Madrid capital, Madrid;20.22;Piso
1700;piso;68;3;1;Segunda mano/buen estado;False;False;Distrito Chamberí;Madrid capital, Madrid;25.0;Piso
1100;estudio;40;0;1;Segunda mano/buen estado;True;True;Distrito Chamberí;Madrid capital, Madrid;27.5;Piso
1350;piso;71;2;1;Segunda mano/buen estado;True;True;Distrito Chamberí;Madrid capital, Madrid;19.01;Piso
1199;piso;40;2;1;Segunda mano/buen estado;False;False;Distrito Chamberí;Madrid capital, Madrid;29.98;Piso
2150;piso;110;2;1;Segunda mano/buen estado;True;True;Distrito Chamberí;Madrid capital, Madrid;19.55;Piso
2050;piso;88;3;1;Segunda mano/buen estado;False;True;Distrito Chamberí;Madrid capital, Madrid;23.3;Piso
2800;piso;123;3;2;Segunda mano/buen estado;True;True;Distrito Chamberí;Madrid capital, Madrid;22.76;Piso
1350;piso;38;2;1;Segunda mano/buen estado;False;False;Distrito Chamberí;Madrid capital, Madrid;35.53;Piso
1975;piso;85;2;2;Segunda mano/buen estado;False;True;Distrito Chamberí;Madrid capital, Madrid;23.24;Piso
2190;piso;84;2;2;Segunda mano/buen estado;True;True;Distrito Chamberí;Madrid capital, Madrid;26.07;Piso
1199;piso;40;2;1;Segunda mano/buen estado;False;False;Distrito Chamberí;Madrid capital, Madrid;29.98;Piso
1950;piso;71;3;1;Segunda mano/buen estado;True;True;Distrito Chamberí;Madrid capital, Madrid;27.46;Piso
2150;piso;110;2;1;Segunda mano/buen estado;True;True;Distrito Chamberí;Madrid capital, Madrid;19.55;Piso
1700;piso;68;3;1;Segunda mano/buen estado;False;False;Distrito Chamberí;Madrid capital, Madrid;25.0;Piso
1700;ático;74;0;1;Segunda mano/buen estado;True;True;Distrito Chamberí;Madrid capital, Madrid;22.97;Piso
1250;ático;60;0;1;Segunda mano/buen estado;False;True;Distrito Chamberí;Madrid capital, Madrid;20.83;Piso
3290;piso;130;2;2;Segunda mano/buen estado;True;True;Distrito Chamberí;Madrid capital, Madrid;25.31;Piso
1350;piso;71;2;1;Segunda mano/buen estado;True;True;Distrito Chamberí;Madrid capital, Madrid;19.01;Piso
1350;piso;45;2;1;Segunda mano/buen estado;True;False;Distrito Chamberí;Madrid capital, Madrid;30.0;Piso
2200;piso;85;2;2;Segunda mano/buen estado;True;True;Distrito Chamberí;Madrid capital, Madrid;25.88;Piso
2200;piso;130;2;2;Segunda mano/buen estado;False;False;Distrito Chamberí;Madrid capital, Madrid;16.92;Piso
1750;piso;76;0;1;Segunda mano/buen estado;True;True;Distrito Chamberí;Madrid capital, Madrid;23.03;Piso
4500;ático;235;5;4;Segunda mano/buen estado;True;True;Distrito Chamberí;Madrid capital, Madrid;19.15;Piso
1375;piso;86;0;1;Segunda mano/buen estado;True;True;Distrito Chamberí;Madrid capital, Madrid;15.99;Piso
2500;piso;135;4;2;Segunda mano/buen estado;True;False;Distrito Chamberí;Madrid capital, Madrid;18.52;Piso
2300;piso;100;3;2;Segunda mano/buen estado;True;False;Distrito Chamberí;Madrid capital, Madrid;23.0;Piso
1400;piso;75;0;1;Segunda mano/buen estado;True;False;Distrito Chamberí;Madrid capital, Madrid;18.67;Piso
1300;estudio;42;0;1;Segunda mano/buen estado;False;False;Distrito Chamberí;Madrid capital, Madrid;30.95;Piso
1325;piso;40;0;1;Segunda mano/buen estado;True;True;Distrito Chamberí;Madrid capital, Madrid;33.12;Piso
2300;piso;145;2;2;Segunda mano/buen estado;True;False;Distrito Chamberí;Madrid capital, Madrid;15.86;Piso
2460;piso;95;3;1;Segunda mano/buen estado;False;False;Distrito Chamberí;Madrid capital, Madrid;25.89;Piso
825;dúplex;25;0;1;Segunda mano/buen estado;False;True;Distrito Chamberí;Madrid capital, Madrid;33.0;other
1400;piso;40;0;1;Segunda mano/buen estado;True;True;Distrito Chamberí;Madrid capital, Madrid;35.0;Piso
1600;piso;63;2;1;Segunda mano/buen estado;True;False;Distrito Chamberí;Madrid capital, Madrid;25.4;Piso
1300;piso;45;0;1;Segunda mano/buen estado;True;True;Distrito Chamberí;Madrid capital, Madrid;28.89;Piso
2300;piso;145;2;2;Segunda mano/buen estado;True;False;Distrito Chamberí;Madrid capital, Madrid;15.86;Piso
1400;piso;40;0;1;Segunda mano/buen estado;True;True;Distrito Chamberí;Madrid capital, Madrid;35.0;Piso
1500;piso;60;2;1;Segunda mano/buen estado;False;False;Distrito Chamberí;Madrid capital, Madrid;25.0;Piso
1500;estudio;45;0;1;Segunda mano/buen estado;True;True;Distrito Chamberí;Madrid capital, Madrid;33.33;Piso
1325;piso;40;0;1;Segunda mano/buen estado;True;True;Distrito Chamberí;Madrid capital, Madrid;33.12;Piso
3000;piso;130;3;2;Segunda mano/buen estado;True;True;Distrito Chamberí;Madrid capital, Madrid;23.08;Piso
3800;piso;230;4;3;Segunda mano/buen estado;True;True;Distrito Chamberí;Madrid capital, Madrid;16.52;Piso
2500;piso;115;3;2;Segunda mano/buen estado;True;True;Distrito Chamberí;Madrid capital, Madrid;21.74;Piso
1150;piso;45;0;1;Segunda mano/buen estado;False;True;Distrito Chamberí;Madrid capital, Madrid;25.56;Piso
12000;piso;340;3;4;Segunda mano/buen estado;True;True;Distrito Chamberí;Madrid capital, Madrid;35.29;Piso
1360;estudio;40;0;1;Segunda mano/buen estado;True;True;Distrito Chamberí;Madrid capital, Madrid;34.0;Piso
850;piso;33;0;1;Segunda mano/buen estado;False;True;Distrito Chamberí;Madrid capital, Madrid;25.76;Piso
2000;ático;60;2;1;Segunda mano/buen estado;True;True;Distrito Chamberí;Madrid capital, Madrid;33.33;Piso
1050;piso;40;0;1;Segunda mano/buen estado;True;True;Distrito Chamberí;Madrid capital, Madrid;26.25;Piso
1990;piso;75;2;1;Segunda mano/buen estado;True;True;Distrito Chamberí;Madrid capital, Madrid;26.53;Piso
1150;estudio;74;0;1;Segunda mano/buen estado;False;True;Distrito Chamberí;Madrid capital, Madrid;15.54;Piso
1100;piso;42;0;1;Segunda mano/buen estado;True;False;Distrito Chamberí;Madrid capital, Madrid;26.19;Piso
1000;estudio;50;0;1;Segunda mano/buen estado;True;True;Distrito Chamberí;Madrid capital, Madrid;20.0;Piso
1500;piso;50;0;1;Segunda mano/buen estado;False;False;Distrito Chamberí;Madrid capital, Madrid;30.0;Piso
1750;piso;67;2;1;Segunda mano/buen estado;True;True;Distrito Chamberí;Madrid capital, Madrid;26.12;Piso
1300;dúplex;43;0;1;Segunda mano/buen estado;True;False;Distrito Chamberí;Madrid capital, Madrid;30.23;other
2550;piso;98;3;2;Segunda mano/buen estado;True;True;Distrito Chamberí;Madrid capital, Madrid;26.02;Piso
1150;estudio;50;0;1;Segunda mano/buen estado;True;False;Distrito Chamberí;Madrid capital, Madrid;23.0;Piso
2250;piso;110;3;1;Segunda mano/buen estado;True;False;Distrito Chamberí;Madrid capital, Madrid;20.45;Piso
2300;ático;90;3;1;Segunda mano/buen estado;False;False;Distrito Chamberí;Madrid capital, Madrid;25.56;Piso
2000;piso;75;2;1;Segunda mano/buen estado;True;True;Distrito Chamberí;Madrid capital, Madrid;26.67;Piso
1300;piso;55;2;1;Segunda mano/buen estado;True;False;Distrito Chamberí;Madrid capital, Madrid;23.64;Piso
2200;piso;41;0;1;Segunda mano/buen estado;True;True;Distrito Chamberí;Madrid capital, Madrid;53.66;Piso
3500;piso;230;4;2;Segunda mano/buen estado;True;True;Distrito Chamberí;Madrid capital, Madrid;15.22;Piso
1350;piso;59;0;1;Segunda mano/buen estado;True;True;Distrito Chamberí;Madrid capital, Madrid;22.88;Piso
2000;piso;90;2;2;Segunda mano/buen estado;True;True;Distrito Chamberí;Madrid capital, Madrid;22.22;Piso
2100;piso;75;3;1;Segunda mano/buen estado;False;False;Distrito Chamberí;Madrid capital, Madrid;28.0;Piso
1300;piso;50;2;1;Segunda mano/buen estado;True;False;Distrito Chamberí;Madrid capital, Madrid;26.0;Piso
1050;piso;30;0;1;Segunda mano/buen estado;True;False;Distrito Chamberí;Madrid capital, Madrid;35.0;Piso
2700;piso;103;2;2;Segunda mano/buen estado;True;True;Distrito Chamberí;Madrid capital, Madrid;26.21;Piso
1875;piso;60;3;1;Segunda mano/buen estado;False;True;Distrito Chamberí;Madrid capital, Madrid;31.25;Piso
1000;estudio;40;0;1;Segunda mano/buen estado;False;True;Distrito Chamberí;Madrid capital, Madrid;25.0;Piso
2400;piso;114;2;2;Segunda mano/buen estado;True;True;Distrito Chamberí;Madrid capital, Madrid;21.05;Piso
2480;piso;80;3;1;Segunda mano/buen estado;True;True;Distrito Chamberí;Madrid capital, Madrid;31.0;Piso
1300;piso;36;0;2;Segunda mano/buen estado;True;True;Distrito Chamberí;Madrid capital, Madrid;36.11;Piso
1100;estudio;47;0;1;Segunda mano/buen estado;True;True;Distrito Chamberí;Madrid capital, Madrid;23.4;Piso
1400;piso;57;0;1;Segunda mano/buen estado;True;True;Distrito Chamberí;Madrid capital, Madrid;24.56;Piso
2000;piso;60;2;1;Segunda mano/buen estado;True;True;Distrito Chamberí;Madrid capital, Madrid;33.33;Piso
1450;piso;65;2;1;Segunda mano/buen estado;True;True;Distrito Chamberí;Madrid capital, Madrid;22.31;Piso
2000;piso;94;2;1;Segunda mano/buen estado;True;True;Distrito Chamberí;Madrid capital, Madrid;21.28;Piso
1300;piso;45;0;1;Segunda mano/buen estado;False;False;Distrito Chamberí;Madrid capital, Madrid;28.89;Piso
1630;piso;88;2;1;Segunda mano/buen estado;True;True;Distrito Chamberí;Madrid capital, Madrid;18.52;Piso
1750;piso;60;2;2;Segunda mano/buen estado;True;False;Distrito Chamberí;Madrid capital, Madrid;29.17;Piso
2350;ático;90;2;1;Segunda mano/buen estado;True;True;Distrito Chamberí;Madrid capital, Madrid;26.11;Piso
1500;estudio;45;0;1;Segunda mano/buen estado;False;True;Distrito Chamberí;Madrid capital, Madrid;33.33;Piso
1700;piso;60;2;1;Segunda mano/buen estado;False;False;Distrito Chamberí;Madrid capital, Madrid;28.33;Piso
3200;piso;160;4;2;Segunda mano/buen estado;True;False;Distrito Chamberí;Madrid capital, Madrid;20.0;Piso
1250;piso;45;0;1;Segunda mano/buen estado;True;True;Distrito Chamberí;Madrid capital, Madrid;27.78;Piso
1100;estudio;40;0;1;Segunda mano/buen estado;True;True;Distrito Chamberí;Madrid capital, Madrid;27.5;Piso
2850;piso;100;3;2;Segunda mano/buen estado;True;True;Distrito Chamberí;Madrid capital, Madrid;28.5;Piso
2200;piso;70;2;2;Segunda mano/buen estado;False;True;Distrito Chamberí;Madrid capital, Madrid;31.43;Piso
1250;piso;70;0;1;Segunda mano/buen estado;True;True;Distrito Chamberí;Madrid capital, Madrid;17.86;Piso
1495;piso;45;2;1;Segunda mano/buen estado;False;False;Distrito Chamberí;Madrid capital, Madrid;33.22;Piso
1500;estudio;48;0;1;Segunda mano/buen estado;True;True;Distrito Chamberí;Madrid capital, Madrid;31.25;Piso
3800;piso;116;3;2;Segunda mano/buen estado;True;True;Distrito Chamberí;Madrid capital, Madrid;32.76;Piso
1250;piso;70;0;1;Segunda mano/buen estado;True;True;Distrito Chamberí;Madrid capital, Madrid;17.86;Piso
3800;piso;116;3;2;Segunda mano/buen estado;True;True;Distrito Chamberí;Madrid capital, Madrid;32.76;Piso
1250;piso;45;0;1;Segunda mano/buen estado;True;True;Distrito Chamberí;Madrid capital, Madrid;27.78;Piso
2700;piso;90;3;2;Segunda mano/buen estado;True;False;Distrito Chamberí;Madrid capital, Madrid;30.0;Piso
4300;piso;170;3;2;Segunda mano/buen estado;True;True;Distrito Chamberí;Madrid capital, Madrid;25.29;Piso
1400;ático;45;0;1;Segunda mano/buen estado;False;True;Distrito Chamberí;Madrid capital, Madrid;31.11;Piso
1950;piso;70;2;1;Segunda mano/buen estado;True;True;Distrito Chamberí;Madrid capital, Madrid;27.86;Piso
1400;piso;50;0;1;Segunda mano/buen estado;True;True;Distrito Chamberí;Madrid capital, Madrid;28.0;Piso
2423;ático;59;2;1;Segunda mano/buen estado;False;True;Distrito Chamberí;Madrid capital, Madrid;41.07;Piso
5700;piso;200;4;3;Segunda mano/buen estado;True;True;Distrito Chamberí;Madrid capital, Madrid;28.5;Piso
2400;piso;110;2;2;Segunda mano/buen estado;True;True;Distrito Chamberí;Madrid capital, Madrid;21.82;Piso
2400;piso;120;3;2;Segunda mano/buen estado;True;False;Distrito Chamberí;Madrid capital, Madrid;20.0;Piso
3500;piso;136;4;2;Segunda mano/buen estado;True;True;Distrito Chamberí;Madrid capital, Madrid;25.74;Piso
1250;estudio;30;0;1;Segunda mano/buen estado;False;True;Distrito Chamberí;Madrid capital, Madrid;41.67;Piso
1250;estudio;30;0;1;Segunda mano/buen estado;True;True;Distrito Chamberí;Madrid capital, Madrid;41.67;Piso
1400;piso;41;0;1;Segunda mano/buen estado;False;False;Distrito Chamberí;Madrid capital, Madrid;34.15;Piso
1400;piso;60;2;1;Segunda mano/buen estado;False;False;Distrito Chamberí;Madrid capital, Madrid;23.33;Piso
2700;piso;125;3;2;Segunda mano/buen estado;True;True;Distrito Chamberí;Madrid capital, Madrid;21.6;Piso
2000;piso;86;2;2;Segunda mano/buen estado;True;True;Distrito Chamberí;Madrid capital, Madrid;23.26;Piso
1900;piso;69;3;2;Segunda mano/buen estado;False;False;Distrito Chamberí;Madrid capital, Madrid;27.54;Piso
2600;piso;130;3;2;Segunda mano/buen estado;False;True;Distrito Chamberí;Madrid capital, Madrid;20.0;Piso
2100;piso;60;3;2;Segunda mano/buen estado;True;True;Distrito Chamberí;Madrid capital, Madrid;35.0;Piso
4250;piso;150;5;3;Segunda mano/buen estado;False;True;Distrito Chamberí;Madrid capital, Madrid;28.33;Piso
850;piso;40;0;1;Segunda mano/buen estado;False;True;Distrito Chamberí;Madrid capital, Madrid;21.25;Piso
1500;estudio;60;0;1;Segunda mano/buen estado;True;True;Distrito Chamberí;Madrid capital, Madrid;25.0;Piso
1400;piso;55;0;1;Segunda mano/buen estado;True;True;Distrito Chamberí;Madrid capital, Madrid;25.45;Piso
1200;estudio;30;0;1;Segunda mano/buen estado;True;True;Distrito Chamberí;Madrid capital, Madrid;40.0;Piso
1000;piso;30;0;1;Segunda mano/buen estado;True;True;Distrito Chamberí;Madrid capital, Madrid;33.33;Piso
2000;piso;110;2;2;Segunda mano/buen estado;True;True;Distrito Chamberí;Madrid capital, Madrid;18.18;Piso
1150;piso;40;0;1;Segunda mano/buen estado;True;True;Distrito Chamberí;Madrid capital, Madrid;28.75;Piso
2000;piso;60;0;1;Segunda mano/buen estado;True;True;Distrito Chamberí;Madrid capital, Madrid;33.33;Piso
1590;piso;65;0;1;Segunda mano/buen estado;True;True;Distrito Chamberí;Madrid capital, Madrid;24.46;Piso
2795;piso;85;4;4;Segunda mano/buen estado;False;False;Distrito Chamberí;Madrid capital, Madrid;32.88;Piso
2600;piso;98;4;1;Segunda mano/buen estado;True;False;Distrito Chamberí;Madrid capital, Madrid;26.53;Piso
2500;piso;75;3;1;Segunda mano/buen estado;False;False;Distrito Chamberí;Madrid capital, Madrid;33.33;Piso
1600;piso;70;2;1;Segunda mano/buen estado;True;False;Distrito Chamberí;Madrid capital, Madrid;22.86;Piso
1900;piso;78;3;1;Segunda mano/buen estado;False;True;Distrito Chamberí;Madrid capital, Madrid;24.36;Piso
900;piso;45;0;1;Segunda mano/buen estado;True;False;Distrito Chamberí;Madrid capital, Madrid;20.0;Piso
1800;piso;80;3;1;Segunda mano/buen estado;False;True;Distrito Chamberí;Madrid capital, Madrid;22.5;Piso
3200;piso;110;3;2;Segunda mano/buen estado;True;True;Distrito Chamberí;Madrid capital, Madrid;29.09;Piso
740;estudio;35;0;1;Segunda mano/buen estado;False;True;Distrito Chamberí;Madrid capital, Madrid;21.14;Piso
1850;piso;78;2;1;Segunda mano/buen estado;True;True;Distrito Chamberí;Madrid capital, Madrid;23.72;Piso
1600;piso;60;2;1;Segunda mano/buen estado;False;False;Distrito Chamberí;Madrid capital, Madrid;26.67;Piso
3340;ático;130;3;3;Segunda mano/buen estado;True;True;Distrito Chamberí;Madrid capital, Madrid;25.69;Piso
1200;piso;50;0;1;Segunda mano/buen estado;True;True;Distrito Chamberí;Madrid capital, Madrid;24.0;Piso
1000;piso;45;0;1;Segunda mano/buen estado;True;True;Distrito Chamberí;Madrid capital, Madrid;22.22;Piso
1200;piso;50;0;1;Segunda mano/buen estado;True;True;Distrito Chamberí;Madrid capital, Madrid;24.0;Piso
1300;piso;48;2;1;Segunda mano/buen estado;False;False;Distrito Chamberí;Madrid capital, Madrid;27.08;Piso
1500;piso;25;0;1;Segunda mano/buen estado;True;True;Distrito Chamberí;Madrid capital, Madrid;60.0;Piso
1950;piso;102;0;2;Segunda mano/buen estado;True;True;Distrito Chamberí;Madrid capital, Madrid;19.12;Piso
1300;estudio;40;0;1;Segunda mano/buen estado;True;True;Distrito Chamberí;Madrid capital, Madrid;32.5;Piso
1600;piso;55;2;1;Segunda mano/buen estado;True;True;Distrito Chamberí;Madrid capital, Madrid;29.09;Piso
1900;piso;70;2;2;Segunda mano/buen estado;True;False;Distrito Chamberí;Madrid capital, Madrid;27.14;Piso
4500;piso;152;2;2;Segunda mano/buen estado;True;True;Distrito Chamberí;Madrid capital, Madrid;29.61;Piso
1200;piso;50;0;1;Segunda mano/buen estado;True;True;Distrito Chamberí;Madrid capital, Madrid;24.0;Piso
1600;piso;57;2;1;Segunda mano/buen estado;True;True;Distrito Chamberí;Madrid capital, Madrid;28.07;Piso
800;estudio;30;0;1;Segunda mano/buen estado;False;True;Distrito Chamberí;Madrid capital, Madrid;26.67;Piso
2950;piso;86;2;2;Segunda mano/buen estado;True;True;Distrito Chamberí;Madrid capital, Madrid;34.3;Piso
1000;piso;40;0;1;Segunda mano/buen estado;False;False;Distrito Chamberí;Madrid capital, Madrid;25.0;Piso
3150;ático;140;2;2;Segunda mano/buen estado;True;True;Distrito Chamberí;Madrid capital, Madrid;22.5;Piso
2500;estudio;45;0;1;Segunda mano/buen estado;False;True;Distrito Chamberí;Madrid capital, Madrid;55.56;Piso
1000;piso;40;0;1;Segunda mano/buen estado;False;False;Distrito Chamberí;Madrid capital, Madrid;25.0;Piso
2950;piso;86;2;2;Segunda mano/buen estado;True;True;Distrito Chamberí;Madrid capital, Madrid;34.3;Piso
945;estudio;50;0;1;Segunda mano/buen estado;True;True;Distrito Chamberí;Madrid capital, Madrid;18.9;Piso
850;estudio;35;0;1;Segunda mano/buen estado;True;True;Distrito Chamberí;Madrid capital, Madrid;24.29;Piso
1200;piso;50;0;1;Segunda mano/buen estado;True;True;Distrito Chamberí;Madrid capital, Madrid;24.0;Piso
990;estudio;45;0;1;Segunda mano/buen estado;False;False;Distrito Chamberí;Madrid capital, Madrid;22.0;Piso
1490;piso;61;0;1;Segunda mano/buen estado;True;True;Distrito Chamberí;Madrid capital, Madrid;24.43;Piso
1200;ático;45;0;1;Segunda mano/buen estado;True;False;Distrito Chamberí;Madrid capital, Madrid;26.67;Piso
3150;ático;140;2;2;Segunda mano/buen estado;True;True;Distrito Chamberí;Madrid capital, Madrid;22.5;Piso
1650;piso;65;3;2;Segunda mano/buen estado;True;False;Distrito Chamberí;Madrid capital, Madrid;25.38;Piso
1750;ático;48;2;1;Segunda mano/buen estado;True;True;Distrito Chamberí;Madrid capital, Madrid;36.46;Piso
1200;piso;33;0;1;Segunda mano/buen estado;False;True;Distrito Chamberí;Madrid capital, Madrid;36.36;Piso
2100;piso;115;2;2;Segunda mano/buen estado;True;True;Distrito Chamberí;Madrid capital, Madrid;18.26;Piso
2900;ático;100;2;2;Segunda mano/buen estado;True;True;Distrito Chamberí;Madrid capital, Madrid;29.0;Piso
4000;piso;103;3;3;Segunda mano/buen estado;True;True;Distrito Chamberí;Madrid capital, Madrid;38.83;Piso
3000;ático;148;5;2;Segunda mano/buen estado;True;True;Distrito Chamberí;Madrid capital, Madrid;20.27;Piso
2500;ático;85;2;2;Segunda mano/buen estado;True;True;Distrito Chamberí;Madrid capital, Madrid;29.41;Piso
1200;piso;33;0;1;Segunda mano/buen estado;False;True;Distrito Chamberí;Madrid capital, Madrid;36.36;Piso
1800;piso;100;3;1;Segunda mano/buen estado;True;False;Distrito Chamberí;Madrid capital, Madrid;18.0;Piso
1900;piso;85;2;2;Segunda mano/buen estado;True;True;Distrito Chamberí;Madrid capital, Madrid;22.35;Piso
1900;piso;79;2;1;Segunda mano/buen estado;True;True;Distrito Chamberí;Madrid capital, Madrid;24.05;Piso
1300;piso;52;0;1;Segunda mano/buen estado;True;True;Distrito Chamberí;Madrid capital, Madrid;25.0;Piso
900;estudio;48;0;1;Segunda mano/buen estado;True;False;Distrito Chamberí;Madrid capital, Madrid;18.75;Piso
1150;piso;38;0;1;Segunda mano/buen estado;True;True;Distrito Chamberí;Madrid capital, Madrid;30.26;Piso
1299;piso;25;0;1;Segunda mano/buen estado;True;True;Distrito Chamberí;Madrid capital, Madrid;51.96;Piso
980;piso;45;0;1;Segunda mano/buen estado;True;True;Distrito Chamberí;Madrid capital, Madrid;21.78;Piso
2400;piso;81;3;2;Segunda mano/buen estado;False;False;Distrito Chamberí;Madrid capital, Madrid;29.63;Piso
1700;piso;51;2;1;Segunda mano/buen estado;False;False;Distrito Chamberí;Madrid capital, Madrid;33.33;Piso
1800;piso;70;2;1;Segunda mano/buen estado;True;True;Distrito Chamberí;Madrid capital, Madrid;25.71;Piso
950;estudio;38;0;1;Segunda mano/buen estado;False;True;Distrito Chamberí;Madrid capital, Madrid;25.0;Piso
1150;piso;38;0;1;Segunda mano/buen estado;True;True;Distrito Chamberí;Madrid capital, Madrid;30.26;Piso
1900;piso;79;2;1;Segunda mano/buen estado;True;True;Distrito Chamberí;Madrid capital, Madrid;24.05;Piso
2400;piso;81;3;2;Segunda mano/buen estado;False;False;Distrito Chamberí;Madrid capital, Madrid;29.63;Piso
1170;piso;40;0;1;Segunda mano/buen estado;True;True;Distrito Chamberí;Madrid capital, Madrid;29.25;Piso
1400;piso;40;0;1;Segunda mano/buen estado;True;True;Distrito Chamberí;Madrid capital, Madrid;35.0;Piso
1900;estudio;85;0;1;Segunda mano/buen estado;False;True;Distrito Chamberí;Madrid capital, Madrid;22.35;Piso
1600;estudio;62;0;1;Segunda mano/buen estado;True;False;Distrito Chamberí;Madrid capital, Madrid;25.81;Piso
900;piso;35;0;1;Segunda mano/buen estado;True;True;Distrito Chamberí;Madrid capital, Madrid;25.71;Piso
1500;piso;50;0;1;Segunda mano/buen estado;True;True;Distrito Chamberí;Madrid capital, Madrid;30.0;Piso
1190;piso;35;0;1;Segunda mano/buen estado;True;True;Distrito Chamberí;Madrid capital, Madrid;34.0;Piso
1760;estudio;45;0;1;Segunda mano/buen estado;False;True;Distrito Chamberí;Madrid capital, Madrid;39.11;Piso
1350;piso;62;0;1;Segunda mano/buen estado;True;True;Distrito Chamberí;Madrid capital, Madrid;21.77;Piso
4500;ático;235;5;3;Segunda mano/buen estado;True;True;Distrito Chamberí;Madrid capital, Madrid;19.15;Piso
1800;piso;80;0;1;Segunda mano/buen estado;False;False;Distrito Chamberí;Madrid capital, Madrid;22.5;Piso
2500;piso;75;3;1;Segunda mano/buen estado;True;True;Distrito Chamberí;Madrid capital, Madrid;33.33;Piso
1050;piso;33;0;1;Segunda mano/buen estado;True;False;Distrito Chamberí;Madrid capital, Madrid;31.82;Piso
1600;piso;100;3;1;Segunda mano/buen estado;True;True;Distrito Chamberí;Madrid capital, Madrid;16.0;Piso
1400;piso;55;0;1;Segunda mano/buen estado;True;True;Distrito Chamberí;Madrid capital, Madrid;25.45;Piso
2500;piso;87;0;1;Segunda mano/buen estado;True;True;Distrito Chamberí;Madrid capital, Madrid;28.74;Piso
2650;piso;108;2;2;Segunda mano/buen estado;True;True;Distrito Chamberí;Madrid capital, Madrid;24.54;Piso
1400;piso;40;0;1;Segunda mano/buen estado;True;True;Distrito Chamberí;Madrid capital, Madrid;35.0;Piso
2200;piso;75;2;1;Segunda mano/buen estado;True;True;Distrito Chamberí;Madrid capital, Madrid;29.33;Piso
2200;piso;41;0;1;Segunda mano/buen estado;False;True;Distrito Chamberí;Madrid capital, Madrid;53.66;Piso
1700;dúplex;57;2;2;Segunda mano/buen estado;True;True;Distrito Chamberí;Madrid capital, Madrid;29.82;other
1450;piso;50;2;1;Segunda mano/buen estado;True;True;Distrito Chamberí;Madrid capital, Madrid;29.0;Piso
1295;piso;65;2;1;Segunda mano/buen estado;True;True;Distrito Chamberí;Madrid capital, Madrid;19.92;Piso
1440;piso;45;2;1;Segunda mano/buen estado;False;True;Distrito Chamberí;Madrid capital, Madrid;32.0;Piso
3200;piso;120;2;2;Segunda mano/buen estado;True;True;Distrito Chamberí;Madrid capital, Madrid;26.67;Piso
2400;piso;71;2;2;Segunda mano/buen estado;True;True;Distrito Chamberí;Madrid capital, Madrid;33.8;Piso
4700;piso;204;4;3;Segunda mano/buen estado;True;True;Distrito Chamberí;Madrid capital, Madrid;23.04;Piso
1000;piso;30;0;1;Segunda mano/buen estado;False;False;Distrito Chamberí;Madrid capital, Madrid;33.33;Piso
2000;piso;95;3;1;Segunda mano/buen estado;False;False;Distrito Chamberí;Madrid capital, Madrid;21.05;Piso
9000;ático;350;4;4;Segunda mano/buen estado;True;True;Distrito Chamberí;Madrid capital, Madrid;25.71;Piso
1000;piso;37;0;1;Segunda mano/buen estado;True;False;Distrito Chamberí;Madrid capital, Madrid;27.03;Piso
1450;piso;50;0;1;Segunda mano/buen estado;True;True;Distrito Chamberí;Madrid capital, Madrid;29.0;Piso
1250;piso;37;0;1;Segunda mano/buen estado;True;True;Distrito Chamberí;Madrid capital, Madrid;33.78;Piso
2300;piso;90;2;2;Segunda mano/buen estado;True;True;Distrito Chamberí;Madrid capital, Madrid;25.56;Piso
2500;ático;130;2;2;Segunda mano/buen estado;False;False;Distrito Chamberí;Madrid capital, Madrid;19.23;Piso
2500;piso;110;2;2;Segunda mano/buen estado;True;True;Distrito Chamberí;Madrid capital, Madrid;22.73;Piso
1600;piso;90;0;1;Segunda mano/buen estado;True;True;Distrito Chamberí;Madrid capital, Madrid;17.78;Piso
2950;piso;100;2;2;Segunda mano/buen estado;True;True;Distrito Chamberí;Madrid capital, Madrid;29.5;Piso
1500;piso;50;0;1;Segunda mano/buen estado;True;True;Distrito Chamberí;Madrid capital, Madrid;30.0;Piso
3750;piso;190;4;4;Segunda mano/buen estado;True;True;Distrito Chamberí;Madrid capital, Madrid;19.74;Piso
990;estudio;27;0;1;Segunda mano/buen estado;True;False;Distrito Chamberí;Madrid capital, Madrid;36.67;Piso
950;piso;40;0;1;Segunda mano/buen estado;False;True;Distrito Chamberí;Madrid capital, Madrid;23.75;Piso
1700;piso;76;2;1;Segunda mano/buen estado;True;True;Distrito Chamberí;Madrid capital, Madrid;22.37;Piso
900;estudio;33;0;1;Segunda mano/buen estado;False;True;Distrito Chamberí;Madrid capital, Madrid;27.27;Piso
1800;piso;80;2;2;Segunda mano/buen estado;True;False;Distrito Chamberí;Madrid capital, Madrid;22.5;Piso
1000;estudio;40;0;1;Segunda mano/buen estado;True;False;Distrito Chamberí;Madrid capital, Madrid;25.0;Piso
1350;piso;47;2;1;Segunda mano/buen estado;False;False;Distrito Chamberí;Madrid capital, Madrid;28.72;Piso
1270;piso;55;2;1;Segunda mano/buen estado;True;False;Distrito Chamberí;Madrid capital, Madrid;23.09;Piso
1100;piso;40;0;1;Segunda mano/buen estado;True;True;Distrito Chamberí;Madrid capital, Madrid;27.5;Piso
1800;piso;85;2;1;Segunda mano/buen estado;True;False;Distrito Chamberí;Madrid capital, Madrid;21.18;Piso
1200;piso;35;2;1;Segunda mano/buen estado;False;True;Distrito Chamberí;Madrid capital, Madrid;34.29;Piso
1070;dúplex;30;0;1;Segunda mano/buen estado;False;True;Distrito Chamberí;Madrid capital, Madrid;35.67;other
1550;piso;55;2;1;Segunda mano/buen estado;True;True;Distrito Chamberí;Madrid capital, Madrid;28.18;Piso
1350;piso;45;0;1;Segunda mano/buen estado;True;True;Distrito Chamberí;Madrid capital, Madrid;30.0;Piso
1875;piso;80;2;2;Segunda mano/buen estado;True;True;Distrito Chamberí;Madrid capital, Madrid;23.44;Piso
1150;estudio;45;0;1;Segunda mano/buen estado;True;True;Distrito Chamberí;Madrid capital, Madrid;25.56;Piso
1100;piso;40;0;1;Segunda mano/buen estado;True;True;Distrito Chamberí;Madrid capital, Madrid;27.5;Piso
1900;piso;85;0;1;Segunda mano/buen estado;True;True;Distrito Chamberí;Madrid capital, Madrid;22.35;Piso
1500;piso;70;0;1;Segunda mano/buen estado;False;False;Distrito Chamberí;Madrid capital, Madrid;21.43;Piso
1200;piso;65;2;1;Segunda mano/buen estado;True;False;Distrito Chamberí;Madrid capital, Madrid;18.46;Piso
2400;piso;140;4;2;Segunda mano/buen estado;False;False;Distrito Chamberí;Madrid capital, Madrid;17.14;Piso
1600;piso;48;2;1;Segunda mano/buen estado;True;True;Distrito Chamberí;Madrid capital, Madrid;33.33;Piso
1650;estudio;25;0;1;Segunda mano/buen estado;True;True;Distrito Chamberí;Madrid capital, Madrid;66.0;Piso
2080;piso;88;0;1;Segunda mano/buen estado;True;True;Distrito Chamberí;Madrid capital, Madrid;23.64;Piso
1550;estudio;23;0;1;Segunda mano/buen estado;False;False;Distrito Chamberí;Madrid capital, Madrid;67.39;Piso
2200;ático;100;2;1;Segunda mano/buen estado;True;True;Distrito Chamberí;Madrid capital, Madrid;22.0;Piso
1670;piso;89;2;1;Segunda mano/buen estado;True;True;Distrito Chamberí;Madrid capital, Madrid;18.76;Piso
2376;piso;82;2;1;Segunda mano/buen estado;False;False;Distrito Chamberí;Madrid capital, Madrid;28.98;Piso
5500;chalet;800;5;6;Segunda mano/buen estado;True;True;Distrito Los Satélites - Roza Martín;Majadahonda;6.88;other
5300;casa;364;5;6;Segunda mano/buen estado;True;True;Distrito Los Satélites - Roza Martín;Majadahonda;14.56;other
2300;piso;184;4;3;Segunda mano/buen estado;True;False;Distrito Zona Carretera del Plantío;Majadahonda;12.5;Piso
6000;chalet;365;6;6;Segunda mano/buen estado;True;True;Distrito Los Satélites - Roza Martín;Majadahonda;16.44;other
4600;casa;380;5;4;Segunda mano/buen estado;True;True;Distrito Zona norte;Majadahonda;12.11;other
1300;piso;74;0;1;Segunda mano/buen estado;False;True;Distrito Golf - El Carralero;Majadahonda;17.57;Piso
1350;piso;85;2;2;Segunda mano/buen estado;True;True;Distrito Golf - El Carralero;Majadahonda;15.88;Piso
5200;casa;450;5;6;Segunda mano/buen estado;True;False;Distrito Los Satélites - Roza Martín;Majadahonda;11.56;other
1800;piso;148;4;2;Segunda mano/buen estado;False;False;Distrito Casco Antiguo;Majadahonda;12.16;Piso
1700;piso;110;3;2;Segunda mano/buen estado;True;True;Distrito Los Satélites - Roza Martín;Majadahonda;15.45;Piso
1550;piso;92;2;2;Segunda mano/buen estado;True;False;Distrito Golf - El Carralero;Majadahonda;16.85;Piso
2200;piso;134;3;2;Segunda mano/buen estado;True;True;Distrito Zona Monte el Pilar;Majadahonda;16.42;Piso
1450;piso;115;2;2;Segunda mano/buen estado;True;False;Distrito Casco Antiguo;Majadahonda;12.61;Piso
2900;chalet;325;5;5;Segunda mano/buen estado;True;True;Distrito Zona Carretera del Plantío;Majadahonda;8.92;other
2500;chalet;285;3;4;Segunda mano/buen estado;False;True;Distrito Zona Carretera del Plantío;Majadahonda;8.77;other
1200;piso;45;0;1;Segunda mano/buen estado;True;False;Distrito Casco Antiguo;Majadahonda;26.67;Piso
4800;casa;130;2;2;Segunda mano/buen estado;False;True;Distrito Zona Carretera del Plantío;Majadahonda;36.92;other
1500;piso;55;2;1;Segunda mano/buen estado;True;False;Distrito Casco Antiguo;Majadahonda;27.27;Piso
2850;dúplex;385;3;3;Segunda mano/buen estado;True;True;Distrito Zona Monte el Pilar;Majadahonda;7.4;other
6750;ático;192;4;3;Segunda mano/buen estado;False;True;Distrito Casco Antiguo;Majadahonda;35.16;Piso
2850;piso;180;4;3;Segunda mano/buen estado;True;True;Distrito Zona Monte el Pilar;Majadahonda;15.83;Piso
3300;chalet;410;8;5;Segunda mano/buen estado;True;True;Distrito Zona Carretera del Plantío;Majadahonda;8.05;other
2650;piso;160;3;2;Segunda mano/buen estado;True;True;Distrito Zona Monte el Pilar;Majadahonda;16.56;Piso
9000;casa;600;5;4;Segunda mano/buen estado;True;False;Distrito Zona Monte el Pilar;Majadahonda;15.0;other
6800;casa;460;5;6;Segunda mano/buen estado;True;True;Distrito Los Satélites - Roza Martín;Majadahonda;14.78;other
2850;piso;200;4;3;Segunda mano/buen estado;True;True;Distrito Zona Monte el Pilar;Majadahonda;14.25;Piso
1850;piso;108;3;2;Segunda mano/buen estado;True;True;Distrito Golf - El Carralero;Majadahonda;17.13;Piso
1650;ático;126;3;2;Segunda mano/buen estado;True;False;Distrito Casco Antiguo;Majadahonda;13.1;Piso
2200;piso;140;4;2;Segunda mano/buen estado;True;True;Distrito Golf - El Carralero;Majadahonda;15.71;Piso
2600;chalet;270;5;3;Segunda mano/buen estado;True;True;Distrito Zona Carretera del Plantío;Majadahonda;9.63;other
2200;piso;140;4;2;Segunda mano/buen estado;True;False;Distrito Zona norte;Majadahonda;15.71;Piso
2200;piso;156;4;3;Segunda mano/buen estado;True;True;Distrito Zona norte;Majadahonda;14.1;Piso
1400;piso;70;2;1;Segunda mano/buen estado;True;False;Distrito Golf - El Carralero;Majadahonda;20.0;Piso
1750;piso;96;4;3;Segunda mano/buen estado;False;False;Distrito Casco Antiguo;Majadahonda;18.23;Piso
1200;estudio;63;0;1;Segunda mano/buen estado;True;True;Distrito Zona Monte el Pilar;Majadahonda;19.05;Piso
2400;piso;149;3;2;Segunda mano/buen estado;True;True;Distrito Zona Monte el Pilar;Majadahonda;16.11;Piso
2200;chalet;177;4;3;Segunda mano/buen estado;True;True;Distrito Casco Antiguo;Majadahonda;12.43;other
2200;piso;155;4;3;Segunda mano/buen estado;True;False;Distrito Zona norte;Majadahonda;14.19;Piso
2650;dúplex;140;3;3;Segunda mano/buen estado;True;True;Distrito Golf - El Carralero;Majadahonda;18.93;other
2390;dúplex;156;4;3;Segunda mano/buen estado;True;True;Distrito Golf - El Carralero;Majadahonda;15.32;other
5500;casa;400;7;6;Segunda mano/buen estado;True;True;Distrito Zona Monte el Pilar;Majadahonda;13.75;other
1995;casa;220;3;3;Segunda mano/buen estado;False;True;Distrito Zona Carretera del Plantío;Majadahonda;9.07;other
990;ático;60;0;1;Segunda mano/buen estado;True;True;Distrito Zona Carretera del Plantío;Majadahonda;16.5;Piso
1900;piso;85;2;2;Segunda mano/buen estado;True;True;Distrito Los Satélites - Roza Martín;Majadahonda;22.35;Piso
6000;chalet;450;5;6;Segunda mano/buen estado;True;True;Distrito Los Satélites - Roza Martín;Majadahonda;13.33;other
690;estudio;30;0;1;Segunda mano/buen estado;False;False;Distrito Casco Antiguo;Majadahonda;23.0;Piso
1300;piso;70;2;1;Segunda mano/buen estado;False;False;Distrito Casco Antiguo;Majadahonda;18.57;Piso
1000;ático;50;0;1;Segunda mano/buen estado;True;True;Distrito Casco Antiguo;Majadahonda;20.0;Piso
1900;piso;114;3;2;Segunda mano/buen estado;True;False;Distrito Golf - El Carralero;Majadahonda;16.67;Piso
1800;piso;115;2;2;Segunda mano/buen estado;True;True;Distrito Golf - El Carralero;Majadahonda;15.65;Piso
2200;piso;150;4;2;Segunda mano/buen estado;True;False;Distrito Golf - El Carralero;Majadahonda;14.67;Piso
2100;piso;110;3;2;Segunda mano/buen estado;True;False;Distrito Golf - El Carralero;Majadahonda;19.09;Piso
3500;dúplex;248;4;3;Segunda mano/buen estado;True;True;Distrito Zona Monte el Pilar;Majadahonda;14.11;other
1452;piso;86;2;2;Segunda mano/buen estado;True;True;Distrito Golf - El Carralero;Majadahonda;16.88;Piso
1200;piso;85;2;1;Segunda mano/buen estado;True;False;Distrito Casco Antiguo;Majadahonda;14.12;Piso
850;dúplex;40;0;1;Segunda mano/buen estado;False;True;Distrito Casco Antiguo;Majadahonda;21.25;other
980;piso;51;0;1;Segunda mano/buen estado;True;True;Distrito Casco Antiguo;Majadahonda;19.22;Piso
2000;dúplex;240;3;3;Segunda mano/buen estado;True;True;Distrito Casco Antiguo;Majadahonda;8.33;other
950;ático;60;0;1;Segunda mano/buen estado;True;True;Distrito Zona Carretera del Plantío;Majadahonda;15.83;Piso
5500;chalet;450;5;6;Segunda mano/buen estado;True;True;Distrito Los Satélites - Roza Martín;Majadahonda;12.22;other
5500;chalet;450;5;6;Segunda mano/buen estado;True;True;Distrito Los Satélites - Roza Martín;Majadahonda;12.22;other
750;piso;70;0;1;Segunda mano/buen estado;False;False;Distrito Casco Antiguo;Majadahonda;10.71;Piso
1800;piso;100;3;2;Segunda mano/buen estado;True;True;Distrito Golf - El Carralero;Majadahonda;18.0;Piso
900;ático;50;0;1;Segunda mano/buen estado;True;False;Distrito Zona Carretera del Plantío;Majadahonda;18.0;Piso
1500;piso;100;3;2;Segunda mano/buen estado;True;False;Distrito Casco Antiguo;Majadahonda;15.0;Piso
1600;piso;71;0;1;Segunda mano/buen estado;True;True;Distrito Moncloa;Madrid capital, Madrid;22.54;Piso
1098;piso;60;2;1;Segunda mano/buen estado;True;True;Distrito Moncloa;Madrid capital, Madrid;18.3;Piso
980;piso;65;0;1;Segunda mano/buen estado;True;False;Distrito Moncloa;Madrid capital, Madrid;15.08;Piso
1600;piso;88;2;2;Segunda mano/buen estado;True;True;Distrito Moncloa;Madrid capital, Madrid;18.18;Piso
2800;piso;170;3;2;Segunda mano/buen estado;True;False;Distrito Moncloa;Madrid capital, Madrid;16.47;Piso
1450;estudio;40;0;1;Segunda mano/buen estado;False;True;Distrito Moncloa;Madrid capital, Madrid;36.25;Piso
1600;piso;90;2;1;Segunda mano/buen estado;False;True;Distrito Moncloa;Madrid capital, Madrid;17.78;Piso
1350;dúplex;63;0;1;Segunda mano/buen estado;True;True;Distrito Moncloa;Madrid capital, Madrid;21.43;other
1900;piso;70;2;1;Segunda mano/buen estado;True;True;Distrito Moncloa;Madrid capital, Madrid;27.14;Piso
1850;piso;90;3;2;Segunda mano/buen estado;True;False;Distrito Moncloa;Madrid capital, Madrid;20.56;Piso
1600;piso;47;2;1;Segunda mano/buen estado;True;True;Distrito Moncloa;Madrid capital, Madrid;34.04;Piso
2300;piso;110;5;2;Segunda mano/buen estado;True;False;Distrito Moncloa;Madrid capital, Madrid;20.91;Piso
900;piso;55;0;1;Segunda mano/buen estado;True;True;Distrito Moncloa;Madrid capital, Madrid;16.36;Piso
2000;dúplex;100;2;1;Segunda mano/buen estado;True;True;Distrito Moncloa;Madrid capital, Madrid;20.0;other
1200;ático;30;0;1;Segunda mano/buen estado;True;True;Distrito Moncloa;Madrid capital, Madrid;40.0;Piso
995;estudio;33;0;1;Segunda mano/buen estado;False;True;Distrito Moncloa;Madrid capital, Madrid;30.15;Piso
1550;piso;70;2;1;Segunda mano/buen estado;True;True;Distrito Moncloa;Madrid capital, Madrid;22.14;Piso
1500;piso;55;0;1;Segunda mano/buen estado;True;False;Distrito Moncloa;Madrid capital, Madrid;27.27;Piso
8000;piso;309;4;3;Segunda mano/buen estado;True;True;Distrito Moncloa;Madrid capital, Madrid;25.89;Piso
4000;piso;190;7;2;Segunda mano/buen estado;True;False;Distrito Moncloa;Madrid capital, Madrid;21.05;Piso
3700;piso;150;5;3;Segunda mano/buen estado;True;True;Distrito Moncloa;Madrid capital, Madrid;24.67;Piso
1390;estudio;40;0;1;Segunda mano/buen estado;False;True;Distrito Moncloa;Madrid capital, Madrid;34.75;Piso
675;estudio;50;0;1;Segunda mano/buen estado;False;True;Distrito Moncloa;Madrid capital, Madrid;13.5;Piso
2800;piso;112;2;3;Segunda mano/buen estado;True;True;Distrito Moncloa;Madrid capital, Madrid;25.0;Piso
2600;piso;140;4;2;Segunda mano/buen estado;True;True;Distrito Moncloa;Madrid capital, Madrid;18.57;Piso
2500;piso;68;2;2;Segunda mano/buen estado;False;True;Distrito Moncloa;Madrid capital, Madrid;36.76;Piso
1900;piso;60;2;1;Segunda mano/buen estado;True;True;Distrito Moncloa;Madrid capital, Madrid;31.67;Piso
3500;casa;286;4;4;Segunda mano/buen estado;True;False;Distrito Moncloa;Madrid capital, Madrid;12.24;other
2750;piso;88;2;2;Segunda mano/buen estado;True;True;Distrito Moncloa;Madrid capital, Madrid;31.25;Piso
13995;piso;370;6;5;Segunda mano/buen estado;True;True;Distrito Moncloa;Madrid capital, Madrid;37.82;Piso
2750;piso;88;2;2;Segunda mano/buen estado;True;True;Distrito Moncloa;Madrid capital, Madrid;31.25;Piso
2750;piso;104;2;2;Segunda mano/buen estado;True;True;Distrito Moncloa;Madrid capital, Madrid;26.44;Piso
1400;estudio;30;0;1;Segunda mano/buen estado;True;True;Distrito Moncloa;Madrid capital, Madrid;46.67;Piso
1750;piso;75;2;1;Segunda mano/buen estado;True;True;Distrito Moncloa;Madrid capital, Madrid;23.33;Piso
2400;piso;118;4;2;Segunda mano/buen estado;True;False;Distrito Moncloa;Madrid capital, Madrid;20.34;Piso
3600;dúplex;175;3;3;Segunda mano/buen estado;True;True;Distrito Moncloa;Madrid capital, Madrid;20.57;other
1300;piso;55;2;1;Segunda mano/buen estado;False;False;Distrito Moncloa;Madrid capital, Madrid;23.64;Piso
2050;piso;74;0;1;Segunda mano/buen estado;False;True;Distrito Moncloa;Madrid capital, Madrid;27.7;Piso
3300;ático;206;4;3;Segunda mano/buen estado;False;True;Distrito Moncloa;Madrid capital, Madrid;16.02;Piso
1400;piso;75;2;1;Segunda mano/buen estado;True;True;Distrito Moncloa;Madrid capital, Madrid;18.67;Piso
1600;piso;60;2;1;Segunda mano/buen estado;False;False;Distrito Moncloa;Madrid capital, Madrid;26.67;Piso
13800;casa;980;7;9;Segunda mano/buen estado;True;True;Distrito Moncloa;Madrid capital, Madrid;14.08;other
1650;piso;150;3;2;Segunda mano/buen estado;True;False;Distrito Moncloa;Madrid capital, Madrid;11.0;Piso
6000;casa;467;6;5;Segunda mano/buen estado;True;True;Distrito Moncloa;Madrid capital, Madrid;12.85;other
690;estudio;20;0;1;Segunda mano/buen estado;False;False;Distrito Moncloa;Madrid capital, Madrid;34.5;Piso
13995;piso;360;6;5;Segunda mano/buen estado;False;True;Distrito Moncloa;Madrid capital, Madrid;38.88;Piso
3095;piso;135;4;2;Segunda mano/buen estado;False;False;Distrito Moncloa;Madrid capital, Madrid;22.93;Piso
14500;casa;730;5;6;Segunda mano/buen estado;True;True;Distrito Moncloa;Madrid capital, Madrid;19.86;other
2500;piso;118;2;2;Segunda mano/buen estado;False;False;Distrito Moncloa;Madrid capital, Madrid;21.19;Piso
2300;piso;110;4;2;Segunda mano/buen estado;False;False;Distrito Moncloa;Madrid capital, Madrid;20.91;Piso
1600;piso;78;2;1;Segunda mano/buen estado;True;True;Distrito Moncloa;Madrid capital, Madrid;20.51;Piso
2450;piso;77;0;1;Segunda mano/buen estado;True;True;Distrito Moncloa;Madrid capital, Madrid;31.82;Piso
1250;estudio;41;0;1;Segunda mano/buen estado;True;True;Distrito Moncloa;Madrid capital, Madrid;30.49;Piso
3925;piso;85;2;2;Segunda mano/buen estado;True;True;Distrito Moncloa;Madrid capital, Madrid;46.18;Piso
900;piso;35;0;1;Segunda mano/buen estado;True;False;Distrito Moncloa;Madrid capital, Madrid;25.71;Piso
1090;piso;65;0;1;Segunda mano/buen estado;True;True;Distrito Moncloa;Madrid capital, Madrid;16.77;Piso
1750;dúplex;95;2;2;Segunda mano/buen estado;True;True;Distrito Moncloa;Madrid capital, Madrid;18.42;other
1895;piso;66;3;1;Segunda mano/buen estado;False;False;Distrito Moncloa;Madrid capital, Madrid;28.71;Piso
1800;piso;85;3;2;Segunda mano/buen estado;True;True;Distrito Moncloa;Madrid capital, Madrid;21.18;Piso
2850;piso;121;2;2;Segunda mano/buen estado;True;True;Distrito Moncloa;Madrid capital, Madrid;23.55;Piso
1800;piso;89;2;1;Segunda mano/buen estado;True;True;Distrito Moncloa;Madrid capital, Madrid;20.22;Piso
1300;piso;60;2;1;Segunda mano/buen estado;False;True;Distrito Moncloa;Madrid capital, Madrid;21.67;Piso
1650;piso;60;0;1;Segunda mano/buen estado;True;True;Distrito Moncloa;Madrid capital, Madrid;27.5;Piso
1700;estudio;40;0;1;Segunda mano/buen estado;True;True;Distrito Moncloa;Madrid capital, Madrid;42.5;Piso
1300;ático;30;0;1;Segunda mano/buen estado;True;True;Distrito Moncloa;Madrid capital, Madrid;43.33;Piso
9700;casa;430;5;4;Segunda mano/buen estado;False;True;Distrito Moncloa;Madrid capital, Madrid;22.56;other
1600;piso;86;2;2;Segunda mano/buen estado;True;True;Distrito Moncloa;Madrid capital, Madrid;18.6;Piso
1275;ático;49;0;1;Segunda mano/buen estado;True;True;Distrito Moncloa;Madrid capital, Madrid;26.02;Piso
1000;piso;30;0;1;Segunda mano/buen estado;False;True;Distrito Moncloa;Madrid capital, Madrid;33.33;Piso
2000;piso;70;2;1;Segunda mano/buen estado;True;True;Distrito Moncloa;Madrid capital, Madrid;28.57;Piso
3400;piso;190;5;3;Segunda mano/buen estado;True;False;Distrito Moncloa;Madrid capital, Madrid;17.89;Piso
3250;dúplex;163;3;3;Segunda mano/buen estado;True;True;Distrito Moncloa;Madrid capital, Madrid;19.94;other
2600;piso;100;4;2;Segunda mano/buen estado;False;False;Distrito Moncloa;Madrid capital, Madrid;26.0;Piso
3400;piso;178;3;2;Segunda mano/buen estado;True;True;Distrito Moncloa;Madrid capital, Madrid;19.1;Piso
1800;piso;70;2;1;Segunda mano/buen estado;False;True;Distrito Moncloa;Madrid capital, Madrid;25.71;Piso
4900;piso;260;5;4;Segunda mano/buen estado;True;True;Distrito Moncloa;Madrid capital, Madrid;18.85;Piso
850;piso;45;0;1;Segunda mano/buen estado;True;False;Distrito Moncloa;Madrid capital, Madrid;18.89;Piso
2000;piso;135;2;2;Segunda mano/buen estado;True;True;Distrito Moncloa;Madrid capital, Madrid;14.81;Piso
1850;dúplex;110;2;1;Segunda mano/buen estado;False;True;Distrito Moncloa;Madrid capital, Madrid;16.82;other
3400;piso;178;3;2;Segunda mano/buen estado;True;True;Distrito Moncloa;Madrid capital, Madrid;19.1;Piso
1850;dúplex;110;2;1;Segunda mano/buen estado;True;True;Distrito Moncloa;Madrid capital, Madrid;16.82;other
1600;piso;88;2;2;Segunda mano/buen estado;True;True;Distrito Moncloa;Madrid capital, Madrid;18.18;Piso
3800;dúplex;360;5;6;Segunda mano/buen estado;True;True;Distrito Moncloa;Madrid capital, Madrid;10.56;other
2850;piso;90;2;2;Segunda mano/buen estado;True;True;Distrito Moncloa;Madrid capital, Madrid;31.67;Piso
900;estudio;41;0;1;Segunda mano/buen estado;False;True;Distrito Moncloa;Madrid capital, Madrid;21.95;Piso
1250;piso;37;0;1;Segunda mano/buen estado;False;True;Distrito Moncloa;Madrid capital, Madrid;33.78;Piso
1500;piso;65;2;2;Segunda mano/buen estado;True;False;Distrito Moncloa;Madrid capital, Madrid;23.08;Piso
1950;piso;95;2;2;Segunda mano/buen estado;True;True;Distrito Moncloa;Madrid capital, Madrid;20.53;Piso
1550;piso;55;2;1;Segunda mano/buen estado;True;True;Distrito Moncloa;Madrid capital, Madrid;28.18;Piso
1120;piso;40;0;1;Segunda mano/buen estado;True;True;Distrito Moncloa;Madrid capital, Madrid;28.0;Piso
1850;piso;109;3;2;Segunda mano/buen estado;True;False;Distrito Moncloa;Madrid capital, Madrid;16.97;Piso
1600;piso;79;2;1;Segunda mano/buen estado;True;True;Distrito Moncloa;Madrid capital, Madrid;20.25;Piso
4900;piso;260;5;5;Segunda mano/buen estado;True;True;Distrito Moncloa;Madrid capital, Madrid;18.85;Piso
1200;piso;54;0;1;Segunda mano/buen estado;False;False;Distrito Moncloa;Madrid capital, Madrid;22.22;Piso
1390;piso;50;0;1;Segunda mano/buen estado;False;True;Distrito Moncloa;Madrid capital, Madrid;27.8;Piso
1400;piso;65;0;1;Segunda mano/buen estado;True;True;Distrito Moncloa;Madrid capital, Madrid;21.54;Piso
2400;piso;109;3;3;Segunda mano/buen estado;True;True;Distrito Moncloa;Madrid capital, Madrid;22.02;Piso
2500;ático;1;2;2;Segunda mano/buen estado;True;True;Distrito Moncloa;Madrid capital, Madrid;2500.0;Piso
3200;piso;130;3;3;Segunda mano/buen estado;True;True;Distrito Moncloa;Madrid capital, Madrid;24.62;Piso
6660;dúplex;164;3;3;Segunda mano/buen estado;True;True;Distrito Moncloa;Madrid capital, Madrid;40.61;other
3700;piso;235;4;4;Segunda mano/buen estado;True;True;Distrito Moncloa;Madrid capital, Madrid;15.74;Piso
2430;dúplex;90;2;2;Segunda mano/buen estado;True;True;Distrito Moncloa;Madrid capital, Madrid;27.0;other
10000;piso;453;4;6;Segunda mano/buen estado;True;True;Distrito Moncloa;Madrid capital, Madrid;22.08;Piso
3240;piso;81;2;2;Segunda mano/buen estado;True;True;Distrito Moncloa;Madrid capital, Madrid;40.0;Piso
3250;dúplex;163;3;3;Segunda mano/buen estado;True;True;Distrito Moncloa;Madrid capital, Madrid;19.94;other
2700;piso;90;3;2;Segunda mano/buen estado;True;False;Distrito Moncloa;Madrid capital, Madrid;30.0;Piso
1350;estudio;82;0;1;Segunda mano/buen estado;False;True;Distrito Moncloa;Madrid capital, Madrid;16.46;Piso
3775;piso;70;3;2;Segunda mano/buen estado;True;True;Distrito Moncloa;Madrid capital, Madrid;53.93;Piso
7995;piso;364;4;5;Segunda mano/buen estado;True;True;Distrito Moncloa;Madrid capital, Madrid;21.96;Piso
1550;piso;67;0;1;Segunda mano/buen estado;True;True;Distrito Moncloa;Madrid capital, Madrid;23.13;Piso
1700;piso;80;0;1;Segunda mano/buen estado;False;True;Distrito Moncloa;Madrid capital, Madrid;21.25;Piso
2600;piso;92;2;1;Segunda mano/buen estado;True;True;Distrito Moncloa;Madrid capital, Madrid;28.26;Piso
3500;piso;222;3;3;Segunda mano/buen estado;True;True;Distrito Moncloa;Madrid capital, Madrid;15.77;Piso
2950;piso;110;3;3;Segunda mano/buen estado;True;True;Distrito Moncloa;Madrid capital, Madrid;26.82;Piso
1040;estudio;42;0;1;Segunda mano/buen estado;False;True;Distrito Moncloa;Madrid capital, Madrid;24.76;Piso
1600;piso;46;0;1;Segunda mano/buen estado;False;True;Distrito Moncloa;Madrid capital, Madrid;34.78;Piso
10000;piso;453;4;6;Segunda mano/buen estado;True;True;Distrito Moncloa;Madrid capital, Madrid;22.08;Piso
2500;piso;50;0;1;Segunda mano/buen estado;False;True;Distrito Moncloa;Madrid capital, Madrid;50.0;Piso
3400;ático;208;4;3;Segunda mano/buen estado;False;True;Distrito Moncloa;Madrid capital, Madrid;16.35;Piso
2750;piso;88;2;2;Segunda mano/buen estado;False;True;Distrito Moncloa;Madrid capital, Madrid;31.25;Piso
2750;piso;88;2;2;Segunda mano/buen estado;False;True;Distrito Moncloa;Madrid capital, Madrid;31.25;Piso
1250;piso;50;0;1;Segunda mano/buen estado;True;True;Distrito Moncloa;Madrid capital, Madrid;25.0;Piso
1100;piso;55;2;1;Segunda mano/buen estado;False;False;Distrito Moncloa;Madrid capital, Madrid;20.0;Piso
1800;piso;86;0;1;Segunda mano/buen estado;True;True;Distrito Moncloa;Madrid capital, Madrid;20.93;Piso
2800;piso;144;3;2;Segunda mano/buen estado;True;True;Distrito Moncloa;Madrid capital, Madrid;19.44;Piso
1100;piso;110;3;2;Segunda mano/buen estado;True;False;Distrito Moncloa;Madrid capital, Madrid;10.0;Piso
12500;casa;500;4;5;Segunda mano/buen estado;True;True;Distrito Moncloa;Madrid capital, Madrid;25.0;other
1600;piso;50;0;1;Segunda mano/buen estado;False;False;Distrito Moncloa;Madrid capital, Madrid;32.0;Piso
2500;piso;134;3;2;Segunda mano/buen estado;False;True;Distrito Moncloa;Madrid capital, Madrid;18.66;Piso
2800;piso;166;4;4;Segunda mano/buen estado;True;True;Distrito Moncloa;Madrid capital, Madrid;16.87;Piso
2900;piso;145;4;2;Segunda mano/buen estado;True;True;Distrito Moncloa;Madrid capital, Madrid;20.0;Piso
1750;piso;90;2;2;Segunda mano/buen estado;True;True;Distrito Moncloa;Madrid capital, Madrid;19.44;Piso
1275;piso;45;0;1;Segunda mano/buen estado;False;True;Distrito Moncloa;Madrid capital, Madrid;28.33;Piso
4300;piso;135;2;2;Segunda mano/buen estado;True;True;Distrito Moncloa;Madrid capital, Madrid;31.85;Piso
14500;casa;733;6;6;Segunda mano/buen estado;True;True;Distrito Moncloa;Madrid capital, Madrid;19.78;other
3500;ático;182;4;4;Segunda mano/buen estado;False;True;Distrito Moncloa;Madrid capital, Madrid;19.23;Piso
12000;casa;719;7;7;Segunda mano/buen estado;False;True;Distrito Moncloa;Madrid capital, Madrid;16.69;other
3400;piso;178;3;2;Segunda mano/buen estado;True;True;Distrito Moncloa;Madrid capital, Madrid;19.1;Piso
1300;piso;40;0;1;Segunda mano/buen estado;True;False;Distrito Moncloa;Madrid capital, Madrid;32.5;Piso
3500;piso;200;5;3;Segunda mano/buen estado;True;True;Distrito Moncloa;Madrid capital, Madrid;17.5;Piso
3000;piso;73;0;1;Segunda mano/buen estado;True;True;Distrito Moncloa;Madrid capital, Madrid;41.1;Piso
3490;piso;172;3;2;Segunda mano/buen estado;True;True;Distrito Moncloa;Madrid capital, Madrid;20.29;Piso
3000;piso;141;3;3;Segunda mano/buen estado;True;True;Distrito Moncloa;Madrid capital, Madrid;21.28;Piso
4500;ático;180;2;2;Segunda mano/buen estado;True;True;Distrito Moncloa;Madrid capital, Madrid;25.0;Piso
2750;piso;90;2;1;Segunda mano/buen estado;True;True;Distrito Moncloa;Madrid capital, Madrid;30.56;Piso
1200;piso;50;0;1;Segunda mano/buen estado;False;True;Distrito Moncloa;Madrid capital, Madrid;24.0;Piso
1700;piso;73;0;1;Segunda mano/buen estado;False;True;Distrito Moncloa;Madrid capital, Madrid;23.29;Piso
1100;piso;47;2;1;Segunda mano/buen estado;True;True;Distrito Moncloa;Madrid capital, Madrid;23.4;Piso
13800;casa;1;7;7;Segunda mano/buen estado;True;True;Distrito Moncloa;Madrid capital, Madrid;13800.0;other
16500;casa;644;5;6;Segunda mano/buen estado;True;True;Distrito Moncloa;Madrid capital, Madrid;25.62;other
13800;casa;1;7;7;Segunda mano/buen estado;True;True;Distrito Moncloa;Madrid capital, Madrid;13800.0;other
12900;casa;605;5;5;Segunda mano/buen estado;True;False;Distrito Moncloa;Madrid capital, Madrid;21.32;other
1390;estudio;40;0;1;Segunda mano/buen estado;False;True;Distrito Moncloa;Madrid capital, Madrid;34.75;Piso
6000;casa;467;5;5;Segunda mano/buen estado;True;True;Distrito Moncloa;Madrid capital, Madrid;12.85;other
14500;casa;702;6;6;Segunda mano/buen estado;False;True;Distrito Moncloa;Madrid capital, Madrid;20.66;other
1700;piso;87;0;1;Segunda mano/buen estado;True;True;Distrito Moncloa;Madrid capital, Madrid;19.54;Piso
14500;casa;700;6;9;Segunda mano/buen estado;True;True;Distrito Moncloa;Madrid capital, Madrid;20.71;other
1650;piso;50;2;1;Segunda mano/buen estado;False;True;Distrito Moncloa;Madrid capital, Madrid;33.0;Piso
2500;piso;40;0;1;Segunda mano/buen estado;False;True;Distrito Moncloa;Madrid capital, Madrid;62.5;Piso
2600;piso;93;2;1;Segunda mano/buen estado;False;True;Distrito Moncloa;Madrid capital, Madrid;27.96;Piso
4300;piso;135;2;2;Segunda mano/buen estado;True;True;Distrito Moncloa;Madrid capital, Madrid;31.85;Piso
2300;piso;138;2;2;Segunda mano/buen estado;True;True;Distrito Moncloa;Madrid capital, Madrid;16.67;Piso
1300;piso;50;0;1;Segunda mano/buen estado;False;False;Distrito Moncloa;Madrid capital, Madrid;26.0;Piso
1600;piso;55;0;1;Segunda mano/buen estado;True;True;Distrito Moncloa;Madrid capital, Madrid;29.09;Piso
1252;dúplex;49;0;1;Segunda mano/buen estado;True;True;Distrito Moncloa;Madrid capital, Madrid;25.55;other
3375;piso;107;2;1;Segunda mano/buen estado;True;True;Distrito Moncloa;Madrid capital, Madrid;31.54;Piso
1950;piso;115;3;2;Segunda mano/buen estado;True;True;Distrito Moncloa;Madrid capital, Madrid;16.96;Piso
2100;piso;133;2;2;Segunda mano/buen estado;False;True;Distrito Moncloa;Madrid capital, Madrid;15.79;Piso
1100;piso;50;0;1;Segunda mano/buen estado;False;False;Distrito Moncloa;Madrid capital, Madrid;22.0;Piso
1795;piso;151;4;2;Segunda mano/buen estado;False;True;Distrito Moncloa;Madrid capital, Madrid;11.89;Piso
1400;piso;72;0;1;Segunda mano/buen estado;True;True;Distrito Moncloa;Madrid capital, Madrid;19.44;Piso
4500;piso;307;5;3;Segunda mano/buen estado;True;True;Distrito Moncloa;Madrid capital, Madrid;14.66;Piso
2700;piso;189;3;3;Segunda mano/buen estado;False;True;Distrito Moncloa;Madrid capital, Madrid;14.29;Piso
1900;piso;92;2;1;Segunda mano/buen estado;False;True;Distrito Moncloa;Madrid capital, Madrid;20.65;Piso
1875;piso;64;2;2;Segunda mano/buen estado;False;True;Distrito Moncloa;Madrid capital, Madrid;29.3;Piso
5895;piso;133;2;2;Segunda mano/buen estado;True;True;Distrito Moncloa;Madrid capital, Madrid;44.32;Piso
2500;piso;120;3;2;Segunda mano/buen estado;False;True;Distrito Moncloa;Madrid capital, Madrid;20.83;Piso
3500;piso;130;3;3;Segunda mano/buen estado;True;True;Distrito Moncloa;Madrid capital, Madrid;26.92;Piso
3355;piso;100;2;2;Segunda mano/buen estado;True;False;Distrito Moncloa;Madrid capital, Madrid;33.55;Piso
1350;piso;45;0;1;Segunda mano/buen estado;False;True;Distrito Moncloa;Madrid capital, Madrid;30.0;Piso
5895;piso;133;2;2;Segunda mano/buen estado;True;True;Distrito Moncloa;Madrid capital, Madrid;44.32;Piso
2500;piso;78;2;2;Segunda mano/buen estado;True;True;Distrito Moncloa;Madrid capital, Madrid;32.05;Piso
3300;piso;60;2;2;Segunda mano/buen estado;True;True;Distrito Moncloa;Madrid capital, Madrid;55.0;Piso
915;piso;45;0;1;Segunda mano/buen estado;True;True;Distrito Moncloa;Madrid capital, Madrid;20.33;Piso
1500;piso;40;0;1;Segunda mano/buen estado;False;False;Distrito Moncloa;Madrid capital, Madrid;37.5;Piso
1550;estudio;50;0;1;Segunda mano/buen estado;True;True;Distrito Moncloa;Madrid capital, Madrid;31.0;Piso
2200;piso;110;3;1;Segunda mano/buen estado;True;False;Distrito Moncloa;Madrid capital, Madrid;20.0;Piso
2499;piso;55;0;1;Segunda mano/buen estado;True;True;Distrito Moncloa;Madrid capital, Madrid;45.44;Piso
1800;piso;72;2;1;Segunda mano/buen estado;True;True;Distrito Moncloa;Madrid capital, Madrid;25.0;Piso
2200;piso;110;3;1;Segunda mano/buen estado;True;False;Distrito Moncloa;Madrid capital, Madrid;20.0;Piso
3300;piso;143;2;2;Segunda mano/buen estado;True;True;Distrito Moncloa;Madrid capital, Madrid;23.08;Piso
3000;ático;169;3;3;Segunda mano/buen estado;True;False;Distrito Moncloa;Madrid capital, Madrid;17.75;Piso
1800;ático;60;0;1;Segunda mano/buen estado;True;True;Distrito Moncloa;Madrid capital, Madrid;30.0;Piso
1200;estudio;73;0;1;Segunda mano/buen estado;True;True;Distrito Moncloa;Madrid capital, Madrid;16.44;Piso
1350;piso;70;0;1;Segunda mano/buen estado;True;True;Distrito Moncloa;Madrid capital, Madrid;19.29;Piso
1800;piso;90;2;1;Segunda mano/buen estado;True;True;Distrito Moncloa;Madrid capital, Madrid;20.0;Piso
1690;piso;90;2;1;Segunda mano/buen estado;False;False;Distrito Moncloa;Madrid capital, Madrid;18.78;Piso
1600;piso;85;0;1;Segunda mano/buen estado;True;True;Distrito Moncloa;Madrid capital, Madrid;18.82;Piso
1600;piso;70;0;1;Segunda mano/buen estado;True;True;Distrito Moncloa;Madrid capital, Madrid;22.86;Piso
10000;chalet;750;4;7;Segunda mano/buen estado;True;True;Distrito Moncloa;Madrid capital, Madrid;13.33;other
1070;piso;35;0;1;Segunda mano/buen estado;True;False;Distrito Moncloa;Madrid capital, Madrid;30.57;Piso
915;piso;45;0;1;Segunda mano/buen estado;True;False;Distrito Moncloa;Madrid capital, Madrid;20.33;Piso
2150;ático;85;2;2;Segunda mano/buen estado;True;True;Distrito Moncloa;Madrid capital, Madrid;25.29;Piso
1070;piso;35;0;1;Segunda mano/buen estado;True;False;Distrito Moncloa;Madrid capital, Madrid;30.57;Piso
10900;casa;901;6;7;Segunda mano/buen estado;False;True;Distrito Moncloa;Madrid capital, Madrid;12.1;other
2750;piso;110;4;2;Segunda mano/buen estado;True;False;Distrito Moncloa;Madrid capital, Madrid;25.0;Piso
2580;piso;130;6;2;Segunda mano/buen estado;False;False;Distrito Moncloa;Madrid capital, Madrid;19.85;Piso
2619;piso;100;2;2;Segunda mano/buen estado;True;True;Distrito Moncloa;Madrid capital, Madrid;26.19;Piso
1290;piso;55;2;1;Segunda mano/buen estado;True;False;Distrito Moncloa;Madrid capital, Madrid;23.45;Piso
1900;ático;70;2;1;Segunda mano/buen estado;False;False;Distrito Moncloa;Madrid capital, Madrid;27.14;Piso
1250;piso;77;2;1;Segunda mano/buen estado;False;False;Distrito Moncloa;Madrid capital, Madrid;16.23;Piso
1700;piso;71;0;1;Segunda mano/buen estado;True;True;Distrito Moncloa;Madrid capital, Madrid;23.94;Piso
1475;piso;50;0;1;Segunda mano/buen estado;True;True;Distrito Moncloa;Madrid capital, Madrid;29.5;Piso
2200;piso;130;2;2;Segunda mano/buen estado;True;False;Distrito Moncloa;Madrid capital, Madrid;16.92;Piso
1350;ático;100;2;1;Segunda mano/buen estado;True;True;Distrito Moncloa;Madrid capital, Madrid;13.5;Piso
3600;ático;179;4;4;Segunda mano/buen estado;True;True;Distrito Moncloa;Madrid capital, Madrid;20.11;Piso
1690;piso;48;0;1;Segunda mano/buen estado;False;True;Distrito Moncloa;Madrid capital, Madrid;35.21;Piso
2730;piso;122;2;2;Segunda mano/buen estado;False;True;Distrito Moncloa;Madrid capital, Madrid;22.38;Piso
2600;piso;119;3;2;Segunda mano/buen estado;True;True;Distrito Moncloa;Madrid capital, Madrid;21.85;Piso
1890;piso;60;0;1;Segunda mano/buen estado;True;True;Distrito Moncloa;Madrid capital, Madrid;31.5;Piso
18000;casa;962;6;7;Segunda mano/buen estado;True;True;Distrito Moncloa;Madrid capital, Madrid;18.71;other
1300;piso;70;0;1;Segunda mano/buen estado;True;True;Distrito Moncloa;Madrid capital, Madrid;18.57;Piso
3500;dúplex;182;4;4;Segunda mano/buen estado;True;True;Distrito Moncloa;Madrid capital, Madrid;19.23;other
4500;dúplex;315;7;4;Segunda mano/buen estado;True;True;Distrito Moncloa;Madrid capital, Madrid;14.29;other
2800;piso;120;3;2;Segunda mano/buen estado;True;True;Distrito Moncloa;Madrid capital, Madrid;23.33;Piso
1650;estudio;40;0;1;Segunda mano/buen estado;True;True;Distrito Moncloa;Madrid capital, Madrid;41.25;Piso
1600;piso;50;2;1;Segunda mano/buen estado;True;False;Distrito Moncloa;Madrid capital, Madrid;32.0;Piso
1700;piso;126;3;2;Segunda mano/buen estado;True;True;Distrito Moncloa;Madrid capital, Madrid;13.49;Piso
3850;piso;169;3;2;Segunda mano/buen estado;False;True;Distrito Moncloa;Madrid capital, Madrid;22.78;Piso
2300;piso;144;3;2;Segunda mano/buen estado;True;True;Distrito Moncloa;Madrid capital, Madrid;15.97;Piso
1275;piso;65;0;1;Segunda mano/buen estado;True;True;Distrito Moncloa;Madrid capital, Madrid;19.62;Piso
2100;piso;116;3;2;Segunda mano/buen estado;True;True;Distrito Moncloa;Madrid capital, Madrid;18.1;Piso
1850;piso;83;2;1;Segunda mano/buen estado;True;True;Distrito Moncloa;Madrid capital, Madrid;22.29;Piso
3500;piso;145;4;2;Segunda mano/buen estado;False;False;Distrito Moncloa;Madrid capital, Madrid;24.14;Piso
910;estudio;35;0;1;Segunda mano/buen estado;True;True;Distrito Moncloa;Madrid capital, Madrid;26.0;Piso
1080;estudio;30;0;1;Segunda mano/buen estado;True;True;Distrito Moncloa;Madrid capital, Madrid;36.0;Piso
1800;estudio;65;0;1;Segunda mano/buen estado;True;True;Distrito Moncloa;Madrid capital, Madrid;27.69;Piso
2250;ático;97;2;1;Segunda mano/buen estado;True;True;Distrito Moncloa;Madrid capital, Madrid;23.2;Piso
3600;piso;220;5;3;Segunda mano/buen estado;True;True;Distrito Moncloa;Madrid capital, Madrid;16.36;Piso
3600;piso;220;5;3;Segunda mano/buen estado;True;True;Distrito Moncloa;Madrid capital, Madrid;16.36;Piso
2600;piso;90;0;1;Segunda mano/buen estado;True;True;Distrito Moncloa;Madrid capital, Madrid;28.89;Piso
3200;ático;234;4;3;Segunda mano/buen estado;False;True;Distrito Moncloa;Madrid capital, Madrid;13.68;Piso
1100;piso;56;0;1;Segunda mano/buen estado;True;True;Distrito Moncloa;Madrid capital, Madrid;19.64;Piso
12000;piso;453;4;6;Segunda mano/buen estado;True;True;Distrito Moncloa;Madrid capital, Madrid;26.49;Piso
3500;piso;249;4;3;Segunda mano/buen estado;True;True;Distrito Moncloa;Madrid capital, Madrid;14.06;Piso
3150;piso;85;2;1;Segunda mano/buen estado;True;True;Distrito Moncloa;Madrid capital, Madrid;37.06;Piso
1100;piso;60;2;1;Segunda mano/buen estado;False;False;Distrito Moncloa;Madrid capital, Madrid;18.33;Piso
1890;piso;61;0;1;Segunda mano/buen estado;True;True;Distrito Moncloa;Madrid capital, Madrid;30.98;Piso
4860;piso;187;3;2;Segunda mano/buen estado;True;True;Distrito Moncloa;Madrid capital, Madrid;25.99;Piso
1200;piso;40;0;1;Segunda mano/buen estado;False;False;Distrito Moncloa;Madrid capital, Madrid;30.0;Piso
3600;piso;130;2;2;Segunda mano/buen estado;True;True;Distrito Moncloa;Madrid capital, Madrid;27.69;Piso
3150;piso;106;2;2;Segunda mano/buen estado;True;True;Distrito Moncloa;Madrid capital, Madrid;29.72;Piso
2295;piso;73;2;1;Segunda mano/buen estado;True;True;Distrito Moncloa;Madrid capital, Madrid;31.44;Piso
2565;piso;70;0;1;Segunda mano/buen estado;True;False;Distrito Moncloa;Madrid capital, Madrid;36.64;Piso
1500;piso;49;0;1;Segunda mano/buen estado;True;True;Distrito Moncloa;Madrid capital, Madrid;30.61;Piso
3240;piso;92;2;2;Segunda mano/buen estado;True;True;Distrito Moncloa;Madrid capital, Madrid;35.22;Piso
3375;piso;130;2;1;Segunda mano/buen estado;True;True;Distrito Moncloa;Madrid capital, Madrid;25.96;Piso
1890;piso;61;0;1;Segunda mano/buen estado;True;True;Distrito Moncloa;Madrid capital, Madrid;30.98;Piso
3915;piso;140;2;2;Segunda mano/buen estado;True;True;Distrito Moncloa;Madrid capital, Madrid;27.96;Piso
1670;piso;68;0;1;Segunda mano/buen estado;True;False;Distrito Moncloa;Madrid capital, Madrid;24.56;Piso
2300;piso;155;3;2;Segunda mano/buen estado;True;False;Distrito Moncloa;Madrid capital, Madrid;14.84;Piso
3400;piso;178;3;2;Segunda mano/buen estado;True;True;Distrito Moncloa;Madrid capital, Madrid;19.1;Piso
1200;piso;58;2;1;Segunda mano/buen estado;True;False;Distrito Moncloa;Madrid capital, Madrid;20.69;Piso
2000;piso;75;0;1;Segunda mano/buen estado;True;True;Distrito Moncloa;Madrid capital, Madrid;26.67;Piso
4200;piso;163;5;2;Segunda mano/buen estado;False;True;Distrito Moncloa;Madrid capital, Madrid;25.77;Piso
4600;piso;180;4;4;Segunda mano/buen estado;True;True;Distrito Moncloa;Madrid capital, Madrid;25.56;Piso
2300;piso;75;0;1;Segunda mano/buen estado;True;True;Distrito Moncloa;Madrid capital, Madrid;30.67;Piso
6000;chalet;335;4;5;Segunda mano/buen estado;True;True;Distrito Moncloa;Madrid capital, Madrid;17.91;other
1500;piso;66;2;2;Segunda mano/buen estado;True;False;Distrito Moncloa;Madrid capital, Madrid;22.73;Piso
13995;piso;360;6;5;Segunda mano/buen estado;False;True;Distrito Moncloa;Madrid capital, Madrid;38.88;Piso
2300;piso;75;2;1;Segunda mano/buen estado;True;True;Distrito Moncloa;Madrid capital, Madrid;30.67;Piso
1200;piso;80;3;1;Segunda mano/buen estado;False;False;Distrito Moncloa;Madrid capital, Madrid;15.0;Piso
1450;piso;60;2;1;Segunda mano/buen estado;True;False;Distrito Moncloa;Madrid capital, Madrid;24.17;Piso
2500;piso;80;2;2;Segunda mano/buen estado;True;True;Distrito Moncloa;Madrid capital, Madrid;31.25;Piso
1375;piso;84;2;1;Segunda mano/buen estado;True;False;Distrito Moncloa;Madrid capital, Madrid;16.37;Piso
1650;piso;46;0;1;Segunda mano/buen estado;False;True;Distrito Moncloa;Madrid capital, Madrid;35.87;Piso
10000;casa;750;5;6;Segunda mano/buen estado;False;False;Distrito Moncloa;Madrid capital, Madrid;13.33;other
1600;piso;96;2;2;Segunda mano/buen estado;True;False;Distrito Moncloa;Madrid capital, Madrid;16.67;Piso
1575;dúplex;55;0;1;Segunda mano/buen estado;True;True;Distrito Moncloa;Madrid capital, Madrid;28.64;other
1575;dúplex;55;0;1;Segunda mano/buen estado;True;True;Distrito Moncloa;Madrid capital, Madrid;28.64;other
4300;piso;280;3;2;Segunda mano/buen estado;True;True;Distrito Moncloa;Madrid capital, Madrid;15.36;Piso
3300;piso;143;2;2;Segunda mano/buen estado;True;True;Distrito Moncloa;Madrid capital, Madrid;23.08;Piso
1600;ático;85;0;1;Segunda mano/buen estado;True;True;Distrito Moncloa;Madrid capital, Madrid;18.82;Piso
1275;estudio;40;0;1;Segunda mano/buen estado;True;True;Distrito Moncloa;Madrid capital, Madrid;31.88;Piso
11000;casa;722;9;7;Segunda mano/buen estado;True;True;Distrito Moncloa;Madrid capital, Madrid;15.24;other
2400;piso;75;2;2;Segunda mano/buen estado;True;True;Distrito Moncloa;Madrid capital, Madrid;32.0;Piso
1900;piso;75;3;1;Segunda mano/buen estado;False;False;Distrito Moncloa;Madrid capital, Madrid;25.33;Piso
13995;piso;360;6;5;Segunda mano/buen estado;True;True;Distrito Moncloa;Madrid capital, Madrid;38.88;Piso
3300;piso;90;3;2;Segunda mano/buen estado;True;False;Distrito Moncloa;Madrid capital, Madrid;36.67;Piso
1600;piso;95;0;2;Segunda mano/buen estado;True;True;Distrito Moncloa;Madrid capital, Madrid;16.84;Piso
2400;piso;138;3;3;Segunda mano/buen estado;True;True;Distrito Moncloa;Madrid capital, Madrid;17.39;Piso
2800;piso;110;3;2;Segunda mano/buen estado;True;True;Distrito Moncloa;Madrid capital, Madrid;25.45;Piso
1235;piso;73;3;1;Segunda mano/buen estado;False;False;Distrito Moncloa;Madrid capital, Madrid;16.92;Piso
1200;estudio;40;0;1;Segunda mano/buen estado;True;True;Distrito Moncloa;Madrid capital, Madrid;30.0;Piso
1450;piso;77;2;2;Segunda mano/buen estado;False;False;Distrito Moncloa;Madrid capital, Madrid;18.83;Piso
3995;piso;171;3;3;Segunda mano/buen estado;True;True;Distrito Moncloa;Madrid capital, Madrid;23.36;Piso
1300;piso;63;0;1;Segunda mano/buen estado;True;True;Distrito Moncloa;Madrid capital, Madrid;20.63;Piso
2300;piso;86;2;2;Segunda mano/buen estado;True;True;Distrito Moncloa;Madrid capital, Madrid;26.74;Piso
1600;piso;73;0;1;Segunda mano/buen estado;True;True;Distrito Moncloa;Madrid capital, Madrid;21.92;Piso
1000;dúplex;27;0;1;Segunda mano/buen estado;True;False;Distrito Moncloa;Madrid capital, Madrid;37.04;other
2700;piso;75;2;1;Segunda mano/buen estado;True;True;Distrito Moncloa;Madrid capital, Madrid;36.0;Piso
1100;piso;55;0;1;Segunda mano/buen estado;True;False;Distrito Moncloa;Madrid capital, Madrid;20.0;Piso
2300;dúplex;140;3;2;Segunda mano/buen estado;True;True;Distrito Moncloa;Madrid capital, Madrid;16.43;other
1125;piso;57;0;1;Segunda mano/buen estado;True;False;Distrito Moncloa;Madrid capital, Madrid;19.74;Piso
1600;piso;73;0;1;Segunda mano/buen estado;True;True;Distrito Moncloa;Madrid capital, Madrid;21.92;Piso
1600;piso;70;2;2;Segunda mano/buen estado;True;True;Distrito Moncloa;Madrid capital, Madrid;22.86;Piso
1300;piso;97;2;1;Segunda mano/buen estado;True;False;Distrito Moncloa;Madrid capital, Madrid;13.4;Piso
1290;piso;55;2;1;Segunda mano/buen estado;True;False;Distrito Moncloa;Madrid capital, Madrid;23.45;Piso
3300;piso;120;2;2;Segunda mano/buen estado;True;True;Distrito Moncloa;Madrid capital, Madrid;27.5;Piso
1290;piso;55;2;1;Segunda mano/buen estado;True;False;Distrito Moncloa;Madrid capital, Madrid;23.45;Piso
1950;ático;80;0;1;Segunda mano/buen estado;True;True;Distrito Moncloa;Madrid capital, Madrid;24.38;Piso
2900;piso;97;2;2;Segunda mano/buen estado;True;True;Distrito Moncloa;Madrid capital, Madrid;29.9;Piso
1290;piso;55;2;1;Segunda mano/buen estado;True;False;Distrito Moncloa;Madrid capital, Madrid;23.45;Piso
3500;casa;329;6;4;Segunda mano/buen estado;True;True;Distrito Moncloa;Madrid capital, Madrid;10.64;other
3000;piso;150;2;3;Segunda mano/buen estado;True;True;Distrito Moncloa;Madrid capital, Madrid;20.0;Piso
1350;piso;55;0;1;Segunda mano/buen estado;True;True;Distrito Moncloa;Madrid capital, Madrid;24.55;Piso
1600;piso;74;2;1;Segunda mano/buen estado;True;True;Distrito Moncloa;Madrid capital, Madrid;21.62;Piso
1700;piso;72;2;2;Segunda mano/buen estado;True;False;Distrito Moncloa;Madrid capital, Madrid;23.61;Piso
4185;piso;164;3;2;Segunda mano/buen estado;True;True;Distrito Moncloa;Madrid capital, Madrid;25.52;Piso
1730;piso;58;0;1;Segunda mano/buen estado;False;True;Distrito Moncloa;Madrid capital, Madrid;29.83;Piso
5245;piso;229;5;5;Segunda mano/buen estado;True;True;Distrito Moncloa;Madrid capital, Madrid;22.9;Piso
2970;piso;80;3;2;Segunda mano/buen estado;True;True;Distrito Moncloa;Madrid capital, Madrid;37.12;Piso
3000;piso;189;3;4;Segunda mano/buen estado;True;True;Distrito Moncloa;Madrid capital, Madrid;15.87;Piso
1490;piso;52;2;1;Segunda mano/buen estado;False;True;Distrito Moncloa;Madrid capital, Madrid;28.65;Piso
1850;piso;71;2;1;Segunda mano/buen estado;False;True;Distrito Moncloa;Madrid capital, Madrid;26.06;Piso
2400;piso;73;0;1;Segunda mano/buen estado;True;True;Distrito Moncloa;Madrid capital, Madrid;32.88;Piso
3250;piso;217;4;4;Segunda mano/buen estado;True;True;Distrito Moncloa;Madrid capital, Madrid;14.98;Piso
2000;dúplex;102;2;3;Segunda mano/buen estado;True;True;Distrito Moncloa;Madrid capital, Madrid;19.61;other
1270;piso;65;2;1;Segunda mano/buen estado;True;True;Distrito Moncloa;Madrid capital, Madrid;19.54;Piso
1400;piso;40;0;1;Segunda mano/buen estado;False;True;Distrito Moncloa;Madrid capital, Madrid;35.0;Piso
2700;piso;136;2;2;Segunda mano/buen estado;True;True;Distrito Moncloa;Madrid capital, Madrid;19.85;Piso
3700;chalet;345;6;5;Segunda mano/buen estado;True;True;Distrito Moncloa;Madrid capital, Madrid;10.72;other
1400;ático;42;0;1;Segunda mano/buen estado;True;True;Distrito Moncloa;Madrid capital, Madrid;33.33;Piso
1100;estudio;50;0;1;Segunda mano/buen estado;True;True;Distrito Moncloa;Madrid capital, Madrid;22.0;Piso
1950;piso;110;2;2;Segunda mano/buen estado;True;True;Distrito Moncloa;Madrid capital, Madrid;17.73;Piso
4100;piso;120;2;1;Segunda mano/buen estado;True;True;Distrito Moncloa;Madrid capital, Madrid;34.17;Piso
2300;piso;87;2;3;Segunda mano/buen estado;True;True;Distrito Moncloa;Madrid capital, Madrid;26.44;Piso
3580;piso;137;5;3;Segunda mano/buen estado;True;True;Distrito Moncloa;Madrid capital, Madrid;26.13;Piso
2400;piso;120;4;2;Segunda mano/buen estado;True;False;Distrito Moncloa;Madrid capital, Madrid;20.0;Piso
2795;piso;150;4;2;Segunda mano/buen estado;False;False;Distrito Moncloa;Madrid capital, Madrid;18.63;Piso
2490;piso;120;3;2;Segunda mano/buen estado;True;True;Distrito Moncloa;Madrid capital, Madrid;20.75;Piso
1170;piso;63;2;1;Segunda mano/buen estado;False;False;Distrito Moncloa;Madrid capital, Madrid;18.57;Piso
1190;estudio;40;0;1;Segunda mano/buen estado;True;True;Distrito Moncloa;Madrid capital, Madrid;29.75;Piso
2800;piso;144;3;2;Segunda mano/buen estado;True;False;Distrito Moncloa;Madrid capital, Madrid;19.44;Piso
5400;piso;155;6;3;Segunda mano/buen estado;False;False;Distrito Moncloa;Madrid capital, Madrid;34.84;Piso
3000;piso;123;4;2;Segunda mano/buen estado;True;True;Distrito Moncloa;Madrid capital, Madrid;24.39;Piso
1600;piso;86;2;1;Segunda mano/buen estado;False;False;Distrito Moncloa;Madrid capital, Madrid;18.6;Piso
1700;piso;65;2;1;Segunda mano/buen estado;True;True;Distrito Moncloa;Madrid capital, Madrid;26.15;Piso
1800;piso;75;3;1;Segunda mano/buen estado;True;True;Distrito Moncloa;Madrid capital, Madrid;24.0;Piso
1650;piso;85;3;1;Segunda mano/buen estado;False;False;Distrito Moncloa;Madrid capital, Madrid;19.41;Piso
3200;dúplex;200;5;5;Segunda mano/buen estado;True;True;Distrito Moncloa;Madrid capital, Madrid;16.0;other
7900;casa;552;5;6;Segunda mano/buen estado;True;True;Distrito Moncloa;Madrid capital, Madrid;14.31;other
1500;piso;50;0;1;Segunda mano/buen estado;True;True;Distrito Moncloa;Madrid capital, Madrid;30.0;Piso
2000;piso;100;3;2;Segunda mano/buen estado;True;True;Distrito Moncloa;Madrid capital, Madrid;20.0;Piso
1200;piso;45;0;1;Segunda mano/buen estado;True;True;Distrito Moncloa;Madrid capital, Madrid;26.67;Piso
1900;piso;110;3;2;Segunda mano/buen estado;False;True;Distrito Moncloa;Madrid capital, Madrid;17.27;Piso
3600;dúplex;270;4;3;Segunda mano/buen estado;True;True;Distrito Moncloa;Madrid capital, Madrid;13.33;other
1200;piso;45;0;1;Segunda mano/buen estado;False;True;Distrito Moncloa;Madrid capital, Madrid;26.67;Piso
4500;piso;190;3;3;Segunda mano/buen estado;True;True;Distrito Moncloa;Madrid capital, Madrid;23.68;Piso
1200;piso;45;0;1;Segunda mano/buen estado;False;True;Distrito Moncloa;Madrid capital, Madrid;26.67;Piso
2400;piso;120;4;2;Segunda mano/buen estado;True;False;Distrito Moncloa;Madrid capital, Madrid;20.0;Piso
1500;piso;70;2;1;Segunda mano/buen estado;True;True;Distrito Moncloa;Madrid capital, Madrid;21.43;Piso
1500;piso;70;2;1;Segunda mano/buen estado;False;False;Distrito Moncloa;Madrid capital, Madrid;21.43;Piso
1580;piso;84;2;2;Segunda mano/buen estado;True;True;Distrito Moncloa;Madrid capital, Madrid;18.81;Piso
3550;piso;90;0;2;Segunda mano/buen estado;False;True;Distrito Moncloa;Madrid capital, Madrid;39.44;Piso
950;piso;42;0;1;Segunda mano/buen estado;True;False;Distrito Moncloa;Madrid capital, Madrid;22.62;Piso
1600;piso;72;0;1;Segunda mano/buen estado;True;True;Distrito Moncloa;Madrid capital, Madrid;22.22;Piso
3250;piso;152;3;3;Segunda mano/buen estado;True;True;Distrito Moncloa;Madrid capital, Madrid;21.38;Piso
1700;piso;68;0;1;Segunda mano/buen estado;True;True;Distrito Moncloa;Madrid capital, Madrid;25.0;Piso
1750;piso;83;0;1;Segunda mano/buen estado;True;True;Distrito Moncloa;Madrid capital, Madrid;21.08;Piso
3000;piso;110;2;2;Segunda mano/buen estado;True;False;Distrito Moncloa;Madrid capital, Madrid;27.27;Piso
8000;piso;316;4;3;Segunda mano/buen estado;True;True;Distrito Moncloa;Madrid capital, Madrid;25.32;Piso
2499;piso;55;0;1;Segunda mano/buen estado;True;True;Distrito Moncloa;Madrid capital, Madrid;45.44;Piso
1550;piso;49;0;1;Segunda mano/buen estado;True;True;Distrito Moncloa;Madrid capital, Madrid;31.63;Piso
6000;piso;135;2;2;Segunda mano/buen estado;True;True;Distrito Moncloa;Madrid capital, Madrid;44.44;Piso
1600;piso;70;0;1;Segunda mano/buen estado;True;True;Distrito Moncloa;Madrid capital, Madrid;22.86;Piso
950;piso;45;0;1;Segunda mano/buen estado;True;True;Distrito Moncloa;Madrid capital, Madrid;21.11;Piso
1100;piso;55;0;1;Segunda mano/buen estado;True;True;Distrito Moncloa;Madrid capital, Madrid;20.0;Piso
2000;piso;101;3;2;Segunda mano/buen estado;True;True;Distrito Moncloa;Madrid capital, Madrid;19.8;Piso
1200;piso;57;2;1;Segunda mano/buen estado;False;True;Distrito Moncloa;Madrid capital, Madrid;21.05;Piso
1600;piso;40;0;1;Segunda mano/buen estado;False;False;Distrito Moncloa;Madrid capital, Madrid;40.0;Piso
890;estudio;38;0;1;Segunda mano/buen estado;True;True;Distrito Moncloa;Madrid capital, Madrid;23.42;Piso
1950;piso;90;2;2;Segunda mano/buen estado;False;False;Distrito Moncloa;Madrid capital, Madrid;21.67;Piso
2200;piso;82;2;1;Segunda mano/buen estado;True;True;Distrito Moncloa;Madrid capital, Madrid;26.83;Piso
1600;piso;68;2;1;Segunda mano/buen estado;False;False;Distrito Moncloa;Madrid capital, Madrid;23.53;Piso
2050;piso;90;3;2;Segunda mano/buen estado;False;False;Distrito Moncloa;Madrid capital, Madrid;22.78;Piso
1200;piso;40;0;1;Segunda mano/buen estado;False;False;Distrito Moncloa;Madrid capital, Madrid;30.0;Piso
900;ático;37;0;1;Segunda mano/buen estado;True;True;Distrito Moncloa;Madrid capital, Madrid;24.32;Piso
14500;casa;702;6;6;Segunda mano/buen estado;True;True;Distrito Moncloa;Madrid capital, Madrid;20.66;other
1600;piso;60;2;2;Segunda mano/buen estado;False;False;Distrito Moncloa;Madrid capital, Madrid;26.67;Piso
3200;chalet;171;5;4;Segunda mano/buen estado;True;True;Distrito Moncloa;Madrid capital, Madrid;18.71;other
2600;piso;140;3;1;Segunda mano/buen estado;True;True;Distrito Moncloa;Madrid capital, Madrid;18.57;Piso
1650;piso;80;3;1;Segunda mano/buen estado;False;False;Distrito Moncloa;Madrid capital, Madrid;20.62;Piso
1150;piso;30;0;1;Segunda mano/buen estado;True;True;Distrito Moncloa;Madrid capital, Madrid;38.33;Piso
1700;piso;80;3;1;Segunda mano/buen estado;True;False;Distrito Moncloa;Madrid capital, Madrid;21.25;Piso
1300;piso;73;0;1;Segunda mano/buen estado;True;True;Distrito Moncloa;Madrid capital, Madrid;17.81;Piso
1400;piso;61;0;1;Segunda mano/buen estado;True;True;Distrito Moncloa;Madrid capital, Madrid;22.95;Piso
1700;piso;65;0;1;Segunda mano/buen estado;True;True;Distrito Moncloa;Madrid capital, Madrid;26.15;Piso
4900;piso;260;5;4;Segunda mano/buen estado;True;True;Distrito Moncloa;Madrid capital, Madrid;18.85;Piso
3150;piso;170;3;3;Segunda mano/buen estado;True;True;Distrito Moncloa;Madrid capital, Madrid;18.53;Piso
1800;piso;75;2;1;Segunda mano/buen estado;True;True;Distrito Moncloa;Madrid capital, Madrid;24.0;Piso
1150;piso;50;0;1;Segunda mano/buen estado;False;False;Distrito Moncloa;Madrid capital, Madrid;23.0;Piso
16000;casa;702;6;8;Segunda mano/buen estado;True;True;Distrito Moncloa;Madrid capital, Madrid;22.79;other
1000;piso;46;0;1;Segunda mano/buen estado;False;False;Distrito Moncloa;Madrid capital, Madrid;21.74;Piso
1090;piso;55;0;1;Segunda mano/buen estado;True;False;Distrito Moncloa;Madrid capital, Madrid;19.82;Piso
1600;dúplex;52;2;2;Segunda mano/buen estado;True;True;Distrito Moncloa;Madrid capital, Madrid;30.77;other
3400;piso;178;3;2;Segunda mano/buen estado;True;True;Distrito Moncloa;Madrid capital, Madrid;19.1;Piso
1500;piso;70;0;1;Segunda mano/para reformar;True;True;Distrito Moncloa;Madrid capital, Madrid;21.43;Piso
3800;ático;450;5;6;Segunda mano/buen estado;False;True;Distrito Moncloa;Madrid capital, Madrid;8.44;Piso
3600;piso;90;2;2;Segunda mano/buen estado;True;True;Distrito Moncloa;Madrid capital, Madrid;40.0;Piso
1390;piso;70;2;1;Segunda mano/buen estado;True;True;Distrito Moncloa;Madrid capital, Madrid;19.86;Piso
3500;piso;145;4;2;Segunda mano/buen estado;True;True;Distrito Moncloa;Madrid capital, Madrid;24.14;Piso
1250;piso;70;2;2;Segunda mano/buen estado;True;False;Distrito Moncloa;Madrid capital, Madrid;17.86;Piso
1900;piso;70;3;1;Segunda mano/buen estado;False;False;Distrito Moncloa;Madrid capital, Madrid;27.14;Piso
1850;dúplex;110;2;1;Segunda mano/buen estado;False;True;Distrito Moncloa;Madrid capital, Madrid;16.82;other
1400;piso;79;2;1;Segunda mano/buen estado;False;False;Distrito Moncloa;Madrid capital, Madrid;17.72;Piso
1400;piso;73;0;1;Segunda mano/buen estado;True;True;Distrito Moncloa;Madrid capital, Madrid;19.18;Piso
1400;piso;73;0;1;Segunda mano/buen estado;True;True;Distrito Moncloa;Madrid capital, Madrid;19.18;Piso
2950;piso;150;3;3;Segunda mano/buen estado;True;True;Distrito Moncloa;Madrid capital, Madrid;19.67;Piso
2950;piso;150;3;3;Segunda mano/buen estado;True;True;Distrito Moncloa;Madrid capital, Madrid;19.67;Piso
10500;chalet;420;5;6;Segunda mano/buen estado;True;True;Distrito Moncloa;Madrid capital, Madrid;25.0;other
2000;chalet;120;2;1;Segunda mano/buen estado;True;False;Distrito Moncloa;Madrid capital, Madrid;16.67;other
1050;piso;40;0;1;Segunda mano/buen estado;False;True;Distrito Moncloa;Madrid capital, Madrid;26.25;Piso
1500;ático;60;0;1;Segunda mano/buen estado;True;False;Distrito Moncloa;Madrid capital, Madrid;25.0;Piso
2600;piso;100;4;3;Segunda mano/buen estado;True;True;Distrito Moncloa;Madrid capital, Madrid;26.0;Piso
3200;piso;145;4;2;Segunda mano/buen estado;True;False;Distrito Moncloa;Madrid capital, Madrid;22.07;Piso
2300;piso;80;2;2;Segunda mano/buen estado;True;True;Distrito Moncloa;Madrid capital, Madrid;28.75;Piso
1150;estudio;40;0;1;Segunda mano/buen estado;True;True;Distrito Moncloa;Madrid capital, Madrid;28.75;Piso
1650;piso;85;3;1;Segunda mano/buen estado;False;False;Distrito Moncloa;Madrid capital, Madrid;19.41;Piso
890;estudio;45;0;1;Segunda mano/buen estado;True;True;Distrito Moncloa;Madrid capital, Madrid;19.78;Piso
1790;piso;90;3;2;Segunda mano/buen estado;False;True;Distrito Moncloa;Madrid capital, Madrid;19.89;Piso
1790;piso;70;2;2;Segunda mano/buen estado;False;True;Distrito Moncloa;Madrid capital, Madrid;25.57;Piso
1390;piso;50;0;1;Segunda mano/buen estado;True;True;Distrito Moncloa;Madrid capital, Madrid;27.8;Piso
8000;piso;475;5;4;Segunda mano/buen estado;True;True;Distrito Moncloa;Madrid capital, Madrid;16.84;Piso
2150;piso;120;3;1;Segunda mano/buen estado;True;True;Distrito Moncloa;Madrid capital, Madrid;17.92;Piso
1600;piso;50;0;1;Segunda mano/buen estado;True;True;Distrito Moncloa;Madrid capital, Madrid;32.0;Piso
1750;ático;91;2;2;Segunda mano/buen estado;True;True;Distrito Moncloa;Madrid capital, Madrid;19.23;Piso
1200;piso;45;2;1;Segunda mano/buen estado;False;False;Distrito Moncloa;Madrid capital, Madrid;26.67;Piso
1950;ático;75;3;1;Segunda mano/buen estado;True;True;Distrito Moncloa;Madrid capital, Madrid;26.0;Piso
2000;piso;135;2;2;Segunda mano/buen estado;True;True;Distrito Moncloa;Madrid capital, Madrid;14.81;Piso
2700;ático;180;3;3;Segunda mano/buen estado;True;False;Distrito Moncloa;Madrid capital, Madrid;15.0;Piso
2500;piso;114;2;2;Segunda mano/buen estado;True;True;Distrito Moncloa;Madrid capital, Madrid;21.93;Piso
9700;casa;480;5;6;Segunda mano/buen estado;True;True;Distrito Moncloa;Madrid capital, Madrid;20.21;other
2500;piso;105;4;2;Segunda mano/buen estado;True;True;Distrito Moncloa;Madrid capital, Madrid;23.81;Piso
2800;piso;90;4;2;Segunda mano/buen estado;False;False;Distrito Moncloa;Madrid capital, Madrid;31.11;Piso
5500;piso;220;4;3;Segunda mano/buen estado;True;False;Distrito Moncloa;Madrid capital, Madrid;25.0;Piso
13995;piso;360;6;5;Segunda mano/buen estado;True;True;Distrito Moncloa;Madrid capital, Madrid;38.88;Piso
1300;piso;65;0;1;Segunda mano/buen estado;True;True;Distrito Moncloa;Madrid capital, Madrid;20.0;Piso
1200;piso;57;0;1;Segunda mano/buen estado;False;False;Distrito Moncloa;Madrid capital, Madrid;21.05;Piso
1200;piso;57;0;1;Segunda mano/buen estado;False;False;Distrito Moncloa;Madrid capital, Madrid;21.05;Piso
1400;piso;72;0;1;Segunda mano/buen estado;True;True;Distrito Moncloa;Madrid capital, Madrid;19.44;Piso
1200;piso;70;2;1;Segunda mano/buen estado;True;True;Distrito Moncloa;Madrid capital, Madrid;17.14;Piso
1950;dúplex;160;3;3;Segunda mano/buen estado;True;True;Distrito Moncloa;Madrid capital, Madrid;12.19;other
1750;piso;60;2;1;Segunda mano/buen estado;False;True;Distrito Moncloa;Madrid capital, Madrid;29.17;Piso
1500;piso;83;2;2;Segunda mano/buen estado;True;True;Distrito Moncloa;Madrid capital, Madrid;18.07;Piso
1500;piso;75;3;2;Segunda mano/buen estado;False;False;Distrito Moncloa;Madrid capital, Madrid;20.0;Piso
2300;piso;155;3;2;Segunda mano/buen estado;True;False;Distrito Moncloa;Madrid capital, Madrid;14.84;Piso
2400;piso;123;3;2;Segunda mano/buen estado;True;True;Distrito Moncloa;Madrid capital, Madrid;19.51;Piso
1100;piso;52;2;1;Segunda mano/buen estado;True;False;Distrito Moncloa;Madrid capital, Madrid;21.15;Piso
1400;piso;60;0;1;Segunda mano/buen estado;True;False;Distrito Moncloa;Madrid capital, Madrid;23.33;Piso
695;estudio;29;0;1;Segunda mano/buen estado;False;True;Distrito Moncloa;Madrid capital, Madrid;23.97;Piso
3000;piso;115;2;2;Segunda mano/buen estado;True;True;Distrito Moncloa;Madrid capital, Madrid;26.09;Piso
13995;piso;360;6;5;Segunda mano/buen estado;True;True;Distrito Moncloa;Madrid capital, Madrid;38.88;Piso
1880;ático;65;0;1;Segunda mano/buen estado;False;False;Distrito Moncloa;Madrid capital, Madrid;28.92;Piso
1650;piso;110;3;2;Segunda mano/buen estado;True;False;Distrito Moncloa;Madrid capital, Madrid;15.0;Piso
1275;estudio;35;0;1;Segunda mano/buen estado;True;True;Distrito Moncloa;Madrid capital, Madrid;36.43;Piso
1850;piso;115;2;2;Segunda mano/buen estado;False;True;Distrito Moncloa;Madrid capital, Madrid;16.09;Piso
2800;piso;145;4;2;Segunda mano/buen estado;True;True;Distrito Moncloa;Madrid capital, Madrid;19.31;Piso
1500;dúplex;50;0;1;Segunda mano/buen estado;False;True;Distrito Moncloa;Madrid capital, Madrid;30.0;other
1500;piso;58;2;1;Segunda mano/buen estado;False;True;Distrito Moncloa;Madrid capital, Madrid;25.86;Piso
2850;dúplex;180;4;3;Segunda mano/buen estado;True;True;Distrito Moncloa;Madrid capital, Madrid;15.83;other
1250;piso;60;2;1;Segunda mano/buen estado;True;True;Distrito Moncloa;Madrid capital, Madrid;20.83;Piso
1350;piso;60;0;2;Segunda mano/buen estado;True;True;Distrito Moncloa;Madrid capital, Madrid;22.5;Piso
1000;piso;42;0;1;Segunda mano/buen estado;False;False;Distrito Moncloa;Madrid capital, Madrid;23.81;Piso
2700;piso;150;3;2;Segunda mano/buen estado;True;False;Distrito Moncloa;Madrid capital, Madrid;18.0;Piso
1275;piso;38;0;1;Segunda mano/buen estado;True;True;Distrito Moncloa;Madrid capital, Madrid;33.55;Piso
1750;piso;70;0;1;Segunda mano/buen estado;True;True;Distrito Moncloa;Madrid capital, Madrid;25.0;Piso
2000;piso;90;3;2;Segunda mano/buen estado;True;True;Distrito Moncloa;Madrid capital, Madrid;22.22;Piso
1600;piso;40;2;1;Segunda mano/buen estado;False;True;Distrito Moncloa;Madrid capital, Madrid;40.0;Piso
2350;piso;54;0;1;Segunda mano/buen estado;True;True;Distrito Moncloa;Madrid capital, Madrid;43.52;Piso
2000;piso;90;3;2;Segunda mano/buen estado;True;True;Distrito Moncloa;Madrid capital, Madrid;22.22;Piso
1600;piso;111;3;2;Segunda mano/buen estado;True;True;Distrito Moncloa;Madrid capital, Madrid;14.41;Piso
2000;piso;133;2;2;Segunda mano/buen estado;True;False;Distrito Moncloa;Madrid capital, Madrid;15.04;Piso
1500;piso;70;2;1;Segunda mano/buen estado;False;True;Distrito Moncloa;Madrid capital, Madrid;21.43;Piso
2300;piso;90;2;2;Segunda mano/buen estado;True;True;Distrito Moncloa;Madrid capital, Madrid;25.56;Piso
1140;piso;78;2;1;Segunda mano/buen estado;True;True;Distrito Moncloa;Madrid capital, Madrid;14.62;Piso
3500;dúplex;200;5;3;Segunda mano/buen estado;True;True;Distrito Moncloa;Madrid capital, Madrid;17.5;other
2800;piso;245;4;3;Segunda mano/buen estado;True;True;Distrito Moncloa;Madrid capital, Madrid;11.43;Piso
1500;piso;64;2;1;Segunda mano/buen estado;True;True;Distrito Moncloa;Madrid capital, Madrid;23.44;Piso
1500;piso;85;3;1;Segunda mano/buen estado;True;False;Distrito Moncloa;Madrid capital, Madrid;17.65;Piso
1200;piso;78;2;1;Segunda mano/buen estado;False;False;Distrito Moncloa;Madrid capital, Madrid;15.38;Piso
1500;piso;51;2;1;Segunda mano/buen estado;False;False;Distrito Moncloa;Madrid capital, Madrid;29.41;Piso
1600;piso;73;0;1;Segunda mano/buen estado;True;True;Distrito Moncloa;Madrid capital, Madrid;21.92;Piso
1350;piso;39;0;1;Segunda mano/buen estado;True;True;Distrito Moncloa;Madrid capital, Madrid;34.62;Piso
1750;piso;104;3;2;Segunda mano/buen estado;True;True;Distrito Moncloa;Madrid capital, Madrid;16.83;Piso
1100;ático;50;0;1;Segunda mano/buen estado;True;False;Distrito Moncloa;Madrid capital, Madrid;22.0;Piso
1150;piso;65;0;1;Segunda mano/buen estado;True;True;Distrito Moncloa;Madrid capital, Madrid;17.69;Piso
1300;estudio;25;0;1;Segunda mano/buen estado;True;True;Distrito Moncloa;Madrid capital, Madrid;52.0;Piso
1300;piso;65;0;1;Segunda mano/buen estado;True;True;Distrito Moncloa;Madrid capital, Madrid;20.0;Piso
1490;piso;70;3;1;Segunda mano/buen estado;True;False;Distrito Moncloa;Madrid capital, Madrid;21.29;Piso
1600;dúplex;85;0;2;Segunda mano/buen estado;True;True;Distrito Moncloa;Madrid capital, Madrid;18.82;other
1675;piso;70;0;1;Segunda mano/buen estado;True;True;Distrito Moncloa;Madrid capital, Madrid;23.93;Piso
1000;piso;40;0;1;Segunda mano/buen estado;True;False;Distrito Moncloa;Madrid capital, Madrid;25.0;Piso
2000;piso;110;3;2;Segunda mano/buen estado;True;True;Distrito Moncloa;Madrid capital, Madrid;18.18;Piso
1600;piso;70;2;1;Segunda mano/buen estado;False;True;Distrito Moncloa;Madrid capital, Madrid;22.86;Piso
1500;piso;55;0;1;Segunda mano/buen estado;True;True;Distrito Moncloa;Madrid capital, Madrid;27.27;Piso
1350;piso;51;0;1;Segunda mano/buen estado;False;False;Distrito Moncloa;Madrid capital, Madrid;26.47;Piso
1325;piso;52;2;1;Segunda mano/buen estado;False;False;Distrito Moncloa;Madrid capital, Madrid;25.48;Piso
1950;piso;112;3;2;Segunda mano/buen estado;True;True;Distrito Moncloa;Madrid capital, Madrid;17.41;Piso
1350;piso;74;0;1;Segunda mano/buen estado;True;True;Distrito Moncloa;Madrid capital, Madrid;18.24;Piso
1350;piso;55;0;1;Segunda mano/buen estado;True;True;Distrito Moncloa;Madrid capital, Madrid;24.55;Piso
1600;piso;46;0;1;Segunda mano/buen estado;False;True;Distrito Moncloa;Madrid capital, Madrid;34.78;Piso
2750;piso;87;2;2;Segunda mano/buen estado;True;True;Distrito Moncloa;Madrid capital, Madrid;31.61;Piso
2800;piso;245;5;3;Segunda mano/buen estado;True;True;Distrito Moncloa;Madrid capital, Madrid;11.43;Piso
1600;piso;54;0;1;Segunda mano/buen estado;True;True;Distrito Moncloa;Madrid capital, Madrid;29.63;Piso
1300;piso;93;2;2;Segunda mano/buen estado;False;False;Distrito Moncloa;Madrid capital, Madrid;13.98;Piso
1980;piso;70;4;2;Segunda mano/buen estado;False;True;Distrito Moncloa;Madrid capital, Madrid;28.29;Piso
1100;estudio;48;0;1;Segunda mano/buen estado;True;False;Distrito Moncloa;Madrid capital, Madrid;22.92;Piso
2000;piso;102;2;2;Segunda mano/buen estado;True;True;Distrito Moncloa;Madrid capital, Madrid;19.61;Piso
1250;piso;70;0;1;Segunda mano/buen estado;True;True;Distrito Moncloa;Madrid capital, Madrid;17.86;Piso
2500;piso;96;3;2;Segunda mano/buen estado;True;True;Distrito Moncloa;Madrid capital, Madrid;26.04;Piso
1250;piso;45;0;1;Segunda mano/buen estado;True;False;Distrito Moncloa;Madrid capital, Madrid;27.78;Piso
1830;piso;62;3;1;Segunda mano/buen estado;False;False;Distrito Moncloa;Madrid capital, Madrid;29.52;Piso
1500;piso;38;0;1;Segunda mano/buen estado;True;True;Distrito Moncloa;Madrid capital, Madrid;39.47;Piso
1400;piso;40;0;1;Segunda mano/buen estado;False;True;Distrito Moncloa;Madrid capital, Madrid;35.0;Piso
1250;estudio;35;0;1;Segunda mano/buen estado;False;True;Distrito Moncloa;Madrid capital, Madrid;35.71;Piso
1300;piso;75;2;1;Segunda mano/buen estado;False;True;Distrito Moncloa;Madrid capital, Madrid;17.33;Piso
1600;piso;90;2;2;Segunda mano/buen estado;True;True;Distrito Moncloa;Madrid capital, Madrid;17.78;Piso
1600;piso;90;2;2;Segunda mano/buen estado;True;True;Distrito Moncloa;Madrid capital, Madrid;17.78;Piso
1650;estudio;73;0;1;Segunda mano/buen estado;False;False;Distrito Moncloa;Madrid capital, Madrid;22.6;Piso
1500;piso;81;3;1;Segunda mano/buen estado;True;True;Distrito Moncloa;Madrid capital, Madrid;18.52;Piso
950;piso;50;0;1;Segunda mano/buen estado;True;False;Distrito Moncloa;Madrid capital, Madrid;19.0;Piso
1450;piso;93;0;1;Segunda mano/buen estado;True;False;Distrito Moncloa;Madrid capital, Madrid;15.59;Piso
1500;piso;60;2;1;Segunda mano/buen estado;False;True;Distrito Moncloa;Madrid capital, Madrid;25.0;Piso
2400;piso;120;3;2;Segunda mano/buen estado;False;False;Distrito Moncloa;Madrid capital, Madrid;20.0;Piso
1500;piso;50;0;1;Segunda mano/buen estado;True;True;Distrito Moncloa;Madrid capital, Madrid;30.0;Piso
2500;piso;108;3;2;Segunda mano/buen estado;True;False;Distrito Moncloa;Madrid capital, Madrid;23.15;Piso
1350;estudio;40;0;1;Segunda mano/buen estado;True;True;Distrito Moncloa;Madrid capital, Madrid;33.75;Piso
1100;piso;55;0;1;Segunda mano/buen estado;False;True;Distrito Moncloa;Madrid capital, Madrid;20.0;Piso
2200;piso;70;2;2;Segunda mano/buen estado;True;True;Distrito Moncloa;Madrid capital, Madrid;31.43;Piso
7900;chalet;600;6;7;Segunda mano/buen estado;True;True;Distrito Moncloa;Madrid capital, Madrid;13.17;other
1800;piso;75;2;2;Segunda mano/buen estado;True;True;Distrito Moncloa;Madrid capital, Madrid;24.0;Piso
3750;piso;200;5;3;Segunda mano/buen estado;True;False;Distrito Moncloa;Madrid capital, Madrid;18.75;Piso
1200;piso;80;2;1;Segunda mano/buen estado;False;False;Distrito Moncloa;Madrid capital, Madrid;15.0;Piso
1450;piso;70;0;1;Segunda mano/buen estado;True;True;Distrito Moncloa;Madrid capital, Madrid;20.71;Piso
6000;chalet;300;4;3;Segunda mano/buen estado;True;False;Distrito Moncloa;Madrid capital, Madrid;20.0;other
950;piso;40;0;1;Segunda mano/buen estado;True;False;Distrito Moncloa;Madrid capital, Madrid;23.75;Piso
1650;dúplex;85;3;1;Segunda mano/buen estado;True;True;Distrito Moncloa;Madrid capital, Madrid;19.41;other
1200;estudio;36;0;1;Segunda mano/buen estado;True;True;Distrito Moncloa;Madrid capital, Madrid;33.33;Piso
1200;piso;75;2;1;Segunda mano/buen estado;True;True;Distrito Moncloa;Madrid capital, Madrid;16.0;Piso
2499;piso;55;0;1;Segunda mano/buen estado;False;True;Distrito Moncloa;Madrid capital, Madrid;45.44;Piso
1650;piso;65;0;1;Segunda mano/buen estado;True;True;Distrito Moncloa;Madrid capital, Madrid;25.38;Piso
1900;dúplex;90;4;2;Segunda mano/buen estado;False;False;Distrito Moncloa;Madrid capital, Madrid;21.11;other
1400;piso;83;3;1;Segunda mano/buen estado;True;False;Distrito Moncloa;Madrid capital, Madrid;16.87;Piso
1000;piso;60;2;1;Segunda mano/buen estado;False;False;Distrito Moncloa;Madrid capital, Madrid;16.67;Piso
1650;piso;72;3;1;Segunda mano/buen estado;False;False;Distrito Moncloa;Madrid capital, Madrid;22.92;Piso
1650;piso;85;3;1;Segunda mano/buen estado;False;False;Distrito Moncloa;Madrid capital, Madrid;19.41;Piso
1150;piso;80;0;1;Segunda mano/buen estado;True;False;Distrito Moncloa;Madrid capital, Madrid;14.38;Piso
1400;dúplex;65;0;1;Segunda mano/buen estado;True;True;Distrito Moncloa;Madrid capital, Madrid;21.54;other
1400;piso;70;0;1;Segunda mano/buen estado;True;False;Distrito Moncloa;Madrid capital, Madrid;20.0;Piso
1500;piso;60;0;1;Segunda mano/buen estado;True;True;Distrito Moncloa;Madrid capital, Madrid;25.0;Piso
1850;piso;72;3;2;Segunda mano/buen estado;True;True;Distrito Moncloa;Madrid capital, Madrid;25.69;Piso
2500;ático;200;6;2;Segunda mano/buen estado;True;True;Distrito Moncloa;Madrid capital, Madrid;12.5;Piso
1650;piso;83;3;1;Segunda mano/buen estado;False;True;Distrito Moncloa;Madrid capital, Madrid;19.88;Piso
1600;piso;80;3;2;Segunda mano/buen estado;False;False;Distrito Moncloa;Madrid capital, Madrid;20.0;Piso
1100;estudio;72;0;1;Segunda mano/buen estado;True;False;Distrito Moncloa;Madrid capital, Madrid;15.28;Piso
1400;piso;55;2;1;Segunda mano/buen estado;False;False;Distrito Moncloa;Madrid capital, Madrid;25.45;Piso
1100;piso;56;0;1;Segunda mano/buen estado;True;True;Distrito Moncloa;Madrid capital, Madrid;19.64;Piso
1400;piso;70;3;1;Segunda mano/buen estado;False;False;Distrito Moncloa;Madrid capital, Madrid;20.0;Piso
850;estudio;30;0;1;Segunda mano/buen estado;False;False;Distrito Zona Avenida Europa;Pozuelo de Alarcón;28.33;Piso
4900;chalet;400;6;4;Segunda mano/buen estado;True;True;Distrito Somosaguas;Pozuelo de Alarcón;12.25;other
7000;dúplex;365;3;3;Segunda mano/buen estado;True;True;Distrito Somosaguas;Pozuelo de Alarcón;19.18;other
4300;chalet;350;5;6;Segunda mano/buen estado;False;True;Distrito Zona Estación;Pozuelo de Alarcón;12.29;other
3200;piso;134;3;2;Segunda mano/buen estado;True;True;Distrito Zona Avenida Europa;Pozuelo de Alarcón;23.88;Piso
8000;piso;238;3;4;Segunda mano/buen estado;False;True;Distrito Zona Prado de Somosaguas - La Finca;Pozuelo de Alarcón;33.61;Piso
2900;casa;260;5;3;Segunda mano/buen estado;True;False;Distrito Zona Estación;Pozuelo de Alarcón;11.15;other
16000;casa;750;6;7;Segunda mano/buen estado;False;True;Distrito Zona Prado de Somosaguas - La Finca;Pozuelo de Alarcón;21.33;other
7900;ático;350;4;6;Segunda mano/buen estado;True;True;Distrito Zona Prado de Somosaguas - La Finca;Pozuelo de Alarcón;22.57;Piso
4300;chalet;475;5;5;Segunda mano/buen estado;True;True;Distrito Zona Estación;Pozuelo de Alarcón;9.05;other
2300;piso;160;4;3;Segunda mano/buen estado;True;False;Distrito Zona Pueblo;Pozuelo de Alarcón;14.38;Piso
2900;piso;125;3;2;Segunda mano/buen estado;False;True;Distrito Zona Avenida Europa;Pozuelo de Alarcón;23.2;Piso
1450;piso;42;0;1;Segunda mano/buen estado;False;True;Distrito Zona Avenida Europa;Pozuelo de Alarcón;34.52;Piso
29000;casa;800;7;8;Segunda mano/buen estado;False;True;Distrito Zona Prado de Somosaguas - La Finca;Pozuelo de Alarcón;36.25;other
4995;piso;180;4;3;Segunda mano/buen estado;True;True;Distrito Somosaguas;Pozuelo de Alarcón;27.75;Piso
6950;chalet;550;5;5;Segunda mano/buen estado;True;True;Distrito Zona Prado de Somosaguas - La Finca;Pozuelo de Alarcón;12.64;other
4650;casa;350;6;4;Segunda mano/buen estado;True;True;Distrito Urbanizaciones;Pozuelo de Alarcón;13.29;other
5000;piso;259;4;4;Segunda mano/buen estado;True;True;Distrito Zona Prado de Somosaguas - La Finca;Pozuelo de Alarcón;19.31;Piso
1600;dúplex;190;3;3;Segunda mano/buen estado;True;True;Distrito Zona Pueblo;Pozuelo de Alarcón;8.42;other
8000;piso;230;4;4;Segunda mano/buen estado;True;True;Distrito Zona Prado de Somosaguas - La Finca;Pozuelo de Alarcón;34.78;Piso
7000;ático;202;3;4;Segunda mano/buen estado;True;True;Distrito Somosaguas;Pozuelo de Alarcón;34.65;Piso
8000;piso;238;4;5;Segunda mano/buen estado;True;True;Distrito Zona Prado de Somosaguas - La Finca;Pozuelo de Alarcón;33.61;Piso
3700;piso;238;4;4;Segunda mano/buen estado;True;True;Distrito Zona Prado de Somosaguas - La Finca;Pozuelo de Alarcón;15.55;Piso
35000;casa;1;7;7;Segunda mano/buen estado;True;True;Distrito Zona Prado de Somosaguas - La Finca;Pozuelo de Alarcón;35000.0;other
4995;piso;180;4;3;Segunda mano/buen estado;False;True;Distrito Somosaguas;Pozuelo de Alarcón;27.75;Piso
29000;casa;800;7;7;Segunda mano/buen estado;True;True;Distrito Zona Prado de Somosaguas - La Finca;Pozuelo de Alarcón;36.25;other
1330;piso;79;0;1;Segunda mano/buen estado;True;False;Distrito Zona Pueblo;Pozuelo de Alarcón;16.84;Piso
6000;chalet;480;5;5;Segunda mano/buen estado;True;True;Distrito Zona Prado de Somosaguas - La Finca;Pozuelo de Alarcón;12.5;other
3800;casa;370;5;4;Segunda mano/buen estado;True;True;Distrito Zona norte;Pozuelo de Alarcón;10.27;other
13000;chalet;600;4;5;Segunda mano/buen estado;True;True;Distrito Zona Prado de Somosaguas - La Finca;Pozuelo de Alarcón;21.67;other
6900;casa;600;6;6;Segunda mano/buen estado;True;True;Distrito Zona Prado de Somosaguas - La Finca;Pozuelo de Alarcón;11.5;other
45000;casa;1;7;7;Segunda mano/buen estado;True;True;Distrito Zona Prado de Somosaguas - La Finca;Pozuelo de Alarcón;45000.0;other
1400;piso;90;2;2;Segunda mano/buen estado;False;True;Distrito Zona Prado de Somosaguas - La Finca;Pozuelo de Alarcón;15.56;Piso
825;piso;55;0;1;Segunda mano/buen estado;True;False;Distrito Zona Pueblo;Pozuelo de Alarcón;15.0;Piso
1950;piso;113;2;2;Segunda mano/buen estado;True;True;Distrito Zona Prado de Somosaguas - La Finca;Pozuelo de Alarcón;17.26;Piso
1400;piso;55;0;1;Segunda mano/buen estado;True;True;Distrito Zona Avenida Europa;Pozuelo de Alarcón;25.45;Piso
2800;piso;224;5;3;Segunda mano/buen estado;True;False;Distrito Zona Prado de Somosaguas - La Finca;Pozuelo de Alarcón;12.5;Piso
3200;piso;147;3;3;Segunda mano/buen estado;True;True;Distrito Zona Prado de Somosaguas - La Finca;Pozuelo de Alarcón;21.77;Piso
5500;casa;400;7;6;Segunda mano/buen estado;True;True;Distrito Urbanizaciones;Pozuelo de Alarcón;13.75;other
4500;chalet;352;5;5;Segunda mano/buen estado;True;True;Distrito Somosaguas;Pozuelo de Alarcón;12.78;other
2500;piso;150;3;2;Segunda mano/buen estado;True;True;Distrito Zona Prado de Somosaguas - La Finca;Pozuelo de Alarcón;16.67;Piso
7500;piso;377;3;3;Segunda mano/buen estado;True;True;Distrito Zona Prado de Somosaguas - La Finca;Pozuelo de Alarcón;19.89;Piso
11500;piso;430;6;6;Segunda mano/buen estado;True;True;Distrito Zona Prado de Somosaguas - La Finca;Pozuelo de Alarcón;26.74;Piso
5500;piso;188;4;4;Segunda mano/buen estado;True;True;Distrito Zona Prado de Somosaguas - La Finca;Pozuelo de Alarcón;29.26;Piso
35000;casa;1;7;7;Segunda mano/buen estado;True;True;Distrito Zona Prado de Somosaguas - La Finca;Pozuelo de Alarcón;35000.0;other
4900;chalet;400;6;4;Segunda mano/buen estado;True;True;Distrito Somosaguas;Pozuelo de Alarcón;12.25;other
1400;piso;50;0;1;Segunda mano/buen estado;True;True;Distrito Zona Avenida Europa;Pozuelo de Alarcón;28.0;Piso
4300;chalet;475;5;5;Segunda mano/buen estado;True;True;Distrito Zona Estación;Pozuelo de Alarcón;9.05;other
7700;piso;347;4;5;Segunda mano/buen estado;True;True;Distrito Zona Prado de Somosaguas - La Finca;Pozuelo de Alarcón;22.19;Piso
2400;piso;150;3;3;Segunda mano/buen estado;False;True;Distrito Zona Prado de Somosaguas - La Finca;Pozuelo de Alarcón;16.0;Piso
29000;casa;800;7;8;Segunda mano/buen estado;True;True;Distrito Zona Prado de Somosaguas - La Finca;Pozuelo de Alarcón;36.25;other
6200;ático;188;4;4;Segunda mano/buen estado;True;True;Distrito Zona Prado de Somosaguas - La Finca;Pozuelo de Alarcón;32.98;Piso
4900;chalet;400;6;4;Segunda mano/buen estado;True;True;Distrito Somosaguas;Pozuelo de Alarcón;12.25;other
4500;casa;220;3;4;Segunda mano/buen estado;False;True;Distrito Somosaguas;Pozuelo de Alarcón;20.45;other
12000;dúplex;395;4;6;Segunda mano/buen estado;True;True;Distrito Zona Prado de Somosaguas - La Finca;Pozuelo de Alarcón;30.38;other
1269;estudio;28;0;1;Segunda mano/buen estado;True;True;Distrito Zona Avenida Europa;Pozuelo de Alarcón;45.32;Piso
6200;dúplex;272;4;4;Segunda mano/buen estado;True;True;Distrito Zona Prado de Somosaguas - La Finca;Pozuelo de Alarcón;22.79;other
5600;chalet;513;6;6;Segunda mano/buen estado;True;True;Distrito Somosaguas;Pozuelo de Alarcón;10.92;other
2500;piso;172;3;2;Segunda mano/buen estado;False;True;Distrito Zona Prado de Somosaguas - La Finca;Pozuelo de Alarcón;14.53;Piso
1550;piso;58;0;1;Segunda mano/buen estado;True;True;Distrito Zona Avenida Europa;Pozuelo de Alarcón;26.72;Piso
7000;piso;200;3;3;Segunda mano/buen estado;True;True;Distrito Zona Prado de Somosaguas - La Finca;Pozuelo de Alarcón;35.0;Piso
6500;casa;465;6;6;Segunda mano/buen estado;True;True;Distrito Somosaguas;Pozuelo de Alarcón;13.98;other
2500;piso;143;3;2;Segunda mano/buen estado;True;True;Distrito Somosaguas;Pozuelo de Alarcón;17.48;Piso
4500;casa;220;3;4;Segunda mano/buen estado;True;True;Distrito Somosaguas;Pozuelo de Alarcón;20.45;other
4900;piso;245;4;5;Segunda mano/buen estado;False;True;Distrito Zona Prado de Somosaguas - La Finca;Pozuelo de Alarcón;20.0;Piso
1450;piso;104;0;2;Segunda mano/buen estado;False;False;Distrito Zona Avenida Europa;Pozuelo de Alarcón;13.94;Piso
1600;chalet;62;3;1;Segunda mano/buen estado;False;True;Distrito Zona Pueblo;Pozuelo de Alarcón;25.81;other
2500;piso;100;0;2;Segunda mano/buen estado;False;True;Distrito Zona Prado de Somosaguas - La Finca;Pozuelo de Alarcón;25.0;Piso
4250;chalet;315;6;4;Segunda mano/buen estado;True;True;Distrito Urbanizaciones;Pozuelo de Alarcón;13.49;other
29000;casa;800;7;7;Segunda mano/buen estado;True;True;Distrito Zona Prado de Somosaguas - La Finca;Pozuelo de Alarcón;36.25;other
35000;casa;1;7;7;Segunda mano/buen estado;True;True;Distrito Zona Prado de Somosaguas - La Finca;Pozuelo de Alarcón;35000.0;other
45000;casa;1;7;7;Segunda mano/buen estado;True;True;Distrito Zona Prado de Somosaguas - La Finca;Pozuelo de Alarcón;45000.0;other
4200;casa;180;4;3;Segunda mano/buen estado;False;False;Distrito Urbanizaciones;Pozuelo de Alarcón;23.33;other
3500;casa;435;4;6;Segunda mano/buen estado;False;False;Distrito Urbanizaciones;Pozuelo de Alarcón;8.05;other
35000;casa;1;7;7;Segunda mano/buen estado;True;True;Distrito Zona Prado de Somosaguas - La Finca;Pozuelo de Alarcón;35000.0;other
2300;piso;109;2;2;Segunda mano/buen estado;True;True;Distrito Zona Prado de Somosaguas - La Finca;Pozuelo de Alarcón;21.1;Piso
2700;piso;134;4;3;Segunda mano/buen estado;False;True;Distrito Somosaguas;Pozuelo de Alarcón;20.15;Piso
3500;piso;231;3;3;Segunda mano/buen estado;True;True;Distrito Zona Prado de Somosaguas - La Finca;Pozuelo de Alarcón;15.15;Piso
4995;piso;180;4;3;Segunda mano/buen estado;True;True;Distrito Somosaguas;Pozuelo de Alarcón;27.75;Piso
2500;ático;100;3;2;Segunda mano/buen estado;True;True;Distrito Zona Estación;Pozuelo de Alarcón;25.0;Piso
8500;chalet;590;5;4;Segunda mano/buen estado;True;True;Distrito Zona Prado de Somosaguas - La Finca;Pozuelo de Alarcón;14.41;other
6850;ático;296;4;3;Segunda mano/buen estado;True;True;Distrito Zona Prado de Somosaguas - La Finca;Pozuelo de Alarcón;23.14;Piso
13650;casa;728;5;7;Segunda mano/buen estado;True;True;Distrito Somosaguas;Pozuelo de Alarcón;18.75;other
4300;chalet;475;5;5;Segunda mano/buen estado;True;True;Distrito Zona Estación;Pozuelo de Alarcón;9.05;other
2500;chalet;174;3;3;Segunda mano/buen estado;False;False;Distrito Zona norte;Pozuelo de Alarcón;14.37;other
12000;piso;517;5;5;Segunda mano/buen estado;False;True;Distrito Zona Prado de Somosaguas - La Finca;Pozuelo de Alarcón;23.21;Piso
4300;dúplex;180;2;2;Segunda mano/buen estado;True;True;Distrito Zona Prado de Somosaguas - La Finca;Pozuelo de Alarcón;23.89;other
2000;piso;135;3;2;Segunda mano/buen estado;True;True;Distrito Zona Prado de Somosaguas - La Finca;Pozuelo de Alarcón;14.81;Piso
1700;dúplex;107;2;2;Segunda mano/buen estado;True;True;Distrito Zona Avenida Europa;Pozuelo de Alarcón;15.89;other
12000;ático;596;5;7;Segunda mano/buen estado;True;True;Distrito Zona Prado de Somosaguas - La Finca;Pozuelo de Alarcón;20.13;Piso
2500;piso;100;0;2;Segunda mano/buen estado;True;True;Distrito Zona Prado de Somosaguas - La Finca;Pozuelo de Alarcón;25.0;Piso
6500;piso;190;4;5;Segunda mano/buen estado;True;True;Distrito Zona Prado de Somosaguas - La Finca;Pozuelo de Alarcón;34.21;Piso
4500;piso;169;4;3;Segunda mano/buen estado;True;True;Distrito Zona Prado de Somosaguas - La Finca;Pozuelo de Alarcón;26.63;Piso
12000;dúplex;335;5;7;Segunda mano/buen estado;True;True;Distrito Zona Prado de Somosaguas - La Finca;Pozuelo de Alarcón;35.82;other
9500;piso;312;4;5;Segunda mano/buen estado;True;True;Distrito Zona Prado de Somosaguas - La Finca;Pozuelo de Alarcón;30.45;Piso
5900;piso;305;4;4;Segunda mano/buen estado;True;True;Distrito Zona Prado de Somosaguas - La Finca;Pozuelo de Alarcón;19.34;Piso
3100;piso;85;0;2;Segunda mano/buen estado;True;False;Distrito Zona Prado de Somosaguas - La Finca;Pozuelo de Alarcón;36.47;Piso
7500;piso;235;4;5;Segunda mano/buen estado;True;True;Distrito Zona Prado de Somosaguas - La Finca;Pozuelo de Alarcón;31.91;Piso
10200;piso;350;5;6;Segunda mano/buen estado;True;True;Distrito Zona Prado de Somosaguas - La Finca;Pozuelo de Alarcón;29.14;Piso
4900;chalet;400;6;4;Segunda mano/buen estado;True;True;Distrito Somosaguas;Pozuelo de Alarcón;12.25;other
1200;piso;35;0;1;Segunda mano/buen estado;True;False;Distrito Urbanizaciones;Pozuelo de Alarcón;34.29;Piso
1200;piso;60;0;1;Segunda mano/buen estado;True;False;Distrito Zona Avenida Europa;Pozuelo de Alarcón;20.0;Piso
3800;chalet;347;5;5;Segunda mano/buen estado;True;True;Distrito Somosaguas;Pozuelo de Alarcón;10.95;other
1000;estudio;41;0;1;Segunda mano/buen estado;True;True;Distrito Zona Estación;Pozuelo de Alarcón;24.39;Piso
2500;chalet;250;3;3;Segunda mano/buen estado;False;True;Distrito Somosaguas;Pozuelo de Alarcón;10.0;other
1300;piso;82;3;1;Segunda mano/buen estado;False;False;Distrito Zona Pueblo;Pozuelo de Alarcón;15.85;Piso
2100;piso;199;3;2;Segunda mano/buen estado;True;True;Distrito Somosaguas;Pozuelo de Alarcón;10.55;Piso
1385;piso;95;0;1;Segunda mano/buen estado;True;True;Distrito Zona Pueblo;Pozuelo de Alarcón;14.58;Piso
2400;piso;155;3;3;Segunda mano/buen estado;True;True;Distrito Zona Prado de Somosaguas - La Finca;Pozuelo de Alarcón;15.48;Piso
2000;piso;135;3;2;Segunda mano/buen estado;True;True;Distrito Zona Prado de Somosaguas - La Finca;Pozuelo de Alarcón;14.81;Piso
2700;piso;180;4;2;Segunda mano/buen estado;True;True;Distrito Zona Avenida Europa;Pozuelo de Alarcón;15.0;Piso
1150;piso;50;0;1;Segunda mano/buen estado;True;False;Distrito Zona Pueblo;Pozuelo de Alarcón;23.0;Piso
2300;casa;200;4;1;Segunda mano/para reformar;False;False;Distrito Zona Pueblo;Pozuelo de Alarcón;11.5;other
4300;dúplex;180;2;3;Segunda mano/buen estado;True;True;Distrito Zona Prado de Somosaguas - La Finca;Pozuelo de Alarcón;23.89;other
1400;piso;65;0;1;Segunda mano/buen estado;True;True;Distrito Zona Avenida Europa;Pozuelo de Alarcón;21.54;Piso
1850;piso;130;2;2;Segunda mano/buen estado;True;True;Distrito Somosaguas;Pozuelo de Alarcón;14.23;Piso
1500;piso;83;2;2;Segunda mano/buen estado;True;False;Distrito Zona Avenida Europa;Pozuelo de Alarcón;18.07;Piso
1850;piso;96;2;2;Segunda mano/buen estado;True;True;Distrito Zona Avenida Europa;Pozuelo de Alarcón;19.27;Piso
2400;piso;150;3;3;Segunda mano/buen estado;False;False;Distrito Zona Prado de Somosaguas - La Finca;Pozuelo de Alarcón;16.0;Piso
1450;ático;100;0;2;Segunda mano/buen estado;True;True;Distrito Zona Avenida Europa;Pozuelo de Alarcón;14.5;Piso
2300;piso;140;3;2;Segunda mano/buen estado;True;False;Distrito Somosaguas;Pozuelo de Alarcón;16.43;Piso
1600;chalet;120;2;2;Segunda mano/buen estado;False;False;Distrito Zona norte;Pozuelo de Alarcón;13.33;other
1600;chalet;74;3;1;Segunda mano/buen estado;True;True;Distrito Zona Pueblo;Pozuelo de Alarcón;21.62;other
2700;ático;161;4;2;Segunda mano/buen estado;True;True;Distrito Zona Avenida Europa;Pozuelo de Alarcón;16.77;Piso
950;estudio;45;0;1;Segunda mano/buen estado;False;False;Distrito Zona Pueblo;Pozuelo de Alarcón;21.11;Piso
2500;piso;138;3;2;Segunda mano/buen estado;True;True;Distrito Zona norte;Pozuelo de Alarcón;18.12;Piso
2000;piso;129;3;2;Segunda mano/buen estado;True;True;Distrito Retiro;Madrid capital, Madrid;15.5;Piso
1600;piso;80;2;2;Segunda mano/buen estado;True;True;Distrito Retiro;Madrid capital, Madrid;20.0;Piso
2000;piso;103;3;2;Segunda mano/buen estado;True;True;Distrito Retiro;Madrid capital, Madrid;19.42;Piso
3400;piso;120;3;2;Segunda mano/buen estado;True;True;Distrito Retiro;Madrid capital, Madrid;28.33;Piso
1600;piso;80;2;1;Segunda mano/buen estado;False;True;Distrito Retiro;Madrid capital, Madrid;20.0;Piso
1500;piso;70;2;1;Segunda mano/buen estado;True;False;Distrito Retiro;Madrid capital, Madrid;21.43;Piso
950;piso;40;0;1;Segunda mano/buen estado;True;True;Distrito Retiro;Madrid capital, Madrid;23.75;Piso
1450;dúplex;71;0;2;Segunda mano/buen estado;True;True;Distrito Retiro;Madrid capital, Madrid;20.42;other
1300;piso;52;0;1;Segunda mano/buen estado;True;True;Distrito Retiro;Madrid capital, Madrid;25.0;Piso
1900;piso;96;2;2;Segunda mano/buen estado;True;True;Distrito Retiro;Madrid capital, Madrid;19.79;Piso
2300;piso;90;3;1;Segunda mano/buen estado;True;True;Distrito Retiro;Madrid capital, Madrid;25.56;Piso
2700;dúplex;110;3;2;Segunda mano/buen estado;True;True;Distrito Retiro;Madrid capital, Madrid;24.55;other
1100;piso;44;2;1;Segunda mano/buen estado;False;False;Distrito Retiro;Madrid capital, Madrid;25.0;Piso
2200;piso;66;2;2;Segunda mano/buen estado;True;True;Distrito Retiro;Madrid capital, Madrid;33.33;Piso
1550;piso;40;2;1;Segunda mano/buen estado;True;False;Distrito Retiro;Madrid capital, Madrid;38.75;Piso
1250;piso;40;0;1;Segunda mano/buen estado;False;False;Distrito Retiro;Madrid capital, Madrid;31.25;Piso
2200;piso;55;2;1;Segunda mano/buen estado;True;False;Distrito Retiro;Madrid capital, Madrid;40.0;Piso
3340;piso;96;3;4;Segunda mano/buen estado;False;True;Distrito Retiro;Madrid capital, Madrid;34.79;Piso
1850;ático;90;0;1;Segunda mano/buen estado;True;True;Distrito Retiro;Madrid capital, Madrid;20.56;Piso
1750;piso;50;0;1;Segunda mano/buen estado;True;True;Distrito Retiro;Madrid capital, Madrid;35.0;Piso
1100;piso;40;0;1;Segunda mano/buen estado;True;True;Distrito Retiro;Madrid capital, Madrid;27.5;Piso
3000;piso;117;2;2;Segunda mano/buen estado;True;True;Distrito Retiro;Madrid capital, Madrid;25.64;Piso
1900;piso;90;3;2;Segunda mano/buen estado;True;True;Distrito Retiro;Madrid capital, Madrid;21.11;Piso
18500;piso;264;4;5;Segunda mano/buen estado;True;True;Distrito Retiro;Madrid capital, Madrid;70.08;Piso
1850;piso;70;2;1;Segunda mano/buen estado;True;True;Distrito Retiro;Madrid capital, Madrid;26.43;Piso
2900;piso;81;0;2;Segunda mano/buen estado;True;True;Distrito Retiro;Madrid capital, Madrid;35.8;Piso
1250;piso;70;2;1;Segunda mano/buen estado;False;False;Distrito Retiro;Madrid capital, Madrid;17.86;Piso
2550;piso;61;2;2;Segunda mano/buen estado;True;True;Distrito Retiro;Madrid capital, Madrid;41.8;Piso
2000;ático;82;2;2;Segunda mano/buen estado;True;True;Distrito Retiro;Madrid capital, Madrid;24.39;Piso
1700;dúplex;55;0;1;Segunda mano/buen estado;True;True;Distrito Retiro;Madrid capital, Madrid;30.91;other
1400;piso;50;2;1;Segunda mano/buen estado;False;False;Distrito Retiro;Madrid capital, Madrid;28.0;Piso
2000;piso;75;2;1;Segunda mano/buen estado;True;True;Distrito Retiro;Madrid capital, Madrid;26.67;Piso
3900;piso;147;4;2;Segunda mano/buen estado;True;True;Distrito Retiro;Madrid capital, Madrid;26.53;Piso
2500;piso;115;3;2;Segunda mano/buen estado;True;True;Distrito Retiro;Madrid capital, Madrid;21.74;Piso
1900;piso;123;4;2;Segunda mano/buen estado;True;False;Distrito Retiro;Madrid capital, Madrid;15.45;Piso
1600;piso;56;0;1;Segunda mano/buen estado;True;True;Distrito Retiro;Madrid capital, Madrid;28.57;Piso
1400;piso;45;2;1;Segunda mano/buen estado;False;False;Distrito Retiro;Madrid capital, Madrid;31.11;Piso
2240;piso;57;0;1;Segunda mano/buen estado;False;True;Distrito Retiro;Madrid capital, Madrid;39.3;Piso
1500;piso;66;2;1;Segunda mano/buen estado;True;True;Distrito Retiro;Madrid capital, Madrid;22.73;Piso
2800;piso;112;3;2;Segunda mano/buen estado;True;False;Distrito Retiro;Madrid capital, Madrid;25.0;Piso
1350;piso;70;2;2;Segunda mano/buen estado;True;True;Distrito Retiro;Madrid capital, Madrid;19.29;Piso
1250;piso;50;2;1;Segunda mano/buen estado;True;False;Distrito Retiro;Madrid capital, Madrid;25.0;Piso
1490;piso;52;2;1;Segunda mano/buen estado;True;True;Distrito Retiro;Madrid capital, Madrid;28.65;Piso
6500;piso;190;2;2;Segunda mano/buen estado;True;True;Distrito Retiro;Madrid capital, Madrid;34.21;Piso
1700;piso;98;3;2;Segunda mano/buen estado;False;False;Distrito Retiro;Madrid capital, Madrid;17.35;Piso
2850;piso;91;3;2;Segunda mano/buen estado;True;True;Distrito Retiro;Madrid capital, Madrid;31.32;Piso
820;piso;26;0;1;Segunda mano/buen estado;True;True;Distrito Retiro;Madrid capital, Madrid;31.54;Piso
2200;piso;80;2;2;Segunda mano/buen estado;True;True;Distrito Retiro;Madrid capital, Madrid;27.5;Piso
1850;ático;40;0;1;Segunda mano/buen estado;False;True;Distrito Retiro;Madrid capital, Madrid;46.25;Piso
3040;piso;75;3;1;Segunda mano/buen estado;True;True;Distrito Retiro;Madrid capital, Madrid;40.53;Piso
2650;piso;78;2;2;Segunda mano/buen estado;True;True;Distrito Retiro;Madrid capital, Madrid;33.97;Piso
2455;piso;76;3;1;Segunda mano/buen estado;True;True;Distrito Retiro;Madrid capital, Madrid;32.3;Piso
1650;estudio;53;0;1;Segunda mano/buen estado;True;True;Distrito Retiro;Madrid capital, Madrid;31.13;Piso
3700;piso;120;2;2;Segunda mano/buen estado;False;True;Distrito Retiro;Madrid capital, Madrid;30.83;Piso
2200;piso;100;3;2;Segunda mano/buen estado;False;False;Distrito Retiro;Madrid capital, Madrid;22.0;Piso
1700;ático;66;2;1;Segunda mano/buen estado;True;True;Distrito Retiro;Madrid capital, Madrid;25.76;Piso
1900;piso;101;3;2;Segunda mano/buen estado;True;True;Distrito Retiro;Madrid capital, Madrid;18.81;Piso
2700;piso;92;2;2;Segunda mano/buen estado;True;False;Distrito Retiro;Madrid capital, Madrid;29.35;Piso
3300;piso;122;3;2;Segunda mano/buen estado;True;True;Distrito Retiro;Madrid capital, Madrid;27.05;Piso
1850;dúplex;65;0;1;Segunda mano/buen estado;True;True;Distrito Retiro;Madrid capital, Madrid;28.46;other
2300;piso;110;3;2;Segunda mano/buen estado;True;False;Distrito Retiro;Madrid capital, Madrid;20.91;Piso
3350;piso;100;3;2;Segunda mano/buen estado;True;True;Distrito Retiro;Madrid capital, Madrid;33.5;Piso
1550;piso;40;2;1;Segunda mano/buen estado;True;False;Distrito Retiro;Madrid capital, Madrid;38.75;Piso
1200;piso;40;2;1;Segunda mano/buen estado;False;True;Distrito Retiro;Madrid capital, Madrid;30.0;Piso
1300;piso;47;0;1;Segunda mano/buen estado;False;False;Distrito Retiro;Madrid capital, Madrid;27.66;Piso
3600;piso;125;3;2;Segunda mano/buen estado;True;True;Distrito Retiro;Madrid capital, Madrid;28.8;Piso
2200;piso;92;3;2;Segunda mano/buen estado;True;False;Distrito Retiro;Madrid capital, Madrid;23.91;Piso
1950;piso;85;2;1;Segunda mano/buen estado;True;True;Distrito Retiro;Madrid capital, Madrid;22.94;Piso
1400;piso;45;0;1;Segunda mano/buen estado;True;True;Distrito Retiro;Madrid capital, Madrid;31.11;Piso
2050;piso;90;2;2;Segunda mano/buen estado;True;True;Distrito Retiro;Madrid capital, Madrid;22.78;Piso
1450;piso;50;0;1;Segunda mano/buen estado;True;True;Distrito Retiro;Madrid capital, Madrid;29.0;Piso
3400;piso;100;3;2;Segunda mano/buen estado;True;True;Distrito Retiro;Madrid capital, Madrid;34.0;Piso
2000;piso;80;2;2;Segunda mano/buen estado;True;True;Distrito Retiro;Madrid capital, Madrid;25.0;Piso
1000;piso;50;0;1;Segunda mano/buen estado;True;True;Distrito Retiro;Madrid capital, Madrid;20.0;Piso
2650;piso;128;3;2;Segunda mano/buen estado;False;True;Distrito Retiro;Madrid capital, Madrid;20.7;Piso
1750;estudio;60;0;1;Segunda mano/buen estado;True;True;Distrito Retiro;Madrid capital, Madrid;29.17;Piso
4900;piso;118;3;4;Segunda mano/buen estado;True;True;Distrito Retiro;Madrid capital, Madrid;41.53;Piso
6500;piso;151;3;2;Segunda mano/buen estado;True;True;Distrito Retiro;Madrid capital, Madrid;43.05;Piso
1700;piso;100;3;2;Segunda mano/buen estado;True;True;Distrito Retiro;Madrid capital, Madrid;17.0;Piso
2195;piso;54;0;1;Segunda mano/buen estado;True;True;Distrito Retiro;Madrid capital, Madrid;40.65;Piso
1600;piso;82;2;2;Segunda mano/buen estado;True;False;Distrito Retiro;Madrid capital, Madrid;19.51;Piso
2500;piso;140;4;2;Segunda mano/buen estado;False;False;Distrito Retiro;Madrid capital, Madrid;17.86;Piso
1650;piso;65;2;1;Segunda mano/buen estado;True;True;Distrito Retiro;Madrid capital, Madrid;25.38;Piso
1950;piso;114;3;2;Segunda mano/buen estado;True;False;Distrito Retiro;Madrid capital, Madrid;17.11;Piso
1400;piso;50;0;1;Segunda mano/buen estado;True;True;Distrito Retiro;Madrid capital, Madrid;28.0;Piso
2050;piso;70;2;1;Segunda mano/buen estado;True;True;Distrito Retiro;Madrid capital, Madrid;29.29;Piso
2400;piso;100;3;2;Segunda mano/buen estado;True;True;Distrito Retiro;Madrid capital, Madrid;24.0;Piso
1300;piso;60;0;1;Segunda mano/buen estado;True;True;Distrito Retiro;Madrid capital, Madrid;21.67;Piso
1720;piso;78;3;1;Segunda mano/buen estado;True;False;Distrito Retiro;Madrid capital, Madrid;22.05;Piso
9500;piso;322;4;5;Segunda mano/buen estado;True;True;Distrito Retiro;Madrid capital, Madrid;29.5;Piso
3700;piso;110;2;2;Segunda mano/buen estado;True;True;Distrito Retiro;Madrid capital, Madrid;33.64;Piso
4225;piso;100;2;1;Segunda mano/buen estado;True;True;Distrito Retiro;Madrid capital, Madrid;42.25;Piso
2110;piso;73;2;1;Segunda mano/buen estado;True;True;Distrito Retiro;Madrid capital, Madrid;28.9;Piso
2100;piso;111;3;2;Segunda mano/buen estado;True;True;Distrito Retiro;Madrid capital, Madrid;18.92;Piso
2339;piso;43;0;1;Segunda mano/buen estado;True;True;Distrito Retiro;Madrid capital, Madrid;54.4;Piso
4950;piso;140;3;3;Segunda mano/buen estado;True;True;Distrito Retiro;Madrid capital, Madrid;35.36;Piso
9500;piso;300;4;5;Segunda mano/buen estado;True;True;Distrito Retiro;Madrid capital, Madrid;31.67;Piso
2900;piso;140;2;3;Segunda mano/buen estado;True;True;Distrito Retiro;Madrid capital, Madrid;20.71;Piso
2565;piso;40;0;1;Segunda mano/buen estado;True;True;Distrito Retiro;Madrid capital, Madrid;64.12;Piso
11300;piso;262;5;4;Segunda mano/buen estado;False;True;Distrito Retiro;Madrid capital, Madrid;43.13;Piso
2015;piso;50;0;1;Segunda mano/buen estado;True;True;Distrito Retiro;Madrid capital, Madrid;40.3;Piso
2800;piso;106;3;2;Segunda mano/buen estado;True;True;Distrito Retiro;Madrid capital, Madrid;26.42;Piso
1100;piso;36;0;1;Segunda mano/buen estado;True;False;Distrito Retiro;Madrid capital, Madrid;30.56;Piso
1600;piso;51;2;1;Segunda mano/buen estado;False;False;Distrito Retiro;Madrid capital, Madrid;31.37;Piso
3500;piso;112;3;2;Segunda mano/buen estado;False;True;Distrito Retiro;Madrid capital, Madrid;31.25;Piso
1700;piso;106;3;1;Segunda mano/buen estado;True;False;Distrito Retiro;Madrid capital, Madrid;16.04;Piso
3200;piso;103;3;2;Segunda mano/buen estado;False;True;Distrito Retiro;Madrid capital, Madrid;31.07;Piso
3500;piso;131;2;2;Segunda mano/buen estado;True;True;Distrito Retiro;Madrid capital, Madrid;26.72;Piso
8500;piso;152;3;4;Segunda mano/buen estado;True;True;Distrito Retiro;Madrid capital, Madrid;55.92;Piso
2200;piso;103;2;2;Segunda mano/buen estado;False;False;Distrito Retiro;Madrid capital, Madrid;21.36;Piso
3900;piso;147;4;3;Segunda mano/buen estado;True;True;Distrito Retiro;Madrid capital, Madrid;26.53;Piso
1495;piso;60;2;2;Segunda mano/buen estado;True;True;Distrito Retiro;Madrid capital, Madrid;24.92;Piso
14160;piso;336;4;4;Segunda mano/buen estado;True;True;Distrito Retiro;Madrid capital, Madrid;42.14;Piso
2600;piso;160;3;2;Segunda mano/buen estado;False;True;Distrito Retiro;Madrid capital, Madrid;16.25;Piso
2450;piso;106;3;2;Segunda mano/buen estado;True;True;Distrito Retiro;Madrid capital, Madrid;23.11;Piso
1400;piso;114;3;2;Segunda mano/buen estado;False;True;Distrito Retiro;Madrid capital, Madrid;12.28;Piso
2400;piso;102;3;2;Segunda mano/buen estado;False;True;Distrito Retiro;Madrid capital, Madrid;23.53;Piso
4000;piso;170;3;2;Segunda mano/buen estado;True;True;Distrito Retiro;Madrid capital, Madrid;23.53;Piso
14160;piso;336;3;5;Segunda mano/buen estado;True;True;Distrito Retiro;Madrid capital, Madrid;42.14;Piso
2550;piso;65;2;2;Segunda mano/buen estado;False;True;Distrito Retiro;Madrid capital, Madrid;39.23;Piso
1200;piso;44;0;1;Segunda mano/buen estado;False;False;Distrito Retiro;Madrid capital, Madrid;27.27;Piso
1200;piso;45;2;1;Segunda mano/buen estado;False;False;Distrito Retiro;Madrid capital, Madrid;26.67;Piso
3700;piso;105;2;2;Segunda mano/buen estado;False;True;Distrito Retiro;Madrid capital, Madrid;35.24;Piso
1650;piso;85;3;1;Segunda mano/buen estado;True;False;Distrito Retiro;Madrid capital, Madrid;19.41;Piso
2300;piso;95;2;1;Segunda mano/buen estado;False;True;Distrito Retiro;Madrid capital, Madrid;24.21;Piso
2174;piso;40;0;1;Segunda mano/buen estado;True;True;Distrito Retiro;Madrid capital, Madrid;54.35;Piso
3700;piso;105;2;2;Segunda mano/buen estado;True;True;Distrito Retiro;Madrid capital, Madrid;35.24;Piso
2500;ático;135;2;2;Segunda mano/buen estado;True;True;Distrito Retiro;Madrid capital, Madrid;18.52;Piso
7500;piso;261;4;3;Segunda mano/buen estado;False;True;Distrito Retiro;Madrid capital, Madrid;28.74;Piso
3100;piso;106;3;2;Segunda mano/buen estado;False;True;Distrito Retiro;Madrid capital, Madrid;29.25;Piso
2900;piso;137;2;1;Segunda mano/buen estado;True;True;Distrito Retiro;Madrid capital, Madrid;21.17;Piso
1900;piso;66;2;1;Segunda mano/buen estado;False;False;Distrito Retiro;Madrid capital, Madrid;28.79;Piso
2200;piso;45;2;2;Segunda mano/buen estado;True;True;Distrito Retiro;Madrid capital, Madrid;48.89;Piso
1950;piso;73;2;2;Segunda mano/buen estado;True;True;Distrito Retiro;Madrid capital, Madrid;26.71;Piso
1500;piso;52;0;1;Segunda mano/buen estado;True;True;Distrito Retiro;Madrid capital, Madrid;28.85;Piso
3400;piso;90;2;2;Segunda mano/buen estado;True;True;Distrito Retiro;Madrid capital, Madrid;37.78;Piso
1490;piso;52;2;1;Segunda mano/buen estado;True;False;Distrito Retiro;Madrid capital, Madrid;28.65;Piso
2200;piso;66;2;2;Segunda mano/buen estado;True;True;Distrito Retiro;Madrid capital, Madrid;33.33;Piso
2400;piso;109;3;2;Segunda mano/buen estado;False;True;Distrito Retiro;Madrid capital, Madrid;22.02;Piso
7000;piso;266;4;4;Segunda mano/buen estado;False;False;Distrito Retiro;Madrid capital, Madrid;26.32;Piso
2000;piso;85;2;1;Segunda mano/buen estado;True;True;Distrito Retiro;Madrid capital, Madrid;23.53;Piso
1600;piso;56;0;1;Segunda mano/buen estado;True;True;Distrito Retiro;Madrid capital, Madrid;28.57;Piso
2200;piso;99;2;2;Segunda mano/buen estado;True;True;Distrito Retiro;Madrid capital, Madrid;22.22;Piso
2300;piso;96;3;1;Segunda mano/buen estado;False;True;Distrito Retiro;Madrid capital, Madrid;23.96;Piso
1600;piso;50;0;2;Segunda mano/buen estado;False;False;Distrito Retiro;Madrid capital, Madrid;32.0;Piso
3200;piso;103;3;2;Segunda mano/buen estado;False;False;Distrito Retiro;Madrid capital, Madrid;31.07;Piso
4000;piso;200;3;2;Segunda mano/buen estado;True;True;Distrito Retiro;Madrid capital, Madrid;20.0;Piso
1600;piso;55;0;1;Segunda mano/buen estado;True;True;Distrito Retiro;Madrid capital, Madrid;29.09;Piso
4000;piso;200;3;2;Segunda mano/buen estado;True;True;Distrito Retiro;Madrid capital, Madrid;20.0;Piso
2850;piso;94;3;2;Segunda mano/buen estado;True;True;Distrito Retiro;Madrid capital, Madrid;30.32;Piso
2430;piso;39;0;1;Segunda mano/buen estado;True;True;Distrito Retiro;Madrid capital, Madrid;62.31;Piso
2339;piso;38;0;1;Segunda mano/buen estado;True;True;Distrito Retiro;Madrid capital, Madrid;61.55;Piso
3150;piso;88;2;2;Segunda mano/buen estado;True;True;Distrito Retiro;Madrid capital, Madrid;35.8;Piso
1400;piso;80;2;1;Segunda mano/buen estado;True;False;Distrito Retiro;Madrid capital, Madrid;17.5;Piso
1200;piso;40;0;1;Segunda mano/buen estado;False;False;Distrito Retiro;Madrid capital, Madrid;30.0;Piso
1900;piso;150;2;2;Segunda mano/buen estado;True;True;Distrito Retiro;Madrid capital, Madrid;12.67;Piso
1600;piso;55;0;1;Segunda mano/buen estado;True;True;Distrito Retiro;Madrid capital, Madrid;29.09;Piso
1900;piso;87;2;2;Segunda mano/buen estado;False;True;Distrito Retiro;Madrid capital, Madrid;21.84;Piso
1500;piso;42;2;1;Segunda mano/buen estado;True;True;Distrito Retiro;Madrid capital, Madrid;35.71;Piso
3300;piso;152;4;3;Segunda mano/buen estado;True;True;Distrito Retiro;Madrid capital, Madrid;21.71;Piso
9500;piso;322;4;5;Segunda mano/buen estado;True;True;Distrito Retiro;Madrid capital, Madrid;29.5;Piso
2810;piso;90;2;2;Segunda mano/buen estado;True;True;Distrito Retiro;Madrid capital, Madrid;31.22;Piso
3890;piso;140;3;3;Segunda mano/buen estado;True;True;Distrito Retiro;Madrid capital, Madrid;27.79;Piso
3515;piso;80;2;1;Segunda mano/buen estado;True;True;Distrito Retiro;Madrid capital, Madrid;43.94;Piso
4515;piso;118;4;3;Segunda mano/buen estado;False;True;Distrito Retiro;Madrid capital, Madrid;38.26;Piso
3290;piso;80;3;2;Segunda mano/buen estado;True;True;Distrito Retiro;Madrid capital, Madrid;41.12;Piso
4130;piso;96;3;2;Segunda mano/buen estado;True;True;Distrito Retiro;Madrid capital, Madrid;43.02;Piso
2895;piso;67;2;2;Segunda mano/buen estado;True;True;Distrito Retiro;Madrid capital, Madrid;43.21;Piso
1290;piso;48;2;1;Segunda mano/buen estado;True;False;Distrito Retiro;Madrid capital, Madrid;26.88;Piso
2310;piso;65;3;1;Segunda mano/buen estado;True;True;Distrito Retiro;Madrid capital, Madrid;35.54;Piso
3935;piso;115;3;2;Segunda mano/buen estado;True;True;Distrito Retiro;Madrid capital, Madrid;34.22;Piso
2650;piso;85;2;2;Segunda mano/buen estado;True;True;Distrito Retiro;Madrid capital, Madrid;31.18;Piso
2245;piso;67;2;1;Segunda mano/buen estado;True;True;Distrito Retiro;Madrid capital, Madrid;33.51;Piso
3595;piso;76;2;1;Segunda mano/buen estado;True;True;Distrito Retiro;Madrid capital, Madrid;47.3;Piso
4355;piso;145;4;3;Segunda mano/buen estado;True;True;Distrito Retiro;Madrid capital, Madrid;30.03;Piso
2400;piso;100;3;2;Segunda mano/buen estado;True;False;Distrito Retiro;Madrid capital, Madrid;24.0;Piso
2400;piso;97;3;2;Segunda mano/buen estado;True;True;Distrito Retiro;Madrid capital, Madrid;24.74;Piso
3000;piso;131;2;2;Segunda mano/buen estado;True;True;Distrito Retiro;Madrid capital, Madrid;22.9;Piso
14160;piso;233;4;4;Segunda mano/buen estado;False;True;Distrito Retiro;Madrid capital, Madrid;60.77;Piso
1595;piso;70;3;2;Segunda mano/buen estado;False;True;Distrito Retiro;Madrid capital, Madrid;22.79;Piso
3300;piso;120;3;2;Segunda mano/buen estado;False;False;Distrito Retiro;Madrid capital, Madrid;27.5;Piso
5800;ático;114;2;2;Segunda mano/buen estado;True;True;Distrito Retiro;Madrid capital, Madrid;50.88;Piso
2000;piso;110;3;2;Segunda mano/buen estado;False;False;Distrito Retiro;Madrid capital, Madrid;18.18;Piso
1600;piso;58;2;1;Segunda mano/buen estado;False;False;Distrito Retiro;Madrid capital, Madrid;27.59;Piso
890;estudio;20;0;1;Segunda mano/buen estado;True;True;Distrito Retiro;Madrid capital, Madrid;44.5;Piso
2000;piso;58;0;1;Segunda mano/buen estado;True;True;Distrito Retiro;Madrid capital, Madrid;34.48;Piso
2000;piso;80;2;1;Segunda mano/buen estado;True;True;Distrito Retiro;Madrid capital, Madrid;25.0;Piso
6500;piso;200;2;3;Segunda mano/buen estado;True;True;Distrito Retiro;Madrid capital, Madrid;32.5;Piso
14000;dúplex;220;2;2;Segunda mano/buen estado;True;True;Distrito Retiro;Madrid capital, Madrid;63.64;other
1600;estudio;70;0;1;Segunda mano/buen estado;True;True;Distrito Retiro;Madrid capital, Madrid;22.86;Piso
2995;piso;90;2;2;Segunda mano/buen estado;False;True;Distrito Retiro;Madrid capital, Madrid;33.28;Piso
4000;piso;175;3;2;Segunda mano/buen estado;False;True;Distrito Retiro;Madrid capital, Madrid;22.86;Piso
2500;piso;141;4;2;Segunda mano/buen estado;True;True;Distrito Retiro;Madrid capital, Madrid;17.73;Piso
1650;piso;72;3;1;Segunda mano/buen estado;True;False;Distrito Retiro;Madrid capital, Madrid;22.92;Piso
4995;piso;110;3;3;Segunda mano/buen estado;True;True;Distrito Retiro;Madrid capital, Madrid;45.41;Piso
1400;piso;103;2;2;Segunda mano/buen estado;True;False;Distrito Retiro;Madrid capital, Madrid;13.59;Piso
2700;piso;60;3;1;Segunda mano/buen estado;True;True;Distrito Retiro;Madrid capital, Madrid;45.0;Piso
3050;piso;105;3;2;Segunda mano/buen estado;True;True;Distrito Retiro;Madrid capital, Madrid;29.05;Piso
1300;piso;45;2;1;Segunda mano/buen estado;False;False;Distrito Retiro;Madrid capital, Madrid;28.89;Piso
1830;piso;66;2;2;Segunda mano/buen estado;False;True;Distrito Retiro;Madrid capital, Madrid;27.73;Piso
2280;piso;71;2;2;Segunda mano/buen estado;False;True;Distrito Retiro;Madrid capital, Madrid;32.11;Piso
2140;piso;79;2;2;Segunda mano/buen estado;False;True;Distrito Retiro;Madrid capital, Madrid;27.09;Piso
2900;piso;130;4;2;Segunda mano/buen estado;True;True;Distrito Retiro;Madrid capital, Madrid;22.31;Piso
3120;piso;121;3;2;Segunda mano/buen estado;False;True;Distrito Retiro;Madrid capital, Madrid;25.79;Piso
2150;piso;106;3;2;Segunda mano/buen estado;False;True;Distrito Retiro;Madrid capital, Madrid;20.28;Piso
2180;piso;75;2;2;Segunda mano/buen estado;False;True;Distrito Retiro;Madrid capital, Madrid;29.07;Piso
1500;piso;65;0;1;Segunda mano/buen estado;True;True;Distrito Retiro;Madrid capital, Madrid;23.08;Piso
1500;piso;65;0;1;Segunda mano/buen estado;True;True;Distrito Retiro;Madrid capital, Madrid;23.08;Piso
2295;piso;38;0;1;Segunda mano/buen estado;True;True;Distrito Retiro;Madrid capital, Madrid;60.39;Piso
2385;piso;87;2;1;Segunda mano/buen estado;True;True;Distrito Retiro;Madrid capital, Madrid;27.41;Piso
1250;piso;45;0;1;Segunda mano/buen estado;False;True;Distrito Retiro;Madrid capital, Madrid;27.78;Piso
1800;piso;66;2;1;Segunda mano/buen estado;False;False;Distrito Retiro;Madrid capital, Madrid;27.27;Piso
1500;piso;70;3;1;Segunda mano/buen estado;False;False;Distrito Retiro;Madrid capital, Madrid;21.43;Piso
1495;piso;70;3;1;Segunda mano/buen estado;False;False;Distrito Retiro;Madrid capital, Madrid;21.36;Piso
900;estudio;30;0;1;Segunda mano/buen estado;True;True;Distrito Retiro;Madrid capital, Madrid;30.0;Piso
1700;piso;85;4;1;Segunda mano/buen estado;True;False;Distrito Retiro;Madrid capital, Madrid;20.0;Piso
2200;piso;60;2;1;Segunda mano/buen estado;True;True;Distrito Retiro;Madrid capital, Madrid;36.67;Piso
2650;piso;104;2;2;Segunda mano/buen estado;True;True;Distrito Retiro;Madrid capital, Madrid;25.48;Piso
5500;piso;125;2;3;Segunda mano/buen estado;True;True;Distrito Retiro;Madrid capital, Madrid;44.0;Piso
2100;piso;154;3;2;Segunda mano/buen estado;True;False;Distrito Retiro;Madrid capital, Madrid;13.64;Piso
1500;piso;63;2;2;Segunda mano/buen estado;True;False;Distrito Retiro;Madrid capital, Madrid;23.81;Piso
1115;piso;41;0;1;Segunda mano/buen estado;False;True;Distrito Retiro;Madrid capital, Madrid;27.2;Piso
2900;piso;174;3;3;Segunda mano/buen estado;False;True;Distrito Retiro;Madrid capital, Madrid;16.67;Piso
1490;piso;52;2;1;Segunda mano/buen estado;True;True;Distrito Retiro;Madrid capital, Madrid;28.65;Piso
2150;piso;80;2;1;Segunda mano/buen estado;True;True;Distrito Retiro;Madrid capital, Madrid;26.88;Piso
2000;piso;101;2;2;Segunda mano/buen estado;True;True;Distrito Retiro;Madrid capital, Madrid;19.8;Piso
2000;piso;51;2;1;Segunda mano/buen estado;True;True;Distrito Retiro;Madrid capital, Madrid;39.22;Piso
11475;piso;260;3;3;Segunda mano/buen estado;True;True;Distrito Retiro;Madrid capital, Madrid;44.13;Piso
3015;piso;80;2;2;Segunda mano/buen estado;True;False;Distrito Retiro;Madrid capital, Madrid;37.69;Piso
2700;piso;72;2;2;Segunda mano/buen estado;True;True;Distrito Retiro;Madrid capital, Madrid;37.5;Piso
2430;piso;50;0;1;Segunda mano/buen estado;True;True;Distrito Retiro;Madrid capital, Madrid;48.6;Piso
3915;ático;120;2;1;Segunda mano/buen estado;True;True;Distrito Retiro;Madrid capital, Madrid;32.62;Piso
5490;piso;160;2;2;Segunda mano/buen estado;True;True;Distrito Retiro;Madrid capital, Madrid;34.31;Piso
2309;piso;38;0;1;Segunda mano/buen estado;True;True;Distrito Retiro;Madrid capital, Madrid;60.76;Piso
2620;piso;60;2;1;Segunda mano/buen estado;True;True;Distrito Retiro;Madrid capital, Madrid;43.67;Piso
8100;piso;190;3;1;Segunda mano/buen estado;True;True;Distrito Retiro;Madrid capital, Madrid;42.63;Piso
4860;piso;147;4;3;Segunda mano/buen estado;True;True;Distrito Retiro;Madrid capital, Madrid;33.06;Piso
4860;piso;147;4;3;Segunda mano/buen estado;True;True;Distrito Retiro;Madrid capital, Madrid;33.06;Piso
2430;piso;50;0;1;Segunda mano/buen estado;True;True;Distrito Retiro;Madrid capital, Madrid;48.6;Piso
2309;piso;38;0;1;Segunda mano/buen estado;True;True;Distrito Retiro;Madrid capital, Madrid;60.76;Piso
11475;piso;260;3;3;Segunda mano/buen estado;True;True;Distrito Retiro;Madrid capital, Madrid;44.13;Piso
3015;piso;80;2;2;Segunda mano/buen estado;True;False;Distrito Retiro;Madrid capital, Madrid;37.69;Piso
1700;piso;90;2;1;Segunda mano/buen estado;True;True;Distrito Retiro;Madrid capital, Madrid;18.89;Piso
2835;piso;57;2;2;Segunda mano/buen estado;True;True;Distrito Retiro;Madrid capital, Madrid;49.74;Piso
2500;piso;120;2;1;Segunda mano/buen estado;True;False;Distrito Retiro;Madrid capital, Madrid;20.83;Piso
1400;piso;36;0;1;Segunda mano/buen estado;True;True;Distrito Retiro;Madrid capital, Madrid;38.89;Piso
1950;piso;80;2;1;Segunda mano/buen estado;True;False;Distrito Retiro;Madrid capital, Madrid;24.38;Piso
2100;piso;136;4;3;Segunda mano/buen estado;True;False;Distrito Retiro;Madrid capital, Madrid;15.44;Piso
2575;piso;136;5;2;Segunda mano/buen estado;False;False;Distrito Retiro;Madrid capital, Madrid;18.93;Piso
2300;piso;67;2;2;Segunda mano/buen estado;True;False;Distrito Retiro;Madrid capital, Madrid;34.33;Piso
2400;ático;119;3;2;Segunda mano/buen estado;True;False;Distrito Retiro;Madrid capital, Madrid;20.17;Piso
1499;piso;65;2;1;Segunda mano/buen estado;True;True;Distrito Retiro;Madrid capital, Madrid;23.06;Piso
5500;piso;155;3;3;Segunda mano/buen estado;True;False;Distrito Retiro;Madrid capital, Madrid;35.48;Piso
1800;dúplex;60;2;2;Segunda mano/buen estado;True;True;Distrito Retiro;Madrid capital, Madrid;30.0;other
925;estudio;34;0;1;Segunda mano/buen estado;True;True;Distrito Retiro;Madrid capital, Madrid;27.21;Piso
3700;piso;104;3;2;Segunda mano/buen estado;False;True;Distrito Retiro;Madrid capital, Madrid;35.58;Piso
850;piso;39;0;1;Segunda mano/buen estado;False;False;Distrito Retiro;Madrid capital, Madrid;21.79;Piso
1700;piso;78;2;1;Segunda mano/buen estado;True;True;Distrito Retiro;Madrid capital, Madrid;21.79;Piso
1150;piso;55;0;1;Segunda mano/buen estado;False;False;Distrito Retiro;Madrid capital, Madrid;20.91;Piso
4950;piso;245;4;4;Segunda mano/buen estado;True;True;Distrito Retiro;Madrid capital, Madrid;20.2;Piso
3900;piso;155;3;2;Segunda mano/buen estado;True;True;Distrito Retiro;Madrid capital, Madrid;25.16;Piso
1850;piso;50;0;1;Segunda mano/buen estado;True;True;Distrito Retiro;Madrid capital, Madrid;37.0;Piso
14160;piso;281;4;4;Segunda mano/buen estado;False;True;Distrito Retiro;Madrid capital, Madrid;50.39;Piso
1350;piso;66;0;1;Segunda mano/buen estado;True;True;Distrito Retiro;Madrid capital, Madrid;20.45;Piso
2200;piso;125;2;2;Segunda mano/buen estado;True;True;Distrito Retiro;Madrid capital, Madrid;17.6;Piso
2700;piso;70;2;1;Segunda mano/buen estado;True;True;Distrito Retiro;Madrid capital, Madrid;38.57;Piso
1500;piso;52;0;1;Segunda mano/buen estado;True;False;Distrito Retiro;Madrid capital, Madrid;28.85;Piso
1450;piso;60;2;1;Segunda mano/buen estado;True;False;Distrito Retiro;Madrid capital, Madrid;24.17;Piso
2450;ático;65;0;1;Segunda mano/buen estado;True;True;Distrito Retiro;Madrid capital, Madrid;37.69;Piso
2700;piso;70;2;1;Segunda mano/buen estado;True;True;Distrito Retiro;Madrid capital, Madrid;38.57;Piso
2500;ático;87;2;2;Segunda mano/buen estado;True;True;Distrito Retiro;Madrid capital, Madrid;28.74;Piso
1500;piso;52;0;1;Segunda mano/buen estado;True;False;Distrito Retiro;Madrid capital, Madrid;28.85;Piso
1000;estudio;30;0;1;Segunda mano/buen estado;True;True;Distrito Retiro;Madrid capital, Madrid;33.33;Piso
2500;piso;113;3;2;Segunda mano/buen estado;True;True;Distrito Retiro;Madrid capital, Madrid;22.12;Piso
970;ático;60;0;1;Segunda mano/buen estado;False;True;Distrito Retiro;Madrid capital, Madrid;16.17;Piso
1900;piso;80;2;2;Segunda mano/buen estado;True;True;Distrito Retiro;Madrid capital, Madrid;23.75;Piso
2000;piso;120;3;2;Segunda mano/buen estado;True;False;Distrito Retiro;Madrid capital, Madrid;16.67;Piso
1500;piso;52;0;1;Segunda mano/buen estado;True;True;Distrito Retiro;Madrid capital, Madrid;28.85;Piso
2400;piso;130;3;2;Segunda mano/buen estado;False;False;Distrito Retiro;Madrid capital, Madrid;18.46;Piso
6000;piso;105;3;4;Segunda mano/buen estado;True;True;Distrito Retiro;Madrid capital, Madrid;57.14;Piso
2300;piso;130;2;2;Segunda mano/buen estado;False;False;Distrito Retiro;Madrid capital, Madrid;17.69;Piso
1990;ático;84;0;1;Segunda mano/buen estado;True;True;Distrito Retiro;Madrid capital, Madrid;23.69;Piso
2300;piso;130;4;2;Segunda mano/buen estado;False;False;Distrito Retiro;Madrid capital, Madrid;17.69;Piso
2400;piso;93;2;1;Segunda mano/buen estado;True;True;Distrito Retiro;Madrid capital, Madrid;25.81;Piso
2085;piso;100;2;1;Segunda mano/buen estado;False;False;Distrito Retiro;Madrid capital, Madrid;20.85;Piso
1500;piso;40;0;1;Segunda mano/buen estado;True;True;Distrito Retiro;Madrid capital, Madrid;37.5;Piso
2400;piso;125;3;2;Segunda mano/buen estado;True;True;Distrito Retiro;Madrid capital, Madrid;19.2;Piso
2300;piso;88;2;1;Segunda mano/buen estado;True;True;Distrito Retiro;Madrid capital, Madrid;26.14;Piso
1050;piso;49;0;1;Segunda mano/buen estado;True;False;Distrito Retiro;Madrid capital, Madrid;21.43;Piso
3500;piso;117;3;2;Segunda mano/buen estado;True;True;Distrito Retiro;Madrid capital, Madrid;29.91;Piso
4490;piso;147;4;3;Segunda mano/buen estado;True;True;Distrito Retiro;Madrid capital, Madrid;30.54;Piso
2200;piso;79;0;1;Segunda mano/buen estado;True;True;Distrito Retiro;Madrid capital, Madrid;27.85;Piso
2400;piso;130;3;2;Segunda mano/buen estado;False;False;Distrito Retiro;Madrid capital, Madrid;18.46;Piso
3850;ático;120;2;2;Segunda mano/buen estado;True;True;Distrito Retiro;Madrid capital, Madrid;32.08;Piso
1500;piso;115;0;2;Segunda mano/buen estado;False;True;Distrito Retiro;Madrid capital, Madrid;13.04;Piso
1900;piso;99;3;2;Segunda mano/buen estado;True;True;Distrito Retiro;Madrid capital, Madrid;19.19;Piso
2250;piso;85;2;2;Segunda mano/buen estado;True;True;Distrito Retiro;Madrid capital, Madrid;26.47;Piso
1300;piso;94;2;1;Segunda mano/buen estado;False;False;Distrito Retiro;Madrid capital, Madrid;13.83;Piso
1900;ático;83;3;2;Segunda mano/buen estado;False;False;Distrito Retiro;Madrid capital, Madrid;22.89;Piso
1900;piso;99;3;2;Segunda mano/buen estado;True;True;Distrito Retiro;Madrid capital, Madrid;19.19;Piso
1000;estudio;50;0;2;Segunda mano/buen estado;True;True;Distrito Retiro;Madrid capital, Madrid;20.0;Piso
2250;piso;85;2;2;Segunda mano/buen estado;True;True;Distrito Retiro;Madrid capital, Madrid;26.47;Piso
3358;piso;88;4;2;Segunda mano/buen estado;False;True;Distrito Retiro;Madrid capital, Madrid;38.16;Piso
2500;piso;95;3;2;Segunda mano/buen estado;True;False;Distrito Retiro;Madrid capital, Madrid;26.32;Piso
3500;piso;179;3;2;Segunda mano/buen estado;False;True;Distrito Retiro;Madrid capital, Madrid;19.55;Piso
3300;piso;150;3;3;Segunda mano/buen estado;False;True;Distrito Retiro;Madrid capital, Madrid;22.0;Piso
4325;piso;130;4;2;Segunda mano/buen estado;False;True;Distrito Retiro;Madrid capital, Madrid;33.27;Piso
3358;piso;88;4;2;Segunda mano/buen estado;False;True;Distrito Retiro;Madrid capital, Madrid;38.16;Piso
1100;estudio;33;0;1;Segunda mano/buen estado;True;True;Distrito Retiro;Madrid capital, Madrid;33.33;Piso
1500;ático;90;0;1;Segunda mano/buen estado;True;True;Distrito Retiro;Madrid capital, Madrid;16.67;Piso
1950;piso;75;2;2;Segunda mano/buen estado;False;False;Distrito Retiro;Madrid capital, Madrid;26.0;Piso
2450;ático;88;2;2;Segunda mano/buen estado;True;True;Distrito Retiro;Madrid capital, Madrid;27.84;Piso
2600;ático;103;3;2;Segunda mano/buen estado;True;True;Distrito Retiro;Madrid capital, Madrid;25.24;Piso
3480;piso;123;2;2;Segunda mano/buen estado;True;True;Distrito Retiro;Madrid capital, Madrid;28.29;Piso
1500;ático;62;0;1;Segunda mano/buen estado;True;True;Distrito Retiro;Madrid capital, Madrid;24.19;Piso
1900;piso;80;2;1;Segunda mano/buen estado;False;True;Distrito Retiro;Madrid capital, Madrid;23.75;Piso
3100;piso;105;2;2;Segunda mano/buen estado;True;True;Distrito Retiro;Madrid capital, Madrid;29.52;Piso
3500;ático;90;2;2;Segunda mano/buen estado;False;True;Distrito Retiro;Madrid capital, Madrid;38.89;Piso
900;piso;42;0;1;Segunda mano/buen estado;True;True;Distrito Retiro;Madrid capital, Madrid;21.43;Piso
2200;piso;53;2;1;Segunda mano/buen estado;False;False;Distrito Retiro;Madrid capital, Madrid;41.51;Piso
2200;ático;65;0;1;Segunda mano/buen estado;True;True;Distrito Retiro;Madrid capital, Madrid;33.85;Piso
1900;piso;120;3;2;Segunda mano/buen estado;True;True;Distrito Retiro;Madrid capital, Madrid;15.83;Piso
1150;piso;35;0;1;Segunda mano/buen estado;True;True;Distrito Retiro;Madrid capital, Madrid;32.86;Piso
3375;piso;105;2;2;Segunda mano/buen estado;True;True;Distrito Retiro;Madrid capital, Madrid;32.14;Piso
13000;piso;624;4;5;Segunda mano/buen estado;True;True;Distrito Retiro;Madrid capital, Madrid;20.83;Piso
3375;piso;79;2;2;Segunda mano/buen estado;True;True;Distrito Retiro;Madrid capital, Madrid;42.72;Piso
1350;piso;51;0;1;Segunda mano/buen estado;True;True;Distrito Retiro;Madrid capital, Madrid;26.47;Piso
1350;piso;51;0;1;Segunda mano/buen estado;True;True;Distrito Retiro;Madrid capital, Madrid;26.47;Piso
1900;piso;120;3;2;Segunda mano/buen estado;True;True;Distrito Retiro;Madrid capital, Madrid;15.83;Piso
3375;piso;79;2;2;Segunda mano/buen estado;True;True;Distrito Retiro;Madrid capital, Madrid;42.72;Piso
3395;piso;120;4;3;Segunda mano/buen estado;False;True;Distrito Retiro;Madrid capital, Madrid;28.29;Piso
2200;ático;65;0;1;Segunda mano/buen estado;True;True;Distrito Retiro;Madrid capital, Madrid;33.85;Piso
3510;piso;105;3;2;Segunda mano/buen estado;True;True;Distrito Retiro;Madrid capital, Madrid;33.43;Piso
2200;piso;53;2;1;Segunda mano/buen estado;False;False;Distrito Retiro;Madrid capital, Madrid;41.51;Piso
1200;estudio;52;0;1;Segunda mano/buen estado;False;True;Distrito Retiro;Madrid capital, Madrid;23.08;Piso
3995;piso;170;3;2;Segunda mano/buen estado;True;True;Distrito Retiro;Madrid capital, Madrid;23.5;Piso
3500;piso;74;3;2;Segunda mano/buen estado;False;True;Distrito Retiro;Madrid capital, Madrid;47.3;Piso
2800;piso;90;4;4;Segunda mano/buen estado;False;True;Distrito Retiro;Madrid capital, Madrid;31.11;Piso
1650;piso;80;2;2;Segunda mano/buen estado;True;True;Distrito Retiro;Madrid capital, Madrid;20.62;Piso
1800;piso;105;2;2;Segunda mano/buen estado;False;False;Distrito Retiro;Madrid capital, Madrid;17.14;Piso
2350;piso;101;2;2;Segunda mano/buen estado;True;True;Distrito Retiro;Madrid capital, Madrid;23.27;Piso
1200;piso;45;0;1;Segunda mano/buen estado;True;True;Distrito Retiro;Madrid capital, Madrid;26.67;Piso
1800;piso;60;0;1;Segunda mano/buen estado;False;True;Distrito Retiro;Madrid capital, Madrid;30.0;Piso
2400;piso;110;3;2;Segunda mano/buen estado;True;True;Distrito Retiro;Madrid capital, Madrid;21.82;Piso
2350;piso;105;2;2;Segunda mano/buen estado;True;True;Distrito Retiro;Madrid capital, Madrid;22.38;Piso
1850;piso;52;0;1;Segunda mano/buen estado;True;True;Distrito Retiro;Madrid capital, Madrid;35.58;Piso
3780;piso;130;2;2;Segunda mano/buen estado;True;False;Distrito Retiro;Madrid capital, Madrid;29.08;Piso
5000;piso;158;3;3;Segunda mano/buen estado;True;True;Distrito Retiro;Madrid capital, Madrid;31.65;Piso
1090;estudio;27;0;1;Segunda mano/buen estado;False;True;Distrito Retiro;Madrid capital, Madrid;40.37;Piso
2600;piso;160;2;3;Segunda mano/buen estado;True;True;Distrito Retiro;Madrid capital, Madrid;16.25;Piso
2600;piso;155;3;3;Segunda mano/buen estado;True;False;Distrito Retiro;Madrid capital, Madrid;16.77;Piso
2400;piso;135;3;2;Segunda mano/buen estado;True;False;Distrito Retiro;Madrid capital, Madrid;17.78;Piso
2500;piso;60;0;1;Segunda mano/buen estado;False;True;Distrito Retiro;Madrid capital, Madrid;41.67;Piso
1600;piso;53;2;1;Segunda mano/buen estado;False;False;Distrito Retiro;Madrid capital, Madrid;30.19;Piso
1500;piso;65;0;1;Segunda mano/buen estado;True;True;Distrito Retiro;Madrid capital, Madrid;23.08;Piso
1700;piso;62;2;1;Segunda mano/buen estado;True;True;Distrito Retiro;Madrid capital, Madrid;27.42;Piso
1800;piso;71;2;1;Segunda mano/buen estado;True;True;Distrito Retiro;Madrid capital, Madrid;25.35;Piso
1500;piso;65;0;1;Segunda mano/buen estado;True;True;Distrito Retiro;Madrid capital, Madrid;23.08;Piso
2300;ático;150;3;2;Segunda mano/buen estado;True;True;Distrito Retiro;Madrid capital, Madrid;15.33;Piso
1800;piso;71;2;1;Segunda mano/buen estado;True;True;Distrito Retiro;Madrid capital, Madrid;25.35;Piso
1700;piso;62;2;1;Segunda mano/buen estado;True;True;Distrito Retiro;Madrid capital, Madrid;27.42;Piso
2600;piso;112;3;2;Segunda mano/buen estado;True;True;Distrito Retiro;Madrid capital, Madrid;23.21;Piso
7500;piso;261;4;3;Segunda mano/buen estado;True;True;Distrito Retiro;Madrid capital, Madrid;28.74;Piso
2100;piso;90;3;1;Segunda mano/buen estado;False;True;Distrito Retiro;Madrid capital, Madrid;23.33;Piso
985;piso;47;0;1;Segunda mano/buen estado;True;True;Distrito Retiro;Madrid capital, Madrid;20.96;Piso
5500;piso;241;4;4;Segunda mano/buen estado;True;True;Distrito Retiro;Madrid capital, Madrid;22.82;Piso
1900;piso;130;3;2;Segunda mano/buen estado;True;True;Distrito Retiro;Madrid capital, Madrid;14.62;Piso
3300;piso;122;3;2;Segunda mano/buen estado;True;True;Distrito Retiro;Madrid capital, Madrid;27.05;Piso
1300;piso;40;0;1;Segunda mano/buen estado;True;True;Distrito Retiro;Madrid capital, Madrid;32.5;Piso
1600;piso;70;2;1;Segunda mano/buen estado;False;True;Distrito Retiro;Madrid capital, Madrid;22.86;Piso
2800;piso;130;3;2;Segunda mano/buen estado;True;True;Distrito Retiro;Madrid capital, Madrid;21.54;Piso
1600;piso;146;0;1;Segunda mano/buen estado;False;False;Distrito Retiro;Madrid capital, Madrid;10.96;Piso
1200;piso;40;0;1;Segunda mano/para reformar;True;True;Distrito Retiro;Madrid capital, Madrid;30.0;Piso
1350;piso;65;2;1;Segunda mano/buen estado;True;True;Distrito Retiro;Madrid capital, Madrid;20.77;Piso
3700;piso;87;4;2;Segunda mano/buen estado;False;True;Distrito Retiro;Madrid capital, Madrid;42.53;Piso
3500;piso;88;4;2;Segunda mano/buen estado;False;False;Distrito Retiro;Madrid capital, Madrid;39.77;Piso
4200;piso;80;2;2;Segunda mano/buen estado;True;True;Distrito Retiro;Madrid capital, Madrid;52.5;Piso
1450;piso;38;0;1;Segunda mano/buen estado;True;True;Distrito Retiro;Madrid capital, Madrid;38.16;Piso
3300;piso;198;4;3;Segunda mano/buen estado;True;True;Distrito Retiro;Madrid capital, Madrid;16.67;Piso
2835;piso;70;2;2;Segunda mano/buen estado;True;True;Distrito Retiro;Madrid capital, Madrid;40.5;Piso
2650;piso;80;2;2;Segunda mano/buen estado;True;True;Distrito Retiro;Madrid capital, Madrid;33.12;Piso
4000;piso;170;3;2;Segunda mano/buen estado;True;True;Distrito Retiro;Madrid capital, Madrid;23.53;Piso
2200;piso;98;3;2;Segunda mano/buen estado;True;True;Distrito Retiro;Madrid capital, Madrid;22.45;Piso
1300;piso;53;2;1;Segunda mano/buen estado;True;True;Distrito Retiro;Madrid capital, Madrid;24.53;Piso
2400;piso;110;3;2;Segunda mano/buen estado;True;False;Distrito Retiro;Madrid capital, Madrid;21.82;Piso
1800;piso;60;0;1;Segunda mano/buen estado;True;True;Distrito Retiro;Madrid capital, Madrid;30.0;Piso
2100;piso;66;0;1;Segunda mano/buen estado;True;True;Distrito Retiro;Madrid capital, Madrid;31.82;Piso
1800;piso;75;2;2;Segunda mano/buen estado;True;True;Distrito Retiro;Madrid capital, Madrid;24.0;Piso
1500;piso;80;0;2;Segunda mano/buen estado;False;False;Distrito Retiro;Madrid capital, Madrid;18.75;Piso
2100;piso;66;0;1;Segunda mano/buen estado;True;True;Distrito Retiro;Madrid capital, Madrid;31.82;Piso
2200;piso;100;2;2;Segunda mano/buen estado;True;True;Distrito Retiro;Madrid capital, Madrid;22.0;Piso
1000;piso;50;0;1;Segunda mano/buen estado;True;False;Distrito Retiro;Madrid capital, Madrid;20.0;Piso
2770;piso;152;4;2;Segunda mano/buen estado;True;True;Distrito Retiro;Madrid capital, Madrid;18.22;Piso
2300;piso;130;2;2;Segunda mano/buen estado;False;False;Distrito Retiro;Madrid capital, Madrid;17.69;Piso
2100;piso;93;3;2;Segunda mano/buen estado;True;True;Distrito Retiro;Madrid capital, Madrid;22.58;Piso
1200;piso;55;0;1;Segunda mano/buen estado;True;True;Distrito Retiro;Madrid capital, Madrid;21.82;Piso
2085;piso;110;2;1;Segunda mano/buen estado;False;False;Distrito Retiro;Madrid capital, Madrid;18.95;Piso
3200;piso;78;0;1;Segunda mano/buen estado;True;True;Distrito Retiro;Madrid capital, Madrid;41.03;Piso
2400;piso;135;3;2;Segunda mano/buen estado;False;False;Distrito Retiro;Madrid capital, Madrid;17.78;Piso
2085;piso;110;2;1;Segunda mano/buen estado;False;False;Distrito Retiro;Madrid capital, Madrid;18.95;Piso
1970;ático;95;3;1;Segunda mano/buen estado;False;False;Distrito Retiro;Madrid capital, Madrid;20.74;Piso
2085;piso;110;2;1;Segunda mano/buen estado;False;False;Distrito Retiro;Madrid capital, Madrid;18.95;Piso
2300;piso;130;3;2;Segunda mano/buen estado;False;False;Distrito Retiro;Madrid capital, Madrid;17.69;Piso
2500;piso;86;2;2;Segunda mano/buen estado;True;True;Distrito Retiro;Madrid capital, Madrid;29.07;Piso
2300;piso;130;2;2;Segunda mano/buen estado;False;False;Distrito Retiro;Madrid capital, Madrid;17.69;Piso
2300;piso;130;4;2;Segunda mano/buen estado;False;False;Distrito Retiro;Madrid capital, Madrid;17.69;Piso
2400;piso;135;3;2;Segunda mano/buen estado;False;False;Distrito Retiro;Madrid capital, Madrid;17.78;Piso
2085;piso;110;2;1;Segunda mano/buen estado;False;False;Distrito Retiro;Madrid capital, Madrid;18.95;Piso
3500;piso;152;3;2;Segunda mano/buen estado;True;True;Distrito Retiro;Madrid capital, Madrid;23.03;Piso
2300;piso;115;3;2;Segunda mano/buen estado;True;True;Distrito Retiro;Madrid capital, Madrid;20.0;Piso
1850;piso;55;0;1;Segunda mano/buen estado;True;True;Distrito Retiro;Madrid capital, Madrid;33.64;Piso
1500;piso;50;0;1;Segunda mano/buen estado;True;True;Distrito Retiro;Madrid capital, Madrid;30.0;Piso
4000;piso;170;3;2;Segunda mano/buen estado;True;True;Distrito Retiro;Madrid capital, Madrid;23.53;Piso
1790;ático;70;2;1;Segunda mano/buen estado;True;False;Distrito Retiro;Madrid capital, Madrid;25.57;Piso
1650;ático;70;0;1;Segunda mano/buen estado;False;True;Distrito Retiro;Madrid capital, Madrid;23.57;Piso
1600;piso;70;2;1;Segunda mano/buen estado;True;True;Distrito Retiro;Madrid capital, Madrid;22.86;Piso
1950;piso;76;3;1;Segunda mano/buen estado;True;True;Distrito Retiro;Madrid capital, Madrid;25.66;Piso
1900;piso;70;2;1;Segunda mano/buen estado;True;True;Distrito Retiro;Madrid capital, Madrid;27.14;Piso
1100;piso;42;0;1;Segunda mano/buen estado;True;True;Distrito Retiro;Madrid capital, Madrid;26.19;Piso
1600;piso;72;2;2;Segunda mano/buen estado;True;True;Distrito Retiro;Madrid capital, Madrid;22.22;Piso
2400;piso;93;2;1;Segunda mano/buen estado;True;True;Distrito Retiro;Madrid capital, Madrid;25.81;Piso
1800;piso;100;3;2;Segunda mano/buen estado;True;True;Distrito Retiro;Madrid capital, Madrid;18.0;Piso
2700;piso;70;2;2;Segunda mano/buen estado;True;True;Distrito Retiro;Madrid capital, Madrid;38.57;Piso
1750;piso;75;3;1;Segunda mano/buen estado;True;True;Distrito Retiro;Madrid capital, Madrid;23.33;Piso
1500;estudio;25;0;1;Segunda mano/buen estado;False;True;Distrito Retiro;Madrid capital, Madrid;60.0;Piso
7700;piso;253;4;3;Segunda mano/buen estado;True;True;Distrito Retiro;Madrid capital, Madrid;30.43;Piso
3900;piso;130;4;2;Segunda mano/buen estado;False;True;Distrito Retiro;Madrid capital, Madrid;30.0;Piso
2900;dúplex;150;3;3;Segunda mano/buen estado;True;True;Distrito Retiro;Madrid capital, Madrid;19.33;other
3500;piso;80;2;2;Segunda mano/buen estado;True;True;Distrito Retiro;Madrid capital, Madrid;43.75;Piso
2000;piso;50;0;1;Segunda mano/buen estado;True;True;Distrito Retiro;Madrid capital, Madrid;40.0;Piso
2200;piso;100;3;2;Segunda mano/buen estado;True;True;Distrito Retiro;Madrid capital, Madrid;22.0;Piso
2200;piso;100;2;1;Segunda mano/buen estado;True;False;Distrito Retiro;Madrid capital, Madrid;22.0;Piso
4100;piso;125;2;3;Segunda mano/buen estado;True;True;Distrito Retiro;Madrid capital, Madrid;32.8;Piso
1550;piso;45;0;1;Segunda mano/buen estado;True;True;Distrito Retiro;Madrid capital, Madrid;34.44;Piso
1500;piso;38;0;1;Segunda mano/buen estado;True;True;Distrito Retiro;Madrid capital, Madrid;39.47;Piso
1300;ático;55;0;1;Segunda mano/buen estado;True;True;Distrito Retiro;Madrid capital, Madrid;23.64;Piso
1800;piso;55;2;2;Segunda mano/buen estado;False;True;Distrito Retiro;Madrid capital, Madrid;32.73;Piso
5000;piso;180;3;2;Segunda mano/buen estado;True;True;Distrito Retiro;Madrid capital, Madrid;27.78;Piso
4000;piso;170;4;2;Segunda mano/buen estado;True;True;Distrito Retiro;Madrid capital, Madrid;23.53;Piso
1000;piso;45;0;1;Segunda mano/buen estado;True;True;Distrito Retiro;Madrid capital, Madrid;22.22;Piso
3250;piso;157;4;2;Segunda mano/buen estado;True;True;Distrito Retiro;Madrid capital, Madrid;20.7;Piso
1850;piso;50;0;1;Segunda mano/buen estado;True;True;Distrito Retiro;Madrid capital, Madrid;37.0;Piso
3400;ático;212;4;2;Segunda mano/buen estado;False;True;Distrito Retiro;Madrid capital, Madrid;16.04;Piso
950;estudio;28;0;1;Segunda mano/buen estado;True;False;Distrito Retiro;Madrid capital, Madrid;33.93;Piso
1250;piso;45;0;1;Segunda mano/buen estado;True;False;Distrito Retiro;Madrid capital, Madrid;27.78;Piso
1850;piso;45;0;1;Segunda mano/buen estado;True;True;Distrito Retiro;Madrid capital, Madrid;41.11;Piso
1400;ático;50;0;1;Segunda mano/buen estado;True;True;Distrito Retiro;Madrid capital, Madrid;28.0;Piso
1750;piso;80;2;2;Segunda mano/buen estado;True;True;Distrito Retiro;Madrid capital, Madrid;21.88;Piso
1400;ático;50;0;1;Segunda mano/buen estado;True;True;Distrito Retiro;Madrid capital, Madrid;28.0;Piso
2000;ático;100;2;1;Segunda mano/buen estado;True;True;Distrito Retiro;Madrid capital, Madrid;20.0;Piso
1600;piso;87;2;2;Segunda mano/buen estado;True;True;Distrito Retiro;Madrid capital, Madrid;18.39;Piso
7500;piso;320;4;3;Segunda mano/buen estado;True;True;Distrito Retiro;Madrid capital, Madrid;23.44;Piso
900;ático;34;0;1;Segunda mano/buen estado;True;True;Distrito Retiro;Madrid capital, Madrid;26.47;Piso
1300;piso;50;2;1;Segunda mano/buen estado;True;True;Distrito Retiro;Madrid capital, Madrid;26.0;Piso
2400;piso;130;2;2;Segunda mano/buen estado;True;True;Distrito Retiro;Madrid capital, Madrid;18.46;Piso
2500;piso;99;2;2;Segunda mano/buen estado;True;True;Distrito Retiro;Madrid capital, Madrid;25.25;Piso
2100;piso;101;3;1;Segunda mano/buen estado;False;False;Distrito Retiro;Madrid capital, Madrid;20.79;Piso
1200;estudio;55;0;1;Segunda mano/buen estado;False;False;Distrito Retiro;Madrid capital, Madrid;21.82;Piso
1650;piso;97;2;2;Segunda mano/buen estado;True;True;Distrito Retiro;Madrid capital, Madrid;17.01;Piso
2300;piso;96;3;1;Segunda mano/buen estado;True;True;Distrito Retiro;Madrid capital, Madrid;23.96;Piso
1200;piso;38;0;1;Segunda mano/buen estado;True;False;Distrito Retiro;Madrid capital, Madrid;31.58;Piso
1000;piso;50;0;1;Segunda mano/buen estado;True;False;Distrito Retiro;Madrid capital, Madrid;20.0;Piso
1650;piso;69;2;1;Segunda mano/buen estado;False;True;Distrito Retiro;Madrid capital, Madrid;23.91;Piso
2400;piso;93;2;1;Segunda mano/buen estado;True;True;Distrito Retiro;Madrid capital, Madrid;25.81;Piso
1400;piso;45;0;1;Segunda mano/buen estado;True;True;Distrito Retiro;Madrid capital, Madrid;31.11;Piso
2200;piso;53;2;1;Segunda mano/buen estado;False;False;Distrito Retiro;Madrid capital, Madrid;41.51;Piso
3250;piso;156;4;2;Segunda mano/buen estado;True;True;Distrito Retiro;Madrid capital, Madrid;20.83;Piso
1400;piso;71;0;1;Segunda mano/buen estado;True;True;Distrito Retiro;Madrid capital, Madrid;19.72;Piso
1990;piso;60;0;1;Segunda mano/buen estado;True;True;Distrito Retiro;Madrid capital, Madrid;33.17;Piso
24500;piso;275;3;4;Segunda mano/buen estado;True;True;Distrito Retiro;Madrid capital, Madrid;89.09;Piso
2200;piso;60;2;2;Segunda mano/buen estado;True;True;Distrito Retiro;Madrid capital, Madrid;36.67;Piso
2500;piso;130;3;2;Segunda mano/buen estado;True;True;Distrito Retiro;Madrid capital, Madrid;19.23;Piso
1650;piso;85;2;1;Segunda mano/buen estado;False;True;Distrito Retiro;Madrid capital, Madrid;19.41;Piso
1100;piso;36;0;1;Segunda mano/buen estado;False;True;Distrito Retiro;Madrid capital, Madrid;30.56;Piso
2250;piso;90;4;1;Segunda mano/buen estado;False;True;Distrito Retiro;Madrid capital, Madrid;25.0;Piso
1500;piso;72;2;1;Segunda mano/buen estado;False;False;Distrito Retiro;Madrid capital, Madrid;20.83;Piso
4000;piso;200;4;2;Segunda mano/buen estado;True;True;Distrito Retiro;Madrid capital, Madrid;20.0;Piso
4000;piso;200;4;2;Segunda mano/buen estado;True;True;Distrito Retiro;Madrid capital, Madrid;20.0;Piso
1200;ático;50;0;1;Segunda mano/buen estado;True;True;Distrito Retiro;Madrid capital, Madrid;24.0;Piso
2200;piso;51;0;1;Segunda mano/buen estado;True;True;Distrito Retiro;Madrid capital, Madrid;43.14;Piso
2400;piso;93;2;1;Segunda mano/buen estado;True;True;Distrito Retiro;Madrid capital, Madrid;25.81;Piso
1850;piso;57;0;1;Segunda mano/buen estado;True;True;Distrito Retiro;Madrid capital, Madrid;32.46;Piso
2300;piso;90;3;2;Segunda mano/buen estado;True;True;Distrito Retiro;Madrid capital, Madrid;25.56;Piso
1900;piso;80;2;1;Segunda mano/buen estado;False;False;Distrito Retiro;Madrid capital, Madrid;23.75;Piso
2500;piso;120;2;1;Segunda mano/buen estado;True;False;Distrito Retiro;Madrid capital, Madrid;20.83;Piso
1300;piso;60;0;1;Segunda mano/buen estado;True;True;Distrito Retiro;Madrid capital, Madrid;21.67;Piso
1900;piso;91;3;2;Segunda mano/buen estado;False;False;Distrito Retiro;Madrid capital, Madrid;20.88;Piso
1900;piso;70;0;1;Segunda mano/buen estado;True;True;Distrito Retiro;Madrid capital, Madrid;27.14;Piso
14160;piso;281;4;5;Segunda mano/buen estado;True;True;Distrito Retiro;Madrid capital, Madrid;50.39;Piso
1450;piso;58;2;1;Segunda mano/buen estado;False;False;Distrito Retiro;Madrid capital, Madrid;25.0;Piso
14100;piso;336;4;5;Segunda mano/buen estado;True;True;Distrito Retiro;Madrid capital, Madrid;41.96;Piso
2000;piso;100;3;2;Segunda mano/buen estado;False;True;Distrito Retiro;Madrid capital, Madrid;20.0;Piso
1850;piso;50;0;1;Segunda mano/buen estado;True;True;Distrito Retiro;Madrid capital, Madrid;37.0;Piso
850;dúplex;32;0;1;Segunda mano/buen estado;False;False;Distrito Retiro;Madrid capital, Madrid;26.56;other
1300;piso;40;0;1;Segunda mano/buen estado;True;True;Distrito Retiro;Madrid capital, Madrid;32.5;Piso
5500;piso;255;3;3;Segunda mano/buen estado;True;True;Distrito Retiro;Madrid capital, Madrid;21.57;Piso
1350;piso;40;0;1;Segunda mano/buen estado;True;True;Distrito Retiro;Madrid capital, Madrid;33.75;Piso
1380;piso;70;2;1;Segunda mano/buen estado;True;True;Distrito Retiro;Madrid capital, Madrid;19.71;Piso
2200;piso;80;2;2;Segunda mano/buen estado;True;True;Distrito Retiro;Madrid capital, Madrid;27.5;Piso
1500;piso;52;0;1;Segunda mano/buen estado;True;True;Distrito Retiro;Madrid capital, Madrid;28.85;Piso
1750;piso;121;3;2;Segunda mano/buen estado;True;True;Distrito Retiro;Madrid capital, Madrid;14.46;Piso
1850;piso;67;3;1;Segunda mano/buen estado;False;False;Distrito Retiro;Madrid capital, Madrid;27.61;Piso
2400;ático;119;3;2;Segunda mano/buen estado;True;False;Distrito Retiro;Madrid capital, Madrid;20.17;Piso
2000;piso;125;4;2;Segunda mano/buen estado;True;False;Distrito Retiro;Madrid capital, Madrid;16.0;Piso
2200;piso;70;2;2;Segunda mano/buen estado;True;True;Distrito Retiro;Madrid capital, Madrid;31.43;Piso
2600;piso;65;2;2;Segunda mano/buen estado;True;True;Distrito Retiro;Madrid capital, Madrid;40.0;Piso
1400;piso;63;0;1;Segunda mano/buen estado;True;False;Distrito Retiro;Madrid capital, Madrid;22.22;Piso
1400;piso;63;0;1;Segunda mano/buen estado;True;False;Distrito Retiro;Madrid capital, Madrid;22.22;Piso
1850;piso;90;3;1;Segunda mano/buen estado;True;False;Distrito Retiro;Madrid capital, Madrid;20.56;Piso
850;piso;40;0;1;Segunda mano/buen estado;True;False;Distrito Retiro;Madrid capital, Madrid;21.25;Piso
1740;piso;110;3;1;Segunda mano/buen estado;True;False;Distrito Retiro;Madrid capital, Madrid;15.82;Piso
1400;piso;42;0;1;Segunda mano/buen estado;True;True;Distrito Retiro;Madrid capital, Madrid;33.33;Piso
800;piso;20;0;1;Segunda mano/buen estado;False;False;Distrito Retiro;Madrid capital, Madrid;40.0;Piso
3800;piso;160;3;3;Segunda mano/buen estado;True;True;Distrito Retiro;Madrid capital, Madrid;23.75;Piso
2200;piso;75;2;2;Segunda mano/buen estado;True;True;Distrito Retiro;Madrid capital, Madrid;29.33;Piso
1300;piso;50;2;1;Segunda mano/buen estado;False;False;Distrito Retiro;Madrid capital, Madrid;26.0;Piso
2400;piso;120;3;2;Segunda mano/buen estado;True;True;Distrito Retiro;Madrid capital, Madrid;20.0;Piso
1740;piso;96;3;1;Segunda mano/buen estado;True;False;Distrito Retiro;Madrid capital, Madrid;18.12;Piso
2400;piso;100;3;2;Segunda mano/buen estado;True;True;Distrito Retiro;Madrid capital, Madrid;24.0;Piso
1150;piso;45;0;1;Segunda mano/buen estado;True;True;Distrito Retiro;Madrid capital, Madrid;25.56;Piso
1850;ático;80;2;1;Segunda mano/buen estado;True;True;Distrito Retiro;Madrid capital, Madrid;23.12;Piso
1599;piso;80;0;1;Segunda mano/buen estado;True;True;Distrito Retiro;Madrid capital, Madrid;19.99;Piso
1550;piso;35;2;1;Segunda mano/buen estado;False;False;Distrito Retiro;Madrid capital, Madrid;44.29;Piso
1100;piso;52;0;1;Segunda mano/buen estado;True;True;Distrito Retiro;Madrid capital, Madrid;21.15;Piso
1650;piso;63;0;1;Segunda mano/buen estado;True;True;Distrito Retiro;Madrid capital, Madrid;26.19;Piso
1800;piso;100;3;1;Segunda mano/buen estado;False;False;Distrito Retiro;Madrid capital, Madrid;18.0;Piso
1800;piso;100;3;1;Segunda mano/buen estado;False;False;Distrito Retiro;Madrid capital, Madrid;18.0;Piso
2300;estudio;98;0;1;Segunda mano/buen estado;False;False;Distrito Retiro;Madrid capital, Madrid;23.47;Piso
1700;piso;90;2;2;Segunda mano/buen estado;True;False;Distrito Retiro;Madrid capital, Madrid;18.89;Piso
1900;piso;124;2;2;Segunda mano/buen estado;True;False;Distrito El Burgo;Las Rozas de Madrid;15.32;Piso
3500;chalet;280;5;4;Segunda mano/buen estado;True;False;Distrito Las Matas- Peñascales;Las Rozas de Madrid;12.5;other
1700;piso;120;3;2;Segunda mano/buen estado;False;True;Distrito El Cantizal;Las Rozas de Madrid;14.17;Piso
1350;ático;75;2;1;Segunda mano/buen estado;True;True;Distrito Las Matas- Peñascales;Las Rozas de Madrid;18.0;Piso
5000;casa;530;5;3;Segunda mano/buen estado;True;True;Distrito Las Matas- Peñascales;Las Rozas de Madrid;9.43;other
1950;piso;120;3;2;Segunda mano/buen estado;True;True;Distrito Marazuela- El Torreón;Las Rozas de Madrid;16.25;Piso
2000;piso;104;4;2;Segunda mano/buen estado;True;False;Distrito El Burgo;Las Rozas de Madrid;19.23;Piso
950;piso;55;0;1;Segunda mano/buen estado;True;False;Distrito Rozas Centro;Las Rozas de Madrid;17.27;Piso
745;estudio;30;0;1;Segunda mano/buen estado;False;True;Distrito El Burgo;Las Rozas de Madrid;24.83;Piso
2900;casa;185;4;3;Segunda mano/buen estado;False;True;Distrito Molino de la Hoz;Las Rozas de Madrid;15.68;other
690;piso;50;0;1;Segunda mano/buen estado;False;False;Distrito Rozas Centro;Las Rozas de Madrid;13.8;Piso
3000;casa;200;5;5;Segunda mano/buen estado;False;True;Distrito Molino de la Hoz;Las Rozas de Madrid;15.0;other
1700;piso;108;2;2;Segunda mano/buen estado;True;False;Distrito El Cantizal;Las Rozas de Madrid;15.74;Piso
6600;casa;358;5;6;Segunda mano/buen estado;True;True;Distrito Marazuela- El Torreón;Las Rozas de Madrid;18.44;other
1300;piso;66;2;1;Segunda mano/buen estado;True;True;Distrito Molino de la Hoz;Las Rozas de Madrid;19.7;Piso
1700;piso;86;2;2;Segunda mano/buen estado;True;True;Distrito El Pinar- Punta Galea;Las Rozas de Madrid;19.77;Piso
1400;piso;90;2;2;Segunda mano/buen estado;True;False;Distrito Europolis;Las Rozas de Madrid;15.56;Piso
1325;piso;85;2;2;Segunda mano/buen estado;True;True;Distrito Rozas Centro;Las Rozas de Madrid;15.59;Piso
2500;chalet;280;3;2;Segunda mano/buen estado;True;False;Distrito El Pinar- Punta Galea;Las Rozas de Madrid;8.93;other
2400;chalet;270;3;3;Segunda mano/buen estado;True;True;Distrito El Pinar- Punta Galea;Las Rozas de Madrid;8.89;other
900;piso;60;0;1;Segunda mano/buen estado;True;False;Distrito Rozas Centro;Las Rozas de Madrid;15.0;Piso
2100;piso;149;3;2;Segunda mano/buen estado;True;False;Distrito Yucatán- Las Cornisas;Las Rozas de Madrid;14.09;Piso
1600;piso;78;2;2;Segunda mano/buen estado;True;True;Distrito El Cantizal;Las Rozas de Madrid;20.51;Piso
1500;piso;90;2;2;Segunda mano/buen estado;True;True;Distrito Rozas Centro;Las Rozas de Madrid;16.67;Piso
2250;ático;179;3;3;Segunda mano/buen estado;True;True;Distrito Marazuela- El Torreón;Las Rozas de Madrid;12.57;Piso
1950;piso;135;3;2;Segunda mano/buen estado;True;True;Distrito Montecillo;Las Rozas de Madrid;14.44;Piso
3750;casa;220;4;3;Segunda mano/buen estado;True;True;Distrito Las Matas- Peñascales;Las Rozas de Madrid;17.05;other
2500;piso;150;3;2;Segunda mano/buen estado;False;True;Distrito Marazuela- El Torreón;Las Rozas de Madrid;16.67;Piso
3500;chalet;280;5;4;Segunda mano/buen estado;True;True;Distrito Las Matas- Peñascales;Las Rozas de Madrid;12.5;other
4100;casa;400;5;4;Segunda mano/buen estado;False;False;Distrito Molino de la Hoz;Las Rozas de Madrid;10.25;other
1650;piso;75;2;2;Segunda mano/buen estado;False;True;Distrito Europolis;Las Rozas de Madrid;22.0;Piso
2800;chalet;279;3;3;Segunda mano/buen estado;False;False;Distrito El Pinar- Punta Galea;Las Rozas de Madrid;10.04;other
4800;casa;509;5;4;Segunda mano/buen estado;True;True;Distrito Monte Rozas;Las Rozas de Madrid;9.43;other
4500;chalet;414;5;5;Segunda mano/buen estado;False;False;Distrito El Burgo;Las Rozas de Madrid;10.87;other
1475;piso;64;2;1;Segunda mano/buen estado;True;True;Distrito Molino de la Hoz;Las Rozas de Madrid;23.05;Piso
3500;casa;330;5;5;Segunda mano/buen estado;True;True;Distrito Molino de la Hoz;Las Rozas de Madrid;10.61;other
5000;casa;530;5;3;Segunda mano/buen estado;False;True;Distrito Las Matas- Peñascales;Las Rozas de Madrid;9.43;other
1000;piso;65;0;1;Segunda mano/buen estado;True;False;Distrito El Burgo;Las Rozas de Madrid;15.38;Piso
1900;piso;140;4;2;Segunda mano/buen estado;True;True;Distrito Marazuela- El Torreón;Las Rozas de Madrid;13.57;Piso
4800;casa;500;4;4;Segunda mano/buen estado;True;True;Distrito Monte Rozas;Las Rozas de Madrid;9.6;other
1450;piso;92;2;2;Segunda mano/buen estado;True;True;Distrito Yucatán- Las Cornisas;Las Rozas de Madrid;15.76;Piso
3000;chalet;300;4;3;Segunda mano/buen estado;True;True;Distrito Monte Rozas;Las Rozas de Madrid;10.0;other
3500;casa;320;6;5;Segunda mano/buen estado;True;True;Distrito Molino de la Hoz;Las Rozas de Madrid;10.94;other
4000;casa;600;6;7;Segunda mano/buen estado;True;True;Distrito Las Matas- Peñascales;Las Rozas de Madrid;6.67;other
1100;piso;55;0;1;Segunda mano/buen estado;True;False;Distrito Rozas Centro;Las Rozas de Madrid;20.0;Piso
5000;casa;530;5;3;Segunda mano/buen estado;False;True;Distrito Las Matas- Peñascales;Las Rozas de Madrid;9.43;other
1900;ático;85;3;2;Segunda mano/buen estado;True;True;Distrito Rozas Centro;Las Rozas de Madrid;22.35;Piso
1295;piso;70;2;1;Segunda mano/buen estado;True;True;Distrito Marazuela- El Torreón;Las Rozas de Madrid;18.5;Piso
7800;casa;450;4;5;Segunda mano/buen estado;True;True;Distrito Las Matas- Peñascales;Las Rozas de Madrid;17.33;other
4500;casa;300;5;4;Segunda mano/buen estado;True;True;Distrito Marazuela- El Torreón;Las Rozas de Madrid;15.0;other
2500;ático;160;4;3;Segunda mano/buen estado;True;True;Distrito El Cantizal;Las Rozas de Madrid;15.62;Piso
3800;piso;100;0;1;Segunda mano/buen estado;True;False;Distrito La Chopera;Las Rozas de Madrid;38.0;Piso
975;piso;56;0;1;Segunda mano/buen estado;True;True;Distrito Rozas Centro;Las Rozas de Madrid;17.41;Piso
2700;chalet;234;4;3;Segunda mano/buen estado;True;True;Distrito Club de Golf;Las Rozas de Madrid;11.54;other
1600;piso;80;2;2;Segunda mano/buen estado;True;False;Distrito Parque Empresarial;Las Rozas de Madrid;20.0;Piso
2700;ático;181;3;2;Segunda mano/buen estado;True;True;Distrito El Pinar- Punta Galea;Las Rozas de Madrid;14.92;Piso
1600;piso;85;3;2;Segunda mano/buen estado;True;True;Distrito El Burgo;Las Rozas de Madrid;18.82;Piso
2500;chalet;279;3;3;Segunda mano/buen estado;True;False;Distrito El Pinar- Punta Galea;Las Rozas de Madrid;8.96;other
7500;casa;1;8;10;Segunda mano/buen estado;True;True;Distrito Molino de la Hoz;Las Rozas de Madrid;7500.0;other
1250;piso;60;0;1;Segunda mano/buen estado;True;True;Distrito Parque Empresarial;Las Rozas de Madrid;20.83;Piso
3750;casa;350;6;5;Segunda mano/buen estado;True;True;Distrito Molino de la Hoz;Las Rozas de Madrid;10.71;other
1400;piso;61;2;2;Segunda mano/buen estado;True;True;Distrito El Burgo;Las Rozas de Madrid;22.95;Piso
3500;casa;350;6;5;Segunda mano/buen estado;True;True;Distrito Molino de la Hoz;Las Rozas de Madrid;10.0;other
1200;piso;75;0;1;Segunda mano/buen estado;True;True;Distrito Parque Empresarial;Las Rozas de Madrid;16.0;Piso
2800;piso;64;2;1;Segunda mano/buen estado;True;True;Distrito Rozas Centro;Las Rozas de Madrid;43.75;Piso
1800;piso;116;3;2;Segunda mano/buen estado;True;True;Distrito El Pinar- Punta Galea;Las Rozas de Madrid;15.52;Piso
1700;piso;115;3;2;Segunda mano/buen estado;True;True;Distrito El Burgo;Las Rozas de Madrid;14.78;Piso
1900;chalet;200;4;3;Segunda mano/buen estado;True;False;Distrito Monte Rozas;Las Rozas de Madrid;9.5;other
1800;piso;140;3;2;Segunda mano/buen estado;True;True;Distrito El Pinar- Punta Galea;Las Rozas de Madrid;12.86;Piso
1800;dúplex;145;3;3;Segunda mano/buen estado;True;True;Distrito Parque Empresarial;Las Rozas de Madrid;12.41;other
1050;chalet;75;3;2;Segunda mano/buen estado;False;False;Distrito Las Matas- Peñascales;Las Rozas de Madrid;14.0;other
1800;piso;120;3;2;Segunda mano/buen estado;False;False;Distrito Rozas Centro;Las Rozas de Madrid;15.0;Piso
2450;chalet;267;4;3;Segunda mano/buen estado;True;True;Distrito Las Matas- Peñascales;Las Rozas de Madrid;9.18;other
1250;ático;75;0;1;Segunda mano/buen estado;True;True;Distrito Marazuela- El Torreón;Las Rozas de Madrid;16.67;Piso
1700;piso;115;3;2;Segunda mano/buen estado;True;True;Distrito El Cantizal;Las Rozas de Madrid;14.78;Piso
3500;chalet;380;5;5;Segunda mano/buen estado;True;True;Distrito Molino de la Hoz;Las Rozas de Madrid;9.21;other
2100;piso;150;4;2;Segunda mano/buen estado;True;True;Distrito Yucatán- Las Cornisas;Las Rozas de Madrid;14.0;Piso
3000;chalet;190;5;5;Segunda mano/buen estado;True;True;Distrito Molino de la Hoz;Las Rozas de Madrid;15.79;other
1900;piso;111;2;2;Segunda mano/buen estado;True;True;Distrito Marazuela- El Torreón;Las Rozas de Madrid;17.12;Piso
750;estudio;30;0;1;Segunda mano/buen estado;True;False;Distrito Las Matas- Peñascales;Las Rozas de Madrid;25.0;Piso
1650;piso;116;3;2;Segunda mano/buen estado;True;True;Distrito El Cantizal;Las Rozas de Madrid;14.22;Piso
1900;piso;110;3;3;Segunda mano/buen estado;True;False;Distrito Rozas Centro;Las Rozas de Madrid;17.27;Piso
1300;piso;85;2;2;Segunda mano/buen estado;True;False;Distrito Rozas Centro;Las Rozas de Madrid;15.29;Piso
1800;piso;140;3;2;Segunda mano/buen estado;True;False;Distrito El Pinar- Punta Galea;Las Rozas de Madrid;12.86;Piso
980;dúplex;65;0;1;Segunda mano/buen estado;True;False;Distrito Rozas Centro;Las Rozas de Madrid;15.08;other
1650;piso;120;2;1;Segunda mano/buen estado;True;True;Distrito Yucatán- Las Cornisas;Las Rozas de Madrid;13.75;Piso
2100;piso;191;3;2;Segunda mano/buen estado;True;True;Distrito Montecillo;Las Rozas de Madrid;10.99;Piso
3950;chalet;424;6;4;Segunda mano/buen estado;True;True;Distrito Marazuela- El Torreón;Las Rozas de Madrid;9.32;other
1050;piso;66;0;1;Segunda mano/buen estado;True;False;Distrito El Burgo;Las Rozas de Madrid;15.91;Piso
3500;chalet;380;5;5;Segunda mano/buen estado;True;True;Distrito Molino de la Hoz;Las Rozas de Madrid;9.21;other
1550;piso;120;2;2;Segunda mano/buen estado;True;False;Distrito Montecillo;Las Rozas de Madrid;12.92;Piso
1300;piso;50;0;1;Segunda mano/buen estado;False;True;Distrito Marazuela- El Torreón;Las Rozas de Madrid;26.0;Piso
1400;piso;80;2;2;Segunda mano/buen estado;True;True;Distrito Parque Empresarial;Las Rozas de Madrid;17.5;Piso
1450;piso;125;3;2;Segunda mano/buen estado;True;True;Distrito El Burgo;Las Rozas de Madrid;11.6;Piso
1900;piso;107;3;2;Segunda mano/buen estado;True;False;Distrito Rozas Centro;Las Rozas de Madrid;17.76;Piso
2400;piso;145;3;2;Segunda mano/buen estado;True;True;Distrito Montecillo;Las Rozas de Madrid;16.55;Piso
1250;piso;62;0;1;Segunda mano/buen estado;True;True;Distrito El Burgo;Las Rozas de Madrid;20.16;Piso
3500;chalet;200;4;3;Segunda mano/buen estado;True;True;Distrito Rozas Centro;Las Rozas de Madrid;17.5;other
1150;piso;80;2;1;Segunda mano/buen estado;True;False;Distrito Rozas Centro;Las Rozas de Madrid;14.38;Piso
1900;dúplex;125;3;3;Segunda mano/buen estado;True;True;Distrito Europolis;Las Rozas de Madrid;15.2;other
2000;piso;30;0;1;Segunda mano/buen estado;True;True;Distrito Barrio de Salamanca;Madrid capital, Madrid;66.67;Piso
1300;piso;50;2;1;Segunda mano/buen estado;False;False;Distrito Barrio de Salamanca;Madrid capital, Madrid;26.0;Piso
1250;ático;60;0;1;Segunda mano/buen estado;False;False;Distrito Barrio de Salamanca;Madrid capital, Madrid;20.83;Piso
1000;estudio;29;0;1;Segunda mano/buen estado;False;False;Distrito Barrio de Salamanca;Madrid capital, Madrid;34.48;Piso
2500;piso;73;2;2;Segunda mano/buen estado;True;True;Distrito Barrio de Salamanca;Madrid capital, Madrid;34.25;Piso
2000;piso;89;2;1;Segunda mano/buen estado;True;True;Distrito Barrio de Salamanca;Madrid capital, Madrid;22.47;Piso
2150;piso;66;3;1;Segunda mano/buen estado;False;True;Distrito Barrio de Salamanca;Madrid capital, Madrid;32.58;Piso
2950;piso;120;4;2;Segunda mano/buen estado;True;True;Distrito Barrio de Salamanca;Madrid capital, Madrid;24.58;Piso
1400;estudio;32;0;1;Segunda mano/buen estado;True;True;Distrito Barrio de Salamanca;Madrid capital, Madrid;43.75;Piso
4000;piso;137;4;3;Segunda mano/buen estado;True;True;Distrito Barrio de Salamanca;Madrid capital, Madrid;29.2;Piso
3600;piso;90;3;2;Segunda mano/buen estado;False;True;Distrito Barrio de Salamanca;Madrid capital, Madrid;40.0;Piso
3800;piso;206;4;3;Segunda mano/buen estado;True;True;Distrito Barrio de Salamanca;Madrid capital, Madrid;18.45;Piso
2000;piso;60;0;1;Segunda mano/buen estado;True;True;Distrito Barrio de Salamanca;Madrid capital, Madrid;33.33;Piso
4500;piso;150;3;3;Segunda mano/buen estado;True;True;Distrito Barrio de Salamanca;Madrid capital, Madrid;30.0;Piso
1250;ático;56;0;1;Segunda mano/buen estado;False;True;Distrito Barrio de Salamanca;Madrid capital, Madrid;22.32;Piso
3800;piso;158;4;3;Segunda mano/buen estado;True;True;Distrito Barrio de Salamanca;Madrid capital, Madrid;24.05;Piso
2130;piso;60;0;1;Segunda mano/buen estado;True;True;Distrito Barrio de Salamanca;Madrid capital, Madrid;35.5;Piso
3700;piso;120;5;2;Segunda mano/buen estado;False;True;Distrito Barrio de Salamanca;Madrid capital, Madrid;30.83;Piso
3000;piso;111;4;2;Segunda mano/buen estado;False;True;Distrito Barrio de Salamanca;Madrid capital, Madrid;27.03;Piso
4500;piso;213;2;3;Segunda mano/buen estado;True;True;Distrito Barrio de Salamanca;Madrid capital, Madrid;21.13;Piso
1900;piso;70;2;2;Segunda mano/buen estado;False;True;Distrito Barrio de Salamanca;Madrid capital, Madrid;27.14;Piso
1700;piso;58;0;1;Segunda mano/buen estado;True;True;Distrito Barrio de Salamanca;Madrid capital, Madrid;29.31;Piso
1400;piso;51;2;1;Segunda mano/buen estado;True;True;Distrito Barrio de Salamanca;Madrid capital, Madrid;27.45;Piso
3950;dúplex;170;2;3;Segunda mano/buen estado;True;True;Distrito Barrio de Salamanca;Madrid capital, Madrid;23.24;other
1500;piso;58;0;1;Segunda mano/buen estado;True;True;Distrito Barrio de Salamanca;Madrid capital, Madrid;25.86;Piso
2000;piso;65;0;1;Segunda mano/buen estado;True;True;Distrito Barrio de Salamanca;Madrid capital, Madrid;30.77;Piso
3500;piso;124;2;2;Segunda mano/buen estado;True;True;Distrito Barrio de Salamanca;Madrid capital, Madrid;28.23;Piso
3000;piso;120;2;2;Segunda mano/buen estado;True;True;Distrito Barrio de Salamanca;Madrid capital, Madrid;25.0;Piso
1200;piso;36;0;1;Segunda mano/buen estado;False;True;Distrito Barrio de Salamanca;Madrid capital, Madrid;33.33;Piso
5900;piso;197;5;4;Segunda mano/buen estado;True;True;Distrito Barrio de Salamanca;Madrid capital, Madrid;29.95;Piso
1650;piso;100;2;1;Segunda mano/buen estado;True;True;Distrito Barrio de Salamanca;Madrid capital, Madrid;16.5;Piso
5900;piso;197;5;4;Segunda mano/buen estado;True;True;Distrito Barrio de Salamanca;Madrid capital, Madrid;29.95;Piso
3500;piso;120;2;2;Segunda mano/buen estado;True;True;Distrito Barrio de Salamanca;Madrid capital, Madrid;29.17;Piso
3600;piso;158;4;4;Segunda mano/buen estado;True;True;Distrito Barrio de Salamanca;Madrid capital, Madrid;22.78;Piso
990;estudio;35;0;1;Segunda mano/buen estado;True;True;Distrito Barrio de Salamanca;Madrid capital, Madrid;28.29;Piso
1350;estudio;50;0;1;Segunda mano/buen estado;True;True;Distrito Barrio de Salamanca;Madrid capital, Madrid;27.0;Piso
1390;piso;43;0;1;Segunda mano/buen estado;True;False;Distrito Barrio de Salamanca;Madrid capital, Madrid;32.33;Piso
2950;piso;102;4;2;Segunda mano/buen estado;True;False;Distrito Barrio de Salamanca;Madrid capital, Madrid;28.92;Piso
4700;casa;300;4;4;Segunda mano/buen estado;True;True;Distrito Barrio de Salamanca;Madrid capital, Madrid;15.67;other
2300;piso;40;0;1;Segunda mano/buen estado;True;True;Distrito Barrio de Salamanca;Madrid capital, Madrid;57.5;Piso
1550;estudio;55;0;1;Segunda mano/buen estado;True;True;Distrito Barrio de Salamanca;Madrid capital, Madrid;28.18;Piso
1600;piso;75;3;1;Segunda mano/buen estado;True;True;Distrito Barrio de Salamanca;Madrid capital, Madrid;21.33;Piso
1250;piso;42;0;1;Segunda mano/buen estado;True;False;Distrito Barrio de Salamanca;Madrid capital, Madrid;29.76;Piso
2550;piso;84;2;2;Segunda mano/buen estado;True;True;Distrito Barrio de Salamanca;Madrid capital, Madrid;30.36;Piso
7500;piso;150;2;3;Segunda mano/buen estado;True;True;Distrito Barrio de Salamanca;Madrid capital, Madrid;50.0;Piso
1750;piso;80;2;2;Segunda mano/buen estado;False;True;Distrito Barrio de Salamanca;Madrid capital, Madrid;21.88;Piso
3995;piso;138;2;2;Segunda mano/buen estado;True;True;Distrito Barrio de Salamanca;Madrid capital, Madrid;28.95;Piso
1200;piso;60;2;1;Segunda mano/buen estado;False;False;Distrito Barrio de Salamanca;Madrid capital, Madrid;20.0;Piso
2400;piso;140;3;2;Segunda mano/buen estado;True;True;Distrito Barrio de Salamanca;Madrid capital, Madrid;17.14;Piso
7000;piso;209;3;3;Segunda mano/buen estado;True;True;Distrito Barrio de Salamanca;Madrid capital, Madrid;33.49;Piso
1250;piso;60;2;1;Segunda mano/buen estado;True;False;Distrito Barrio de Salamanca;Madrid capital, Madrid;20.83;Piso
4500;piso;148;2;2;Segunda mano/buen estado;True;True;Distrito Barrio de Salamanca;Madrid capital, Madrid;30.41;Piso
2000;piso;70;2;1;Segunda mano/buen estado;False;True;Distrito Barrio de Salamanca;Madrid capital, Madrid;28.57;Piso
6800;piso;142;2;4;Segunda mano/buen estado;True;True;Distrito Barrio de Salamanca;Madrid capital, Madrid;47.89;Piso
2200;piso;90;2;2;Segunda mano/buen estado;True;True;Distrito Barrio de Salamanca;Madrid capital, Madrid;24.44;Piso
16000;ático;277;4;5;Segunda mano/buen estado;True;True;Distrito Barrio de Salamanca;Madrid capital, Madrid;57.76;Piso
3000;piso;140;2;2;Segunda mano/buen estado;True;True;Distrito Barrio de Salamanca;Madrid capital, Madrid;21.43;Piso
4300;piso;130;2;2;Segunda mano/buen estado;True;True;Distrito Barrio de Salamanca;Madrid capital, Madrid;33.08;Piso
2200;piso;80;3;2;Segunda mano/buen estado;True;True;Distrito Barrio de Salamanca;Madrid capital, Madrid;27.5;Piso
3600;ático;85;2;2;Segunda mano/buen estado;True;True;Distrito Barrio de Salamanca;Madrid capital, Madrid;42.35;Piso
2300;ático;80;0;1;Segunda mano/buen estado;True;True;Distrito Barrio de Salamanca;Madrid capital, Madrid;28.75;Piso
2495;piso;89;0;1;Segunda mano/buen estado;True;True;Distrito Barrio de Salamanca;Madrid capital, Madrid;28.03;Piso
1600;piso;65;0;1;Segunda mano/buen estado;True;True;Distrito Barrio de Salamanca;Madrid capital, Madrid;24.62;Piso
1800;piso;95;2;2;Segunda mano/buen estado;True;True;Distrito Barrio de Salamanca;Madrid capital, Madrid;18.95;Piso
2390;piso;98;3;2;Segunda mano/buen estado;True;True;Distrito Barrio de Salamanca;Madrid capital, Madrid;24.39;Piso
2195;piso;75;0;2;Segunda mano/buen estado;True;True;Distrito Barrio de Salamanca;Madrid capital, Madrid;29.27;Piso
2100;piso;80;2;1;Segunda mano/buen estado;True;False;Distrito Barrio de Salamanca;Madrid capital, Madrid;26.25;Piso
4495;piso;158;2;3;Segunda mano/buen estado;True;True;Distrito Barrio de Salamanca;Madrid capital, Madrid;28.45;Piso
1700;piso;66;2;1;Segunda mano/buen estado;True;True;Distrito Barrio de Salamanca;Madrid capital, Madrid;25.76;Piso
2745;piso;65;0;1;Segunda mano/buen estado;True;True;Distrito Barrio de Salamanca;Madrid capital, Madrid;42.23;Piso
2350;piso;173;4;2;Segunda mano/buen estado;True;True;Distrito Barrio de Salamanca;Madrid capital, Madrid;13.58;Piso
2745;piso;65;0;1;Segunda mano/buen estado;True;True;Distrito Barrio de Salamanca;Madrid capital, Madrid;42.23;Piso
2950;piso;94;3;2;Segunda mano/buen estado;True;True;Distrito Barrio de Salamanca;Madrid capital, Madrid;31.38;Piso
5245;ático;145;3;3;Segunda mano/buen estado;True;True;Distrito Barrio de Salamanca;Madrid capital, Madrid;36.17;Piso
2600;piso;100;2;1;Segunda mano/buen estado;True;True;Distrito Barrio de Salamanca;Madrid capital, Madrid;26.0;Piso
3495;piso;101;2;2;Segunda mano/buen estado;True;True;Distrito Barrio de Salamanca;Madrid capital, Madrid;34.6;Piso
1500;piso;46;2;1;Segunda mano/buen estado;False;True;Distrito Barrio de Salamanca;Madrid capital, Madrid;32.61;Piso
2395;piso;70;2;2;Segunda mano/buen estado;False;False;Distrito Barrio de Salamanca;Madrid capital, Madrid;34.21;Piso
1400;piso;60;2;1;Segunda mano/buen estado;True;False;Distrito Barrio de Salamanca;Madrid capital, Madrid;23.33;Piso
2245;piso;58;2;2;Segunda mano/buen estado;True;True;Distrito Barrio de Salamanca;Madrid capital, Madrid;38.71;Piso
2500;ático;130;2;2;Segunda mano/buen estado;True;True;Distrito Barrio de Salamanca;Madrid capital, Madrid;19.23;Piso
3995;piso;99;0;1;Segunda mano/buen estado;True;True;Distrito Barrio de Salamanca;Madrid capital, Madrid;40.35;Piso
3200;ático;60;0;1;Segunda mano/buen estado;False;False;Distrito Barrio de Salamanca;Madrid capital, Madrid;53.33;Piso
2495;piso;57;0;1;Segunda mano/buen estado;True;True;Distrito Barrio de Salamanca;Madrid capital, Madrid;43.77;Piso
1800;piso;80;2;1;Segunda mano/buen estado;True;True;Distrito Barrio de Salamanca;Madrid capital, Madrid;22.5;Piso
1600;piso;60;2;1;Segunda mano/buen estado;True;False;Distrito Barrio de Salamanca;Madrid capital, Madrid;26.67;Piso
1590;piso;54;2;1;Segunda mano/buen estado;True;False;Distrito Barrio de Salamanca;Madrid capital, Madrid;29.44;Piso
2400;piso;102;3;2;Segunda mano/buen estado;True;True;Distrito Barrio de Salamanca;Madrid capital, Madrid;23.53;Piso
2200;ático;75;0;2;Segunda mano/buen estado;True;True;Distrito Barrio de Salamanca;Madrid capital, Madrid;29.33;Piso
4495;piso;184;3;3;Segunda mano/buen estado;True;True;Distrito Barrio de Salamanca;Madrid capital, Madrid;24.43;Piso
1500;piso;40;0;1;Segunda mano/buen estado;True;True;Distrito Barrio de Salamanca;Madrid capital, Madrid;37.5;Piso
5495;piso;164;4;3;Segunda mano/buen estado;True;True;Distrito Barrio de Salamanca;Madrid capital, Madrid;33.51;Piso
1500;piso;60;0;1;Segunda mano/buen estado;False;True;Distrito Barrio de Salamanca;Madrid capital, Madrid;25.0;Piso
2495;piso;52;0;1;Segunda mano/buen estado;True;True;Distrito Barrio de Salamanca;Madrid capital, Madrid;47.98;Piso
1100;piso;57;0;1;Segunda mano/buen estado;True;True;Distrito Barrio de Salamanca;Madrid capital, Madrid;19.3;Piso
7500;piso;276;4;3;Segunda mano/buen estado;True;True;Distrito Barrio de Salamanca;Madrid capital, Madrid;27.17;Piso
980;estudio;32;0;1;Segunda mano/buen estado;True;True;Distrito Barrio de Salamanca;Madrid capital, Madrid;30.62;Piso
3400;piso;152;3;2;Segunda mano/buen estado;True;True;Distrito Barrio de Salamanca;Madrid capital, Madrid;22.37;Piso
5900;piso;165;3;3;Segunda mano/buen estado;False;True;Distrito Barrio de Salamanca;Madrid capital, Madrid;35.76;Piso
2900;piso;69;2;2;Segunda mano/buen estado;True;True;Distrito Barrio de Salamanca;Madrid capital, Madrid;42.03;Piso
2900;piso;90;2;2;Segunda mano/buen estado;True;True;Distrito Barrio de Salamanca;Madrid capital, Madrid;32.22;Piso
1150;estudio;33;0;1;Segunda mano/buen estado;True;True;Distrito Barrio de Salamanca;Madrid capital, Madrid;34.85;Piso
775;estudio;25;0;1;Segunda mano/buen estado;False;False;Distrito Barrio de Salamanca;Madrid capital, Madrid;31.0;Piso
1899;piso;72;2;2;Segunda mano/buen estado;True;False;Distrito Barrio de Salamanca;Madrid capital, Madrid;26.38;Piso
3200;piso;216;5;3;Segunda mano/buen estado;True;True;Distrito Barrio de Salamanca;Madrid capital, Madrid;14.81;Piso
1300;ático;80;3;1;Segunda mano/buen estado;True;False;Distrito Barrio de Salamanca;Madrid capital, Madrid;16.25;Piso
2700;dúplex;140;2;2;Segunda mano/buen estado;True;True;Distrito Barrio de Salamanca;Madrid capital, Madrid;19.29;other
1100;estudio;34;0;1;Segunda mano/buen estado;True;False;Distrito Barrio de Salamanca;Madrid capital, Madrid;32.35;Piso
1150;piso;48;0;1;Segunda mano/buen estado;True;False;Distrito Barrio de Salamanca;Madrid capital, Madrid;23.96;Piso
5500;piso;137;2;2;Segunda mano/buen estado;True;True;Distrito Barrio de Salamanca;Madrid capital, Madrid;40.15;Piso
2700;piso;113;3;2;Segunda mano/buen estado;True;True;Distrito Barrio de Salamanca;Madrid capital, Madrid;23.89;Piso
2500;piso;88;2;1;Segunda mano/buen estado;True;True;Distrito Barrio de Salamanca;Madrid capital, Madrid;28.41;Piso
1800;piso;31;2;1;Segunda mano/buen estado;True;False;Distrito Barrio de Salamanca;Madrid capital, Madrid;58.06;Piso
1300;estudio;39;0;1;Segunda mano/buen estado;True;True;Distrito Barrio de Salamanca;Madrid capital, Madrid;33.33;Piso
2390;piso;56;2;2;Segunda mano/buen estado;True;True;Distrito Barrio de Salamanca;Madrid capital, Madrid;42.68;Piso
4000;piso;160;3;2;Segunda mano/buen estado;True;True;Distrito Barrio de Salamanca;Madrid capital, Madrid;25.0;Piso
2050;piso;76;2;1;Segunda mano/buen estado;True;True;Distrito Barrio de Salamanca;Madrid capital, Madrid;26.97;Piso
1100;piso;60;0;1;Segunda mano/buen estado;False;False;Distrito Barrio de Salamanca;Madrid capital, Madrid;18.33;Piso
2800;piso;100;2;2;Segunda mano/buen estado;True;True;Distrito Barrio de Salamanca;Madrid capital, Madrid;28.0;Piso
3150;piso;138;3;2;Segunda mano/buen estado;True;True;Distrito Barrio de Salamanca;Madrid capital, Madrid;22.83;Piso
1950;piso;50;2;1;Segunda mano/buen estado;True;False;Distrito Barrio de Salamanca;Madrid capital, Madrid;39.0;Piso
7750;piso;222;4;5;Segunda mano/buen estado;True;True;Distrito Barrio de Salamanca;Madrid capital, Madrid;34.91;Piso
2100;ático;69;0;1;Segunda mano/buen estado;True;True;Distrito Barrio de Salamanca;Madrid capital, Madrid;30.43;Piso
1500;piso;70;2;1;Segunda mano/buen estado;True;False;Distrito Barrio de Salamanca;Madrid capital, Madrid;21.43;Piso
2400;piso;63;2;2;Segunda mano/buen estado;True;True;Distrito Barrio de Salamanca;Madrid capital, Madrid;38.1;Piso
3000;piso;70;0;1;Segunda mano/buen estado;True;True;Distrito Barrio de Salamanca;Madrid capital, Madrid;42.86;Piso
1595;piso;80;2;1;Segunda mano/buen estado;True;True;Distrito Barrio de Salamanca;Madrid capital, Madrid;19.94;Piso
4000;piso;190;4;2;Segunda mano/buen estado;True;True;Distrito Barrio de Salamanca;Madrid capital, Madrid;21.05;Piso
1030;piso;55;2;1;Segunda mano/buen estado;True;False;Distrito Barrio de Salamanca;Madrid capital, Madrid;18.73;Piso
1500;piso;75;2;1;Segunda mano/buen estado;True;True;Distrito Barrio de Salamanca;Madrid capital, Madrid;20.0;Piso
1990;piso;108;2;2;Segunda mano/buen estado;True;True;Distrito Barrio de Salamanca;Madrid capital, Madrid;18.43;Piso
2600;piso;80;2;1;Segunda mano/buen estado;True;True;Distrito Barrio de Salamanca;Madrid capital, Madrid;32.5;Piso
6000;piso;129;2;2;Segunda mano/buen estado;True;True;Distrito Barrio de Salamanca;Madrid capital, Madrid;46.51;Piso
2900;piso;120;2;2;Segunda mano/buen estado;False;True;Distrito Barrio de Salamanca;Madrid capital, Madrid;24.17;Piso
2150;piso;60;2;2;Segunda mano/buen estado;True;True;Distrito Barrio de Salamanca;Madrid capital, Madrid;35.83;Piso
3800;piso;90;2;2;Segunda mano/buen estado;True;True;Distrito Barrio de Salamanca;Madrid capital, Madrid;42.22;Piso
2450;piso;79;2;1;Segunda mano/buen estado;True;True;Distrito Barrio de Salamanca;Madrid capital, Madrid;31.01;Piso
2400;piso;85;3;2;Segunda mano/buen estado;False;False;Distrito Barrio de Salamanca;Madrid capital, Madrid;28.24;Piso
1250;piso;50;0;1;Segunda mano/buen estado;True;True;Distrito Barrio de Salamanca;Madrid capital, Madrid;25.0;Piso
2100;piso;65;0;1;Segunda mano/buen estado;True;True;Distrito Barrio de Salamanca;Madrid capital, Madrid;32.31;Piso
4500;piso;212;3;3;Segunda mano/buen estado;False;True;Distrito Barrio de Salamanca;Madrid capital, Madrid;21.23;Piso
1000;estudio;42;0;1;Segunda mano/buen estado;True;True;Distrito Barrio de Salamanca;Madrid capital, Madrid;23.81;Piso
2150;piso;53;0;1;Segunda mano/buen estado;True;True;Distrito Barrio de Salamanca;Madrid capital, Madrid;40.57;Piso
2500;piso;90;2;1;Segunda mano/buen estado;True;False;Distrito Barrio de Salamanca;Madrid capital, Madrid;27.78;Piso
1900;piso;92;2;2;Segunda mano/buen estado;True;True;Distrito Barrio de Salamanca;Madrid capital, Madrid;20.65;Piso
2400;piso;65;2;2;Segunda mano/buen estado;True;True;Distrito Barrio de Salamanca;Madrid capital, Madrid;36.92;Piso
1100;piso;35;0;1;Segunda mano/buen estado;True;True;Distrito Barrio de Salamanca;Madrid capital, Madrid;31.43;Piso
3200;piso;86;2;2;Segunda mano/buen estado;True;True;Distrito Barrio de Salamanca;Madrid capital, Madrid;37.21;Piso
2100;ático;81;2;2;Segunda mano/buen estado;True;True;Distrito Barrio de Salamanca;Madrid capital, Madrid;25.93;Piso
1700;dúplex;130;0;1;Segunda mano/buen estado;True;True;Distrito Barrio de Salamanca;Madrid capital, Madrid;13.08;other
1700;piso;75;2;1;Segunda mano/buen estado;True;False;Distrito Barrio de Salamanca;Madrid capital, Madrid;22.67;Piso
2050;piso;52;2;1;Segunda mano/buen estado;False;True;Distrito Barrio de Salamanca;Madrid capital, Madrid;39.42;Piso
1100;estudio;26;0;1;Segunda mano/buen estado;False;True;Distrito Barrio de Salamanca;Madrid capital, Madrid;42.31;Piso
1300;estudio;30;0;1;Segunda mano/buen estado;True;True;Distrito Barrio de Salamanca;Madrid capital, Madrid;43.33;Piso
5500;piso;215;3;3;Segunda mano/buen estado;True;True;Distrito Barrio de Salamanca;Madrid capital, Madrid;25.58;Piso
2800;piso;126;0;1;Segunda mano/buen estado;True;True;Distrito Barrio de Salamanca;Madrid capital, Madrid;22.22;Piso
3050;piso;148;3;3;Segunda mano/buen estado;True;True;Distrito Barrio de Salamanca;Madrid capital, Madrid;20.61;Piso
3400;piso;167;3;3;Segunda mano/buen estado;True;True;Distrito Barrio de Salamanca;Madrid capital, Madrid;20.36;Piso
2400;piso;82;2;2;Segunda mano/buen estado;True;True;Distrito Barrio de Salamanca;Madrid capital, Madrid;29.27;Piso
1300;piso;41;0;1;Segunda mano/buen estado;False;True;Distrito Barrio de Salamanca;Madrid capital, Madrid;31.71;Piso
2290;piso;63;2;1;Segunda mano/buen estado;True;True;Distrito Barrio de Salamanca;Madrid capital, Madrid;36.35;Piso
2990;piso;108;3;1;Segunda mano/buen estado;False;True;Distrito Barrio de Salamanca;Madrid capital, Madrid;27.69;Piso
950;estudio;45;0;1;Segunda mano/buen estado;False;True;Distrito Barrio de Salamanca;Madrid capital, Madrid;21.11;Piso
1500;piso;90;2;1;Segunda mano/buen estado;False;True;Distrito Barrio de Salamanca;Madrid capital, Madrid;16.67;Piso
1100;piso;40;0;1;Segunda mano/buen estado;True;True;Distrito Barrio de Salamanca;Madrid capital, Madrid;27.5;Piso
4500;piso;144;3;3;Segunda mano/buen estado;True;True;Distrito Barrio de Salamanca;Madrid capital, Madrid;31.25;Piso
2000;ático;82;2;2;Segunda mano/buen estado;True;True;Distrito Barrio de Salamanca;Madrid capital, Madrid;24.39;Piso
2400;piso;74;2;2;Segunda mano/buen estado;True;True;Distrito Barrio de Salamanca;Madrid capital, Madrid;32.43;Piso
2500;piso;79;2;1;Segunda mano/buen estado;True;False;Distrito Barrio de Salamanca;Madrid capital, Madrid;31.65;Piso
6200;piso;125;2;3;Segunda mano/buen estado;False;False;Distrito Barrio de Salamanca;Madrid capital, Madrid;49.6;Piso
1700;piso;65;0;1;Segunda mano/buen estado;True;True;Distrito Barrio de Salamanca;Madrid capital, Madrid;26.15;Piso
2400;piso;50;0;1;Segunda mano/buen estado;True;True;Distrito Barrio de Salamanca;Madrid capital, Madrid;48.0;Piso
900;ático;30;0;1;Segunda mano/buen estado;True;True;Distrito Barrio de Salamanca;Madrid capital, Madrid;30.0;Piso
1500;piso;60;2;1;Segunda mano/buen estado;True;False;Distrito Barrio de Salamanca;Madrid capital, Madrid;25.0;Piso
3045;piso;105;2;2;Segunda mano/buen estado;True;True;Distrito Barrio de Salamanca;Madrid capital, Madrid;29.0;Piso
3600;ático;115;2;2;Segunda mano/buen estado;True;True;Distrito Barrio de Salamanca;Madrid capital, Madrid;31.3;Piso
1300;piso;50;2;1;Segunda mano/buen estado;True;True;Distrito Barrio de Salamanca;Madrid capital, Madrid;26.0;Piso
2750;piso;95;2;2;Segunda mano/buen estado;True;True;Distrito Barrio de Salamanca;Madrid capital, Madrid;28.95;Piso
3400;piso;136;2;2;Segunda mano/buen estado;False;True;Distrito Barrio de Salamanca;Madrid capital, Madrid;25.0;Piso
5550;piso;135;3;3;Segunda mano/buen estado;True;True;Distrito Barrio de Salamanca;Madrid capital, Madrid;41.11;Piso
1300;piso;50;0;1;Segunda mano/buen estado;True;True;Distrito Barrio de Salamanca;Madrid capital, Madrid;26.0;Piso
2800;piso;150;4;2;Segunda mano/buen estado;True;True;Distrito Barrio de Salamanca;Madrid capital, Madrid;18.67;Piso
2300;piso;86;0;2;Segunda mano/buen estado;True;True;Distrito Barrio de Salamanca;Madrid capital, Madrid;26.74;Piso
5550;piso;135;3;3;Segunda mano/buen estado;True;True;Distrito Barrio de Salamanca;Madrid capital, Madrid;41.11;Piso
1150;piso;40;0;1;Segunda mano/buen estado;True;True;Distrito Barrio de Salamanca;Madrid capital, Madrid;28.75;Piso
4500;piso;169;2;2;Segunda mano/buen estado;True;True;Distrito Barrio de Salamanca;Madrid capital, Madrid;26.63;Piso
2800;piso;130;2;2;Segunda mano/buen estado;True;True;Distrito Barrio de Salamanca;Madrid capital, Madrid;21.54;Piso
3650;piso;139;3;2;Segunda mano/buen estado;True;True;Distrito Barrio de Salamanca;Madrid capital, Madrid;26.26;Piso
1500;estudio;42;0;2;Segunda mano/buen estado;True;True;Distrito Barrio de Salamanca;Madrid capital, Madrid;35.71;Piso
1690;piso;55;0;1;Segunda mano/buen estado;False;True;Distrito Barrio de Salamanca;Madrid capital, Madrid;30.73;Piso
1990;piso;60;2;1;Segunda mano/buen estado;True;True;Distrito Barrio de Salamanca;Madrid capital, Madrid;33.17;Piso
1630;piso;56;0;1;Segunda mano/buen estado;False;True;Distrito Barrio de Salamanca;Madrid capital, Madrid;29.11;Piso
1000;piso;41;0;1;Segunda mano/buen estado;False;False;Distrito Barrio de Salamanca;Madrid capital, Madrid;24.39;Piso
1820;piso;47;0;1;Segunda mano/buen estado;False;True;Distrito Barrio de Salamanca;Madrid capital, Madrid;38.72;Piso
3500;piso;120;2;2;Segunda mano/buen estado;True;True;Distrito Barrio de Salamanca;Madrid capital, Madrid;29.17;Piso
2400;piso;70;2;2;Segunda mano/buen estado;True;True;Distrito Barrio de Salamanca;Madrid capital, Madrid;34.29;Piso
1850;piso;70;0;1;Segunda mano/buen estado;True;True;Distrito Barrio de Salamanca;Madrid capital, Madrid;26.43;Piso
1800;piso;65;0;1;Segunda mano/buen estado;True;True;Distrito Barrio de Salamanca;Madrid capital, Madrid;27.69;Piso
3200;ático;60;0;1;Segunda mano/buen estado;False;False;Distrito Barrio de Salamanca;Madrid capital, Madrid;53.33;Piso
2500;piso;56;0;1;Segunda mano/buen estado;True;True;Distrito Barrio de Salamanca;Madrid capital, Madrid;44.64;Piso
1700;piso;55;3;1;Segunda mano/buen estado;True;False;Distrito Barrio de Salamanca;Madrid capital, Madrid;30.91;Piso
2240;piso;75;2;2;Segunda mano/buen estado;False;True;Distrito Barrio de Salamanca;Madrid capital, Madrid;29.87;Piso
4200;piso;168;3;3;Segunda mano/buen estado;True;False;Distrito Barrio de Salamanca;Madrid capital, Madrid;25.0;Piso
4800;piso;114;2;1;Segunda mano/buen estado;False;True;Distrito Barrio de Salamanca;Madrid capital, Madrid;42.11;Piso
2100;dúplex;117;3;2;Segunda mano/buen estado;True;True;Distrito Barrio de Salamanca;Madrid capital, Madrid;17.95;other
3500;ático;110;2;2;Segunda mano/buen estado;True;True;Distrito Barrio de Salamanca;Madrid capital, Madrid;31.82;Piso
2290;piso;57;2;1;Segunda mano/buen estado;True;True;Distrito Barrio de Salamanca;Madrid capital, Madrid;40.18;Piso
6500;piso;200;3;3;Segunda mano/buen estado;True;True;Distrito Barrio de Salamanca;Madrid capital, Madrid;32.5;Piso
4000;piso;111;2;3;Segunda mano/buen estado;True;True;Distrito Barrio de Salamanca;Madrid capital, Madrid;36.04;Piso
4000;piso;95;2;3;Segunda mano/buen estado;True;True;Distrito Barrio de Salamanca;Madrid capital, Madrid;42.11;Piso
2500;piso;150;4;3;Segunda mano/buen estado;True;False;Distrito Barrio de Salamanca;Madrid capital, Madrid;16.67;Piso
1900;piso;58;0;1;Segunda mano/buen estado;True;True;Distrito Barrio de Salamanca;Madrid capital, Madrid;32.76;Piso
2650;piso;91;2;1;Segunda mano/buen estado;True;True;Distrito Barrio de Salamanca;Madrid capital, Madrid;29.12;Piso
2000;piso;50;0;1;Segunda mano/buen estado;True;True;Distrito Barrio de Salamanca;Madrid capital, Madrid;40.0;Piso
2050;piso;70;2;2;Segunda mano/buen estado;True;False;Distrito Barrio de Salamanca;Madrid capital, Madrid;29.29;Piso
3000;ático;87;0;1;Segunda mano/buen estado;True;True;Distrito Barrio de Salamanca;Madrid capital, Madrid;34.48;Piso
1000;piso;37;0;1;Segunda mano/buen estado;True;False;Distrito Barrio de Salamanca;Madrid capital, Madrid;27.03;Piso
1500;piso;65;0;1;Segunda mano/buen estado;True;True;Distrito Barrio de Salamanca;Madrid capital, Madrid;23.08;Piso
1500;piso;65;2;1;Segunda mano/buen estado;False;True;Distrito Barrio de Salamanca;Madrid capital, Madrid;23.08;Piso
3000;piso;140;3;2;Segunda mano/buen estado;True;False;Distrito Barrio de Salamanca;Madrid capital, Madrid;21.43;Piso
1600;piso;50;2;1;Segunda mano/buen estado;True;False;Distrito Barrio de Salamanca;Madrid capital, Madrid;32.0;Piso
7000;piso;250;4;3;Segunda mano/buen estado;True;True;Distrito Barrio de Salamanca;Madrid capital, Madrid;28.0;Piso
1900;piso;64;0;1;Segunda mano/buen estado;True;True;Distrito Barrio de Salamanca;Madrid capital, Madrid;29.69;Piso
3700;piso;120;5;2;Segunda mano/buen estado;False;True;Distrito Barrio de Salamanca;Madrid capital, Madrid;30.83;Piso
1500;piso;43;0;1;Segunda mano/buen estado;False;True;Distrito Barrio de Salamanca;Madrid capital, Madrid;34.88;Piso
3500;piso;101;2;2;Segunda mano/buen estado;False;True;Distrito Barrio de Salamanca;Madrid capital, Madrid;34.65;Piso
1750;piso;52;2;1;Segunda mano/buen estado;True;True;Distrito Barrio de Salamanca;Madrid capital, Madrid;33.65;Piso
2430;piso;53;2;1;Segunda mano/buen estado;False;True;Distrito Barrio de Salamanca;Madrid capital, Madrid;45.85;Piso
1215;estudio;40;0;1;Segunda mano/buen estado;False;True;Distrito Barrio de Salamanca;Madrid capital, Madrid;30.38;Piso
7500;piso;280;5;4;Segunda mano/buen estado;True;True;Distrito Barrio de Salamanca;Madrid capital, Madrid;26.79;Piso
2450;piso;82;2;2;Segunda mano/buen estado;True;True;Distrito Barrio de Salamanca;Madrid capital, Madrid;29.88;Piso
1400;piso;65;0;1;Segunda mano/buen estado;True;True;Distrito Barrio de Salamanca;Madrid capital, Madrid;21.54;Piso
1600;ático;68;2;1;Segunda mano/buen estado;True;False;Distrito Barrio de Salamanca;Madrid capital, Madrid;23.53;Piso
2800;piso;91;2;2;Segunda mano/buen estado;False;True;Distrito Barrio de Salamanca;Madrid capital, Madrid;30.77;Piso
1390;piso;45;0;1;Segunda mano/buen estado;True;False;Distrito Barrio de Salamanca;Madrid capital, Madrid;30.89;Piso
7000;piso;333;5;5;Segunda mano/buen estado;False;True;Distrito Barrio de Salamanca;Madrid capital, Madrid;21.02;Piso
1990;piso;64;0;1;Segunda mano/buen estado;True;True;Distrito Barrio de Salamanca;Madrid capital, Madrid;31.09;Piso
8750;piso;230;4;3;Segunda mano/buen estado;True;True;Distrito Barrio de Salamanca;Madrid capital, Madrid;38.04;Piso
1500;piso;60;0;1;Segunda mano/buen estado;True;True;Distrito Barrio de Salamanca;Madrid capital, Madrid;25.0;Piso
3500;piso;135;3;2;Segunda mano/buen estado;False;True;Distrito Barrio de Salamanca;Madrid capital, Madrid;25.93;Piso
1200;piso;50;0;1;Segunda mano/buen estado;True;False;Distrito Barrio de Salamanca;Madrid capital, Madrid;24.0;Piso
1650;piso;54;0;1;Segunda mano/buen estado;True;True;Distrito Barrio de Salamanca;Madrid capital, Madrid;30.56;Piso
1600;piso;55;0;1;Segunda mano/buen estado;True;True;Distrito Barrio de Salamanca;Madrid capital, Madrid;29.09;Piso
1100;piso;40;0;1;Segunda mano/buen estado;True;True;Distrito Barrio de Salamanca;Madrid capital, Madrid;27.5;Piso
2100;piso;94;3;2;Segunda mano/buen estado;True;True;Distrito Barrio de Salamanca;Madrid capital, Madrid;22.34;Piso
1290;estudio;40;0;1;Segunda mano/buen estado;False;True;Distrito Barrio de Salamanca;Madrid capital, Madrid;32.25;Piso
3900;piso;150;4;3;Segunda mano/buen estado;True;True;Distrito Barrio de Salamanca;Madrid capital, Madrid;26.0;Piso
4000;piso;161;3;2;Segunda mano/buen estado;True;True;Distrito Barrio de Salamanca;Madrid capital, Madrid;24.84;Piso
1200;piso;48;0;1;Segunda mano/buen estado;True;True;Distrito Barrio de Salamanca;Madrid capital, Madrid;25.0;Piso
3500;piso;120;3;2;Segunda mano/buen estado;True;True;Distrito Barrio de Salamanca;Madrid capital, Madrid;29.17;Piso
3750;piso;213;3;2;Segunda mano/buen estado;True;True;Distrito Barrio de Salamanca;Madrid capital, Madrid;17.61;Piso
2300;piso;79;2;1;Segunda mano/buen estado;True;True;Distrito Barrio de Salamanca;Madrid capital, Madrid;29.11;Piso
3200;piso;110;2;2;Segunda mano/buen estado;True;True;Distrito Barrio de Salamanca;Madrid capital, Madrid;29.09;Piso
3500;piso;93;2;2;Segunda mano/buen estado;True;True;Distrito Barrio de Salamanca;Madrid capital, Madrid;37.63;Piso
980;piso;55;0;1;Segunda mano/buen estado;True;False;Distrito Barrio de Salamanca;Madrid capital, Madrid;17.82;Piso
2980;piso;104;2;2;Segunda mano/buen estado;True;True;Distrito Barrio de Salamanca;Madrid capital, Madrid;28.65;Piso
1600;piso;70;0;1;Segunda mano/buen estado;True;True;Distrito Barrio de Salamanca;Madrid capital, Madrid;22.86;Piso
1800;piso;67;0;1;Segunda mano/buen estado;True;False;Distrito Barrio de Salamanca;Madrid capital, Madrid;26.87;Piso
1400;piso;80;2;1;Segunda mano/buen estado;False;False;Distrito Barrio de Salamanca;Madrid capital, Madrid;17.5;Piso
3250;piso;105;3;2;Segunda mano/buen estado;False;True;Distrito Barrio de Salamanca;Madrid capital, Madrid;30.95;Piso
2950;piso;80;2;2;Segunda mano/buen estado;True;True;Distrito Barrio de Salamanca;Madrid capital, Madrid;36.88;Piso
4080;piso;82;2;2;Segunda mano/buen estado;False;True;Distrito Barrio de Salamanca;Madrid capital, Madrid;49.76;Piso
1950;piso;74;2;1;Segunda mano/buen estado;True;True;Distrito Barrio de Salamanca;Madrid capital, Madrid;26.35;Piso
8000;piso;214;3;3;Segunda mano/buen estado;True;True;Distrito Barrio de Salamanca;Madrid capital, Madrid;37.38;Piso
2300;piso;90;2;1;Segunda mano/buen estado;True;True;Distrito Barrio de Salamanca;Madrid capital, Madrid;25.56;Piso
4800;piso;133;3;3;Segunda mano/buen estado;False;True;Distrito Barrio de Salamanca;Madrid capital, Madrid;36.09;Piso
1350;piso;50;0;1;Segunda mano/buen estado;True;True;Distrito Barrio de Salamanca;Madrid capital, Madrid;27.0;Piso
7200;piso;372;4;4;Segunda mano/buen estado;True;True;Distrito Barrio de Salamanca;Madrid capital, Madrid;19.35;Piso
1400;piso;60;0;1;Segunda mano/buen estado;True;True;Distrito Barrio de Salamanca;Madrid capital, Madrid;23.33;Piso
6700;piso;181;2;3;Segunda mano/buen estado;True;True;Distrito Barrio de Salamanca;Madrid capital, Madrid;37.02;Piso
3200;piso;91;2;2;Segunda mano/buen estado;True;True;Distrito Barrio de Salamanca;Madrid capital, Madrid;35.16;Piso
3090;piso;60;3;2;Segunda mano/buen estado;False;True;Distrito Barrio de Salamanca;Madrid capital, Madrid;51.5;Piso
2600;piso;100;2;1;Segunda mano/buen estado;True;True;Distrito Barrio de Salamanca;Madrid capital, Madrid;26.0;Piso
2400;piso;102;2;2;Segunda mano/buen estado;True;True;Distrito Barrio de Salamanca;Madrid capital, Madrid;23.53;Piso
9000;piso;355;5;5;Segunda mano/buen estado;True;True;Distrito Barrio de Salamanca;Madrid capital, Madrid;25.35;Piso
2100;piso;55;0;1;Segunda mano/buen estado;True;True;Distrito Barrio de Salamanca;Madrid capital, Madrid;38.18;Piso
1700;piso;86;2;2;Segunda mano/buen estado;True;False;Distrito Barrio de Salamanca;Madrid capital, Madrid;19.77;Piso
3600;piso;209;3;4;Segunda mano/buen estado;True;True;Distrito Barrio de Salamanca;Madrid capital, Madrid;17.22;Piso
7500;piso;172;3;3;Segunda mano/buen estado;True;True;Distrito Barrio de Salamanca;Madrid capital, Madrid;43.6;Piso
3500;piso;159;4;2;Segunda mano/buen estado;True;True;Distrito Barrio de Salamanca;Madrid capital, Madrid;22.01;Piso
1460;piso;42;0;1;Segunda mano/buen estado;True;True;Distrito Barrio de Salamanca;Madrid capital, Madrid;34.76;Piso
1950;piso;49;0;1;Segunda mano/buen estado;True;True;Distrito Barrio de Salamanca;Madrid capital, Madrid;39.8;Piso
12500;piso;375;3;4;Segunda mano/buen estado;True;True;Distrito Barrio de Salamanca;Madrid capital, Madrid;33.33;Piso
2800;piso;87;0;1;Segunda mano/buen estado;True;True;Distrito Barrio de Salamanca;Madrid capital, Madrid;32.18;Piso
1850;piso;85;0;1;Segunda mano/buen estado;True;True;Distrito Barrio de Salamanca;Madrid capital, Madrid;21.76;Piso
4400;piso;170;3;2;Segunda mano/buen estado;False;True;Distrito Barrio de Salamanca;Madrid capital, Madrid;25.88;Piso
1600;piso;82;3;1;Segunda mano/buen estado;False;False;Distrito Barrio de Salamanca;Madrid capital, Madrid;19.51;Piso
2010;piso;53;0;1;Segunda mano/buen estado;False;True;Distrito Barrio de Salamanca;Madrid capital, Madrid;37.92;Piso
1300;piso;55;0;1;Segunda mano/buen estado;True;True;Distrito Barrio de Salamanca;Madrid capital, Madrid;23.64;Piso
3000;piso;220;4;2;Segunda mano/buen estado;True;True;Distrito Barrio de Salamanca;Madrid capital, Madrid;13.64;Piso
3300;piso;150;4;3;Segunda mano/buen estado;True;True;Distrito Barrio de Salamanca;Madrid capital, Madrid;22.0;Piso
2150;dúplex;66;0;1;Segunda mano/buen estado;True;True;Distrito Barrio de Salamanca;Madrid capital, Madrid;32.58;other
6500;piso;170;3;3;Segunda mano/buen estado;True;True;Distrito Barrio de Salamanca;Madrid capital, Madrid;38.24;Piso
2945;piso;107;3;2;Segunda mano/buen estado;True;True;Distrito Barrio de Salamanca;Madrid capital, Madrid;27.52;Piso
2200;ático;92;2;2;Segunda mano/buen estado;True;True;Distrito Barrio de Salamanca;Madrid capital, Madrid;23.91;Piso
2355;piso;77;2;2;Segunda mano/buen estado;True;True;Distrito Barrio de Salamanca;Madrid capital, Madrid;30.58;Piso
7500;piso;305;5;4;Segunda mano/buen estado;True;False;Distrito Barrio de Salamanca;Madrid capital, Madrid;24.59;Piso
1225;estudio;35;0;1;Segunda mano/buen estado;True;True;Distrito Barrio de Salamanca;Madrid capital, Madrid;35.0;Piso
1900;piso;87;2;2;Segunda mano/buen estado;True;True;Distrito Barrio de Salamanca;Madrid capital, Madrid;21.84;Piso
2405;piso;77;2;2;Segunda mano/buen estado;True;True;Distrito Barrio de Salamanca;Madrid capital, Madrid;31.23;Piso
1500;piso;65;0;1;Segunda mano/buen estado;False;True;Distrito Barrio de Salamanca;Madrid capital, Madrid;23.08;Piso
2850;piso;73;3;1;Segunda mano/buen estado;True;True;Distrito Barrio de Salamanca;Madrid capital, Madrid;39.04;Piso
3200;piso;101;4;2;Segunda mano/buen estado;False;False;Distrito Barrio de Salamanca;Madrid capital, Madrid;31.68;Piso
2700;piso;75;2;2;Segunda mano/buen estado;True;True;Distrito Barrio de Salamanca;Madrid capital, Madrid;36.0;Piso
5265;piso;167;3;2;Segunda mano/buen estado;True;True;Distrito Barrio de Salamanca;Madrid capital, Madrid;31.53;Piso
2280;piso;70;2;1;Segunda mano/buen estado;True;True;Distrito Barrio de Salamanca;Madrid capital, Madrid;32.57;Piso
4050;piso;88;3;2;Segunda mano/buen estado;True;True;Distrito Barrio de Salamanca;Madrid capital, Madrid;46.02;Piso
1890;piso;93;3;1;Segunda mano/buen estado;False;False;Distrito Barrio de Salamanca;Madrid capital, Madrid;20.32;Piso
5850;piso;110;3;2;Segunda mano/buen estado;True;True;Distrito Barrio de Salamanca;Madrid capital, Madrid;53.18;Piso
2050;piso;120;3;2;Segunda mano/buen estado;True;False;Distrito Barrio de Salamanca;Madrid capital, Madrid;17.08;Piso
8910;piso;209;3;2;Segunda mano/buen estado;True;True;Distrito Barrio de Salamanca;Madrid capital, Madrid;42.63;Piso
1690;piso;53;2;1;Segunda mano/buen estado;False;True;Distrito Barrio de Salamanca;Madrid capital, Madrid;31.89;Piso
10395;dúplex;154;3;3;Segunda mano/buen estado;True;True;Distrito Barrio de Salamanca;Madrid capital, Madrid;67.5;other
1650;piso;60;0;1;Segunda mano/buen estado;True;True;Distrito Barrio de Salamanca;Madrid capital, Madrid;27.5;Piso
2515;piso;78;2;2;Segunda mano/buen estado;True;True;Distrito Barrio de Salamanca;Madrid capital, Madrid;32.24;Piso
2000;piso;61;0;1;Segunda mano/buen estado;True;True;Distrito Barrio de Salamanca;Madrid capital, Madrid;32.79;Piso
3000;dúplex;85;2;2;Segunda mano/buen estado;False;False;Distrito Barrio de Salamanca;Madrid capital, Madrid;35.29;other
2100;piso;115;2;2;Segunda mano/buen estado;True;True;Distrito Barrio de Salamanca;Madrid capital, Madrid;18.26;Piso
4915;piso;156;2;2;Segunda mano/buen estado;True;True;Distrito Barrio de Salamanca;Madrid capital, Madrid;31.51;Piso
2795;dúplex;98;2;2;Segunda mano/buen estado;True;True;Distrito Barrio de Salamanca;Madrid capital, Madrid;28.52;other
8550;piso;200;4;3;Segunda mano/buen estado;False;False;Distrito Barrio de Salamanca;Madrid capital, Madrid;42.75;Piso
2200;piso;80;0;1;Segunda mano/buen estado;True;False;Distrito Barrio de Salamanca;Madrid capital, Madrid;27.5;Piso
3050;piso;100;3;3;Segunda mano/buen estado;False;True;Distrito Barrio de Salamanca;Madrid capital, Madrid;30.5;Piso
1500;piso;40;0;1;Segunda mano/buen estado;True;True;Distrito Barrio de Salamanca;Madrid capital, Madrid;37.5;Piso
3000;piso;115;2;2;Segunda mano/buen estado;True;True;Distrito Barrio de Salamanca;Madrid capital, Madrid;26.09;Piso
1625;estudio;44;0;1;Segunda mano/buen estado;True;True;Distrito Barrio de Salamanca;Madrid capital, Madrid;36.93;Piso
5000;piso;270;4;3;Segunda mano/buen estado;True;True;Distrito Barrio de Salamanca;Madrid capital, Madrid;18.52;Piso
2500;ático;87;2;1;Segunda mano/buen estado;True;True;Distrito Barrio de Salamanca;Madrid capital, Madrid;28.74;Piso
12000;piso;400;4;4;Segunda mano/buen estado;True;True;Distrito Barrio de Salamanca;Madrid capital, Madrid;30.0;Piso
1400;ático;35;0;1;Segunda mano/buen estado;False;True;Distrito Barrio de Salamanca;Madrid capital, Madrid;40.0;Piso
2565;piso;50;0;1;Segunda mano/buen estado;True;True;Distrito Barrio de Salamanca;Madrid capital, Madrid;51.3;Piso
2350;piso;80;2;1;Segunda mano/buen estado;True;True;Distrito Barrio de Salamanca;Madrid capital, Madrid;29.38;Piso
3105;piso;69;0;1;Segunda mano/buen estado;True;True;Distrito Barrio de Salamanca;Madrid capital, Madrid;45.0;Piso
1300;estudio;35;0;1;Segunda mano/buen estado;True;True;Distrito Barrio de Salamanca;Madrid capital, Madrid;37.14;Piso
7115;piso;154;3;2;Segunda mano/buen estado;True;True;Distrito Barrio de Salamanca;Madrid capital, Madrid;46.2;Piso
1400;piso;39;0;1;Segunda mano/buen estado;True;True;Distrito Barrio de Salamanca;Madrid capital, Madrid;35.9;Piso
3645;piso;70;2;2;Segunda mano/buen estado;True;True;Distrito Barrio de Salamanca;Madrid capital, Madrid;52.07;Piso
1450;piso;47;0;1;Segunda mano/buen estado;True;True;Distrito Barrio de Salamanca;Madrid capital, Madrid;30.85;Piso
4050;piso;120;2;2;Segunda mano/buen estado;True;True;Distrito Barrio de Salamanca;Madrid capital, Madrid;33.75;Piso
6000;piso;180;2;2;Segunda mano/buen estado;True;True;Distrito Barrio de Salamanca;Madrid capital, Madrid;33.33;Piso
10000;piso;305;3;4;Segunda mano/buen estado;True;True;Distrito Barrio de Salamanca;Madrid capital, Madrid;32.79;Piso
2000;piso;63;2;1;Segunda mano/buen estado;True;True;Distrito Barrio de Salamanca;Madrid capital, Madrid;31.75;Piso
5130;piso;160;3;2;Segunda mano/buen estado;True;True;Distrito Barrio de Salamanca;Madrid capital, Madrid;32.06;Piso
3000;piso;104;3;2;Segunda mano/buen estado;True;False;Distrito Barrio de Salamanca;Madrid capital, Madrid;28.85;Piso
10500;piso;344;5;4;Segunda mano/buen estado;True;True;Distrito Barrio de Salamanca;Madrid capital, Madrid;30.52;Piso
5900;piso;197;4;4;Segunda mano/buen estado;True;True;Distrito Barrio de Salamanca;Madrid capital, Madrid;29.95;Piso
4185;piso;90;2;2;Segunda mano/buen estado;True;True;Distrito Barrio de Salamanca;Madrid capital, Madrid;46.5;Piso
1795;piso;60;2;1;Segunda mano/buen estado;False;True;Distrito Barrio de Salamanca;Madrid capital, Madrid;29.92;Piso
7950;piso;305;4;3;Segunda mano/buen estado;True;True;Distrito Barrio de Salamanca;Madrid capital, Madrid;26.07;Piso
1200;piso;39;0;1;Segunda mano/buen estado;True;False;Distrito Barrio de Salamanca;Madrid capital, Madrid;30.77;Piso
1620;piso;48;0;1;Segunda mano/buen estado;True;True;Distrito Barrio de Salamanca;Madrid capital, Madrid;33.75;Piso
2900;piso;75;2;2;Segunda mano/buen estado;True;True;Distrito Barrio de Salamanca;Madrid capital, Madrid;38.67;Piso
2700;ático;50;0;1;Segunda mano/buen estado;True;True;Distrito Barrio de Salamanca;Madrid capital, Madrid;54.0;Piso
5500;piso;120;3;3;Segunda mano/buen estado;True;True;Distrito Barrio de Salamanca;Madrid capital, Madrid;45.83;Piso
3645;piso;83;2;2;Segunda mano/buen estado;True;True;Distrito Barrio de Salamanca;Madrid capital, Madrid;43.92;Piso
1700;piso;63;2;1;Segunda mano/buen estado;True;True;Distrito Barrio de Salamanca;Madrid capital, Madrid;26.98;Piso
6500;piso;179;3;3;Segunda mano/buen estado;True;True;Distrito Barrio de Salamanca;Madrid capital, Madrid;36.31;Piso
2700;piso;78;3;2;Segunda mano/para reformar;True;True;Distrito Barrio de Salamanca;Madrid capital, Madrid;34.62;Piso
1480;piso;59;2;1;Segunda mano/buen estado;True;False;Distrito Barrio de Salamanca;Madrid capital, Madrid;25.08;Piso
1900;piso;90;2;1;Segunda mano/buen estado;False;False;Distrito Barrio de Salamanca;Madrid capital, Madrid;21.11;Piso
11900;ático;270;3;4;Segunda mano/buen estado;True;True;Distrito Barrio de Salamanca;Madrid capital, Madrid;44.07;Piso
1300;piso;47;0;1;Segunda mano/buen estado;False;False;Distrito Barrio de Salamanca;Madrid capital, Madrid;27.66;Piso
3195;piso;56;2;2;Segunda mano/buen estado;True;True;Distrito Barrio de Salamanca;Madrid capital, Madrid;57.05;Piso
1450;piso;67;2;1;Segunda mano/buen estado;True;False;Distrito Barrio de Salamanca;Madrid capital, Madrid;21.64;Piso
2700;ático;108;2;2;Segunda mano/buen estado;True;True;Distrito Barrio de Salamanca;Madrid capital, Madrid;25.0;Piso
10800;piso;250;4;5;Segunda mano/buen estado;True;True;Distrito Barrio de Salamanca;Madrid capital, Madrid;43.2;Piso
3795;piso;140;3;2;Segunda mano/buen estado;True;True;Distrito Barrio de Salamanca;Madrid capital, Madrid;27.11;Piso
10800;piso;250;4;5;Segunda mano/buen estado;True;True;Distrito Barrio de Salamanca;Madrid capital, Madrid;43.2;Piso
1850;piso;70;0;1;Segunda mano/para reformar;True;True;Distrito Barrio de Salamanca;Madrid capital, Madrid;26.43;Piso
2600;piso;62;2;4;Segunda mano/buen estado;True;True;Distrito Barrio de Salamanca;Madrid capital, Madrid;41.94;Piso
10000;piso;280;3;3;Segunda mano/buen estado;True;True;Distrito Barrio de Salamanca;Madrid capital, Madrid;35.71;Piso
3000;piso;60;0;1;Segunda mano/buen estado;True;True;Distrito Barrio de Salamanca;Madrid capital, Madrid;50.0;Piso
5800;piso;205;5;3;Segunda mano/buen estado;False;False;Distrito Barrio de Salamanca;Madrid capital, Madrid;28.29;Piso
2600;piso;56;2;3;Segunda mano/buen estado;True;True;Distrito Barrio de Salamanca;Madrid capital, Madrid;46.43;Piso
1800;piso;61;2;2;Segunda mano/buen estado;True;True;Distrito Barrio de Salamanca;Madrid capital, Madrid;29.51;Piso
2300;piso;50;2;2;Segunda mano/buen estado;True;True;Distrito Barrio de Salamanca;Madrid capital, Madrid;46.0;Piso
2700;piso;69;2;2;Segunda mano/buen estado;True;True;Distrito Barrio de Salamanca;Madrid capital, Madrid;39.13;Piso
1900;piso;123;2;1;Segunda mano/buen estado;True;False;Distrito Barrio de Salamanca;Madrid capital, Madrid;15.45;Piso
5175;piso;170;3;2;Segunda mano/buen estado;True;True;Distrito Barrio de Salamanca;Madrid capital, Madrid;30.44;Piso
6250;piso;186;3;4;Segunda mano/buen estado;True;True;Distrito Barrio de Salamanca;Madrid capital, Madrid;33.6;Piso
8532;piso;177;3;3;Segunda mano/buen estado;True;True;Distrito Barrio de Salamanca;Madrid capital, Madrid;48.2;Piso
2500;piso;70;0;1;Segunda mano/buen estado;True;True;Distrito Barrio de Salamanca;Madrid capital, Madrid;35.71;Piso
5400;piso;125;3;3;Segunda mano/buen estado;True;True;Distrito Barrio de Salamanca;Madrid capital, Madrid;43.2;Piso
1645;piso;120;2;2;Segunda mano/buen estado;True;True;Distrito Barrio de Salamanca;Madrid capital, Madrid;13.71;Piso
5085;piso;120;2;2;Segunda mano/buen estado;True;True;Distrito Barrio de Salamanca;Madrid capital, Madrid;42.38;Piso
12000;ático;240;4;5;Segunda mano/buen estado;True;True;Distrito Barrio de Salamanca;Madrid capital, Madrid;50.0;Piso
7668;piso;218;3;3;Segunda mano/buen estado;True;True;Distrito Barrio de Salamanca;Madrid capital, Madrid;35.17;Piso
14000;piso;305;3;4;Segunda mano/buen estado;True;True;Distrito Barrio de Salamanca;Madrid capital, Madrid;45.9;Piso
2790;piso;68;2;1;Segunda mano/buen estado;True;True;Distrito Barrio de Salamanca;Madrid capital, Madrid;41.03;Piso
7500;piso;207;4;5;Segunda mano/buen estado;True;True;Distrito Barrio de Salamanca;Madrid capital, Madrid;36.23;Piso
5400;piso;125;3;3;Segunda mano/buen estado;True;True;Distrito Barrio de Salamanca;Madrid capital, Madrid;43.2;Piso
5000;piso;168;3;3;Segunda mano/buen estado;True;True;Distrito Barrio de Salamanca;Madrid capital, Madrid;29.76;Piso
1250;estudio;49;0;1;Segunda mano/buen estado;True;True;Distrito Barrio de Salamanca;Madrid capital, Madrid;25.51;Piso
2400;piso;73;0;1;Segunda mano/buen estado;True;True;Distrito Barrio de Salamanca;Madrid capital, Madrid;32.88;Piso
3290;piso;95;2;2;Segunda mano/buen estado;True;True;Distrito Barrio de Salamanca;Madrid capital, Madrid;34.63;Piso
1700;ático;75;2;2;Segunda mano/buen estado;True;True;Distrito Barrio de Salamanca;Madrid capital, Madrid;22.67;Piso
3745;piso;74;2;2;Segunda mano/buen estado;True;True;Distrito Barrio de Salamanca;Madrid capital, Madrid;50.61;Piso
4770;piso;151;4;2;Segunda mano/buen estado;True;True;Distrito Barrio de Salamanca;Madrid capital, Madrid;31.59;Piso
4700;piso;95;3;2;Segunda mano/buen estado;True;True;Distrito Barrio de Salamanca;Madrid capital, Madrid;49.47;Piso
4075;piso;113;3;2;Segunda mano/buen estado;True;True;Distrito Barrio de Salamanca;Madrid capital, Madrid;36.06;Piso
2800;piso;107;4;2;Segunda mano/buen estado;False;False;Distrito Barrio de Salamanca;Madrid capital, Madrid;26.17;Piso
5800;piso;148;2;2;Segunda mano/buen estado;True;True;Distrito Barrio de Salamanca;Madrid capital, Madrid;39.19;Piso
4780;piso;107;3;2;Segunda mano/buen estado;True;True;Distrito Barrio de Salamanca;Madrid capital, Madrid;44.67;Piso
4550;piso;133;3;2;Segunda mano/buen estado;True;True;Distrito Barrio de Salamanca;Madrid capital, Madrid;34.21;Piso
5500;ático;233;4;3;Segunda mano/buen estado;True;True;Distrito Barrio de Salamanca;Madrid capital, Madrid;23.61;Piso
2400;piso;117;2;2;Segunda mano/buen estado;True;True;Distrito Barrio de Salamanca;Madrid capital, Madrid;20.51;Piso
2600;ático;120;3;2;Segunda mano/buen estado;True;True;Distrito Barrio de Salamanca;Madrid capital, Madrid;21.67;Piso
5695;piso;139;3;3;Segunda mano/buen estado;True;True;Distrito Barrio de Salamanca;Madrid capital, Madrid;40.97;Piso
13500;piso;219;3;4;Segunda mano/buen estado;True;True;Distrito Barrio de Salamanca;Madrid capital, Madrid;61.64;Piso
5750;piso;135;3;3;Segunda mano/buen estado;True;True;Distrito Barrio de Salamanca;Madrid capital, Madrid;42.59;Piso
7000;dúplex;153;3;3;Segunda mano/buen estado;True;True;Distrito Barrio de Salamanca;Madrid capital, Madrid;45.75;other
8000;dúplex;210;3;4;Segunda mano/buen estado;True;True;Distrito Barrio de Salamanca;Madrid capital, Madrid;38.1;other
6495;piso;190;3;3;Segunda mano/buen estado;True;True;Distrito Barrio de Salamanca;Madrid capital, Madrid;34.18;Piso
5495;piso;167;3;3;Segunda mano/buen estado;True;True;Distrito Barrio de Salamanca;Madrid capital, Madrid;32.9;Piso
3500;piso;101;2;2;Segunda mano/buen estado;True;True;Distrito Barrio de Salamanca;Madrid capital, Madrid;34.65;Piso
2700;ático;66;2;1;Segunda mano/buen estado;True;True;Distrito Barrio de Salamanca;Madrid capital, Madrid;40.91;Piso
3330;piso;90;2;1;Segunda mano/buen estado;True;True;Distrito Barrio de Salamanca;Madrid capital, Madrid;37.0;Piso
2900;piso;110;3;2;Segunda mano/buen estado;True;True;Distrito Barrio de Salamanca;Madrid capital, Madrid;26.36;Piso
4455;ático;80;2;2;Segunda mano/buen estado;True;True;Distrito Barrio de Salamanca;Madrid capital, Madrid;55.69;Piso
2970;piso;77;0;1;Segunda mano/buen estado;True;True;Distrito Barrio de Salamanca;Madrid capital, Madrid;38.57;Piso
2150;piso;70;2;2;Segunda mano/buen estado;True;True;Distrito Barrio de Salamanca;Madrid capital, Madrid;30.71;Piso
5500;piso;132;2;2;Segunda mano/buen estado;True;True;Distrito Barrio de Salamanca;Madrid capital, Madrid;41.67;Piso
1550;piso;68;2;1;Segunda mano/buen estado;False;False;Distrito Barrio de Salamanca;Madrid capital, Madrid;22.79;Piso
4000;piso;161;3;2;Segunda mano/buen estado;True;True;Distrito Barrio de Salamanca;Madrid capital, Madrid;24.84;Piso
5000;piso;111;2;2;Segunda mano/buen estado;True;True;Distrito Barrio de Salamanca;Madrid capital, Madrid;45.05;Piso
4500;piso;150;3;2;Segunda mano/buen estado;True;True;Distrito Barrio de Salamanca;Madrid capital, Madrid;30.0;Piso
4300;piso;117;2;2;Segunda mano/buen estado;True;True;Distrito Barrio de Salamanca;Madrid capital, Madrid;36.75;Piso
3800;piso;92;2;2;Segunda mano/buen estado;True;True;Distrito Barrio de Salamanca;Madrid capital, Madrid;41.3;Piso
4500;piso;86;0;1;Segunda mano/buen estado;False;False;Distrito Barrio de Salamanca;Madrid capital, Madrid;52.33;Piso
1600;piso;53;2;1;Segunda mano/buen estado;True;True;Distrito Barrio de Salamanca;Madrid capital, Madrid;30.19;Piso
3700;piso;100;2;2;Segunda mano/buen estado;True;True;Distrito Barrio de Salamanca;Madrid capital, Madrid;37.0;Piso
3900;ático;54;2;1;Segunda mano/buen estado;True;True;Distrito Barrio de Salamanca;Madrid capital, Madrid;72.22;Piso
1400;estudio;37;0;1;Segunda mano/buen estado;True;True;Distrito Barrio de Salamanca;Madrid capital, Madrid;37.84;Piso
1800;piso;57;2;1;Segunda mano/buen estado;False;True;Distrito Barrio de Salamanca;Madrid capital, Madrid;31.58;Piso
3450;piso;108;3;2;Segunda mano/buen estado;False;False;Distrito Barrio de Salamanca;Madrid capital, Madrid;31.94;Piso
2200;piso;90;2;2;Segunda mano/buen estado;True;False;Distrito Barrio de Salamanca;Madrid capital, Madrid;24.44;Piso
2800;piso;130;3;2;Segunda mano/buen estado;True;False;Distrito Barrio de Salamanca;Madrid capital, Madrid;21.54;Piso
1190;estudio;42;0;1;Segunda mano/buen estado;True;True;Distrito Barrio de Salamanca;Madrid capital, Madrid;28.33;Piso
7000;piso;160;3;2;Segunda mano/buen estado;True;True;Distrito Barrio de Salamanca;Madrid capital, Madrid;43.75;Piso
4500;piso;130;3;2;Segunda mano/buen estado;True;True;Distrito Barrio de Salamanca;Madrid capital, Madrid;34.62;Piso
7500;piso;260;4;4;Segunda mano/buen estado;True;False;Distrito Barrio de Salamanca;Madrid capital, Madrid;28.85;Piso
2350;piso;59;2;1;Segunda mano/buen estado;True;True;Distrito Barrio de Salamanca;Madrid capital, Madrid;39.83;Piso
1650;piso;70;0;1;Segunda mano/buen estado;True;True;Distrito Barrio de Salamanca;Madrid capital, Madrid;23.57;Piso
3500;piso;210;3;2;Segunda mano/buen estado;True;True;Distrito Barrio de Salamanca;Madrid capital, Madrid;16.67;Piso
7000;ático;261;3;3;Segunda mano/buen estado;False;True;Distrito Barrio de Salamanca;Madrid capital, Madrid;26.82;Piso
3300;piso;120;3;2;Segunda mano/buen estado;True;True;Distrito Barrio de Salamanca;Madrid capital, Madrid;27.5;Piso
2900;piso;110;3;2;Segunda mano/buen estado;True;True;Distrito Barrio de Salamanca;Madrid capital, Madrid;26.36;Piso
10000;piso;396;4;5;Segunda mano/buen estado;True;True;Distrito Barrio de Salamanca;Madrid capital, Madrid;25.25;Piso
15000;ático;235;3;4;Segunda mano/buen estado;True;True;Distrito Barrio de Salamanca;Madrid capital, Madrid;63.83;Piso
5000;piso;149;4;3;;True;False;Distrito Barrio de Salamanca;Madrid capital, Madrid;33.56;Piso
7500;piso;240;5;5;Segunda mano/buen estado;True;True;Distrito Barrio de Salamanca;Madrid capital, Madrid;31.25;Piso
7000;piso;333;5;5;Segunda mano/buen estado;True;True;Distrito Barrio de Salamanca;Madrid capital, Madrid;21.02;Piso
3300;piso;213;3;3;Segunda mano/buen estado;True;True;Distrito Barrio de Salamanca;Madrid capital, Madrid;15.49;Piso
2400;piso;90;2;2;Segunda mano/buen estado;False;True;Distrito Barrio de Salamanca;Madrid capital, Madrid;26.67;Piso
3000;piso;99;2;2;Segunda mano/buen estado;False;True;Distrito Barrio de Salamanca;Madrid capital, Madrid;30.3;Piso
3200;piso;74;0;1;Segunda mano/buen estado;True;True;Distrito Barrio de Salamanca;Madrid capital, Madrid;43.24;Piso
4650;piso;193;4;3;Segunda mano/buen estado;True;True;Distrito Barrio de Salamanca;Madrid capital, Madrid;24.09;Piso
2190;piso;58;0;1;Segunda mano/buen estado;True;True;Distrito Barrio de Salamanca;Madrid capital, Madrid;37.76;Piso
20000;piso;500;4;5;Segunda mano/buen estado;True;True;Distrito Barrio de Salamanca;Madrid capital, Madrid;40.0;Piso
1620;piso;39;0;1;Segunda mano/buen estado;True;True;Distrito Barrio de Salamanca;Madrid capital, Madrid;41.54;Piso
2800;piso;50;0;1;Segunda mano/buen estado;False;True;Distrito Barrio de Salamanca;Madrid capital, Madrid;56.0;Piso
3000;piso;120;2;2;Segunda mano/buen estado;True;True;Distrito Barrio de Salamanca;Madrid capital, Madrid;25.0;Piso
2500;piso;115;3;2;Segunda mano/buen estado;True;True;Distrito Barrio de Salamanca;Madrid capital, Madrid;21.74;Piso
2900;ático;130;2;2;Segunda mano/buen estado;True;True;Distrito Barrio de Salamanca;Madrid capital, Madrid;22.31;Piso
3000;piso;80;2;2;Segunda mano/buen estado;True;True;Distrito Barrio de Salamanca;Madrid capital, Madrid;37.5;Piso
2900;piso;70;2;1;Segunda mano/buen estado;True;True;Distrito Barrio de Salamanca;Madrid capital, Madrid;41.43;Piso
2000;piso;86;2;1;Segunda mano/buen estado;True;False;Distrito Barrio de Salamanca;Madrid capital, Madrid;23.26;Piso
2400;piso;60;2;1;Segunda mano/buen estado;True;True;Distrito Barrio de Salamanca;Madrid capital, Madrid;40.0;Piso
1850;dúplex;100;4;2;Segunda mano/buen estado;True;False;Distrito Barrio de Salamanca;Madrid capital, Madrid;18.5;other
6900;piso;320;4;5;Segunda mano/buen estado;True;True;Distrito Barrio de Salamanca;Madrid capital, Madrid;21.56;Piso
4070;piso;160;3;2;Segunda mano/buen estado;True;True;Distrito Barrio de Salamanca;Madrid capital, Madrid;25.44;Piso
4200;piso;200;4;3;Segunda mano/buen estado;True;True;Distrito Barrio de Salamanca;Madrid capital, Madrid;21.0;Piso
1800;piso;68;2;1;Segunda mano/buen estado;True;True;Distrito Barrio de Salamanca;Madrid capital, Madrid;26.47;Piso
3475;piso;100;2;2;Segunda mano/buen estado;True;True;Distrito Barrio de Salamanca;Madrid capital, Madrid;34.75;Piso
1900;piso;80;3;2;Segunda mano/buen estado;False;False;Distrito Barrio de Salamanca;Madrid capital, Madrid;23.75;Piso
2300;piso;70;2;2;Segunda mano/buen estado;False;True;Distrito Barrio de Salamanca;Madrid capital, Madrid;32.86;Piso
4050;piso;93;3;2;Segunda mano/buen estado;True;True;Distrito Barrio de Salamanca;Madrid capital, Madrid;43.55;Piso
2465;piso;63;0;1;Segunda mano/buen estado;True;True;Distrito Barrio de Salamanca;Madrid capital, Madrid;39.13;Piso
11500;piso;238;3;4;Segunda mano/buen estado;True;True;Distrito Barrio de Salamanca;Madrid capital, Madrid;48.32;Piso
1800;piso;68;2;1;Segunda mano/buen estado;True;True;Distrito Barrio de Salamanca;Madrid capital, Madrid;26.47;Piso
6900;piso;320;4;5;Segunda mano/buen estado;True;True;Distrito Barrio de Salamanca;Madrid capital, Madrid;21.56;Piso
4050;piso;93;3;2;Segunda mano/buen estado;True;True;Distrito Barrio de Salamanca;Madrid capital, Madrid;43.55;Piso
3400;piso;167;3;3;Segunda mano/buen estado;True;True;Distrito Barrio de Salamanca;Madrid capital, Madrid;20.36;Piso
1195;piso;40;0;1;Segunda mano/buen estado;False;True;Distrito Barrio de Salamanca;Madrid capital, Madrid;29.88;Piso
2300;piso;97;2;3;Segunda mano/buen estado;True;True;Distrito Barrio de Salamanca;Madrid capital, Madrid;23.71;Piso
7000;dúplex;245;5;5;Segunda mano/buen estado;True;True;Distrito Barrio de Salamanca;Madrid capital, Madrid;28.57;other
5400;piso;211;3;3;Segunda mano/buen estado;True;True;Distrito Barrio de Salamanca;Madrid capital, Madrid;25.59;Piso
4200;piso;135;3;2;Segunda mano/buen estado;True;True;Distrito Barrio de Salamanca;Madrid capital, Madrid;31.11;Piso
3800;piso;110;2;2;Segunda mano/buen estado;False;True;Distrito Barrio de Salamanca;Madrid capital, Madrid;34.55;Piso
4500;ático;120;0;1;Segunda mano/buen estado;True;True;Distrito Barrio de Salamanca;Madrid capital, Madrid;37.5;Piso
2700;piso;100;3;1;Segunda mano/buen estado;True;True;Distrito Barrio de Salamanca;Madrid capital, Madrid;27.0;Piso
850;estudio;30;0;1;Segunda mano/buen estado;True;True;Distrito Barrio de Salamanca;Madrid capital, Madrid;28.33;Piso
1700;piso;80;0;1;Segunda mano/buen estado;True;True;Distrito Barrio de Salamanca;Madrid capital, Madrid;21.25;Piso
3000;ático;128;3;2;Segunda mano/buen estado;False;True;Distrito Barrio de Salamanca;Madrid capital, Madrid;23.44;Piso
1100;piso;45;0;1;Segunda mano/buen estado;True;True;Distrito Barrio de Salamanca;Madrid capital, Madrid;24.44;Piso
7500;piso;200;3;3;Segunda mano/buen estado;False;True;Distrito Barrio de Salamanca;Madrid capital, Madrid;37.5;Piso
5500;piso;220;4;3;Segunda mano/buen estado;True;True;Distrito Barrio de Salamanca;Madrid capital, Madrid;25.0;Piso
2350;piso;80;2;2;Segunda mano/buen estado;True;True;Distrito Barrio de Salamanca;Madrid capital, Madrid;29.38;Piso
1800;piso;45;0;1;Segunda mano/buen estado;True;True;Distrito Barrio de Salamanca;Madrid capital, Madrid;40.0;Piso
3300;ático;110;2;2;Segunda mano/buen estado;True;True;Distrito Barrio de Salamanca;Madrid capital, Madrid;30.0;Piso
1700;piso;65;3;1;Segunda mano/buen estado;False;False;Distrito Barrio de Salamanca;Madrid capital, Madrid;26.15;Piso
7000;piso;206;5;5;Segunda mano/buen estado;True;True;Distrito Barrio de Salamanca;Madrid capital, Madrid;33.98;Piso
7000;piso;333;5;5;Segunda mano/buen estado;True;True;Distrito Barrio de Salamanca;Madrid capital, Madrid;21.02;Piso
1800;piso;71;2;2;Segunda mano/buen estado;False;True;Distrito Barrio de Salamanca;Madrid capital, Madrid;25.35;Piso
4300;piso;115;2;2;Segunda mano/buen estado;False;False;Distrito Barrio de Salamanca;Madrid capital, Madrid;37.39;Piso
1950;piso;58;2;2;Segunda mano/buen estado;False;True;Distrito Barrio de Salamanca;Madrid capital, Madrid;33.62;Piso
6500;piso;200;4;4;Segunda mano/buen estado;True;True;Distrito Barrio de Salamanca;Madrid capital, Madrid;32.5;Piso
7600;piso;205;4;4;Segunda mano/buen estado;True;True;Distrito Barrio de Salamanca;Madrid capital, Madrid;37.07;Piso
3200;piso;185;3;2;Segunda mano/buen estado;True;True;Distrito Barrio de Salamanca;Madrid capital, Madrid;17.3;Piso
3200;piso;185;3;2;Segunda mano/buen estado;True;True;Distrito Barrio de Salamanca;Madrid capital, Madrid;17.3;Piso
4995;piso;164;4;4;Segunda mano/buen estado;True;False;Distrito Barrio de Salamanca;Madrid capital, Madrid;30.46;Piso
7600;piso;205;4;4;Segunda mano/buen estado;True;True;Distrito Barrio de Salamanca;Madrid capital, Madrid;37.07;Piso
3800;piso;162;4;3;Segunda mano/buen estado;True;True;Distrito Barrio de Salamanca;Madrid capital, Madrid;23.46;Piso
6500;piso;200;4;4;Segunda mano/buen estado;True;True;Distrito Barrio de Salamanca;Madrid capital, Madrid;32.5;Piso
5000;piso;110;2;3;Segunda mano/buen estado;True;True;Distrito Barrio de Salamanca;Madrid capital, Madrid;45.45;Piso
2800;piso;60;0;2;Segunda mano/buen estado;False;True;Distrito Barrio de Salamanca;Madrid capital, Madrid;46.67;Piso
2000;piso;70;0;1;Segunda mano/buen estado;True;True;Distrito Barrio de Salamanca;Madrid capital, Madrid;28.57;Piso
3600;ático;100;0;2;Segunda mano/buen estado;True;True;Distrito Barrio de Salamanca;Madrid capital, Madrid;36.0;Piso
1900;piso;77;2;1;Segunda mano/buen estado;True;False;Distrito Barrio de Salamanca;Madrid capital, Madrid;24.68;Piso
1450;piso;68;2;1;Segunda mano/buen estado;False;False;Distrito Barrio de Salamanca;Madrid capital, Madrid;21.32;Piso
7500;piso;220;3;2;Segunda mano/buen estado;True;True;Distrito Barrio de Salamanca;Madrid capital, Madrid;34.09;Piso
3100;piso;71;2;2;Segunda mano/buen estado;True;True;Distrito Barrio de Salamanca;Madrid capital, Madrid;43.66;Piso
1200;piso;50;0;1;Segunda mano/buen estado;True;False;Distrito Barrio de Salamanca;Madrid capital, Madrid;24.0;Piso
3200;piso;74;2;1;Segunda mano/buen estado;True;True;Distrito Barrio de Salamanca;Madrid capital, Madrid;43.24;Piso
11500;piso;236;3;4;Segunda mano/buen estado;True;True;Distrito Barrio de Salamanca;Madrid capital, Madrid;48.73;Piso
5300;piso;210;3;4;Segunda mano/buen estado;True;True;Distrito Barrio de Salamanca;Madrid capital, Madrid;25.24;Piso
1900;piso;45;0;1;Segunda mano/buen estado;False;False;Distrito Barrio de Salamanca;Madrid capital, Madrid;42.22;Piso
1970;piso;77;0;1;Segunda mano/buen estado;True;True;Distrito Barrio de Salamanca;Madrid capital, Madrid;25.58;Piso
2980;piso;104;2;2;Segunda mano/buen estado;True;True;Distrito Barrio de Salamanca;Madrid capital, Madrid;28.65;Piso
2000;piso;100;2;2;Segunda mano/buen estado;True;True;Distrito Barrio de Salamanca;Madrid capital, Madrid;20.0;Piso
25000;piso;483;4;5;Segunda mano/buen estado;True;True;Distrito Barrio de Salamanca;Madrid capital, Madrid;51.76;Piso
6800;piso;142;2;3;Segunda mano/buen estado;True;True;Distrito Barrio de Salamanca;Madrid capital, Madrid;47.89;Piso
2437;piso;82;2;2;Segunda mano/buen estado;True;True;Distrito Barrio de Salamanca;Madrid capital, Madrid;29.72;Piso
4000;piso;207;4;3;Segunda mano/buen estado;False;True;Distrito Barrio de Salamanca;Madrid capital, Madrid;19.32;Piso
2400;ático;77;2;2;Segunda mano/buen estado;False;True;Distrito Barrio de Salamanca;Madrid capital, Madrid;31.17;Piso
1650;piso;42;0;1;Segunda mano/buen estado;False;True;Distrito Barrio de Salamanca;Madrid capital, Madrid;39.29;Piso
7800;ático;200;2;3;Segunda mano/buen estado;True;True;Distrito Barrio de Salamanca;Madrid capital, Madrid;39.0;Piso
7000;dúplex;270;5;5;Segunda mano/buen estado;True;True;Distrito Barrio de Salamanca;Madrid capital, Madrid;25.93;other
7800;ático;200;2;3;Segunda mano/buen estado;True;True;Distrito Barrio de Salamanca;Madrid capital, Madrid;39.0;Piso
6800;piso;142;2;3;Segunda mano/buen estado;True;True;Distrito Barrio de Salamanca;Madrid capital, Madrid;47.89;Piso
2000;piso;100;2;2;Segunda mano/buen estado;True;True;Distrito Barrio de Salamanca;Madrid capital, Madrid;20.0;Piso
2600;piso;83;0;1;Segunda mano/buen estado;False;True;Distrito Barrio de Salamanca;Madrid capital, Madrid;31.33;Piso
1400;piso;50;0;1;Segunda mano/buen estado;True;True;Distrito Barrio de Salamanca;Madrid capital, Madrid;28.0;Piso
2200;piso;68;2;1;Segunda mano/buen estado;True;True;Distrito Barrio de Salamanca;Madrid capital, Madrid;32.35;Piso
1970;piso;77;0;1;Segunda mano/buen estado;True;True;Distrito Barrio de Salamanca;Madrid capital, Madrid;25.58;Piso
2400;ático;77;2;2;Segunda mano/buen estado;False;True;Distrito Barrio de Salamanca;Madrid capital, Madrid;31.17;Piso
2990;piso;105;3;2;Segunda mano/buen estado;False;True;Distrito Barrio de Salamanca;Madrid capital, Madrid;28.48;Piso
2390;ático;52;0;1;Segunda mano/buen estado;True;True;Distrito Barrio de Salamanca;Madrid capital, Madrid;45.96;Piso
1300;piso;45;0;1;Segunda mano/buen estado;True;True;Distrito Barrio de Salamanca;Madrid capital, Madrid;28.89;Piso
2500;piso;66;2;1;Segunda mano/buen estado;False;False;Distrito Barrio de Salamanca;Madrid capital, Madrid;37.88;Piso
1490;piso;54;0;1;Segunda mano/buen estado;True;False;Distrito Barrio de Salamanca;Madrid capital, Madrid;27.59;Piso
4900;piso;120;2;2;Segunda mano/buen estado;True;True;Distrito Barrio de Salamanca;Madrid capital, Madrid;40.83;Piso
3800;piso;117;3;2;Segunda mano/buen estado;True;False;Distrito Barrio de Salamanca;Madrid capital, Madrid;32.48;Piso
3200;piso;127;2;3;Segunda mano/buen estado;True;True;Distrito Barrio de Salamanca;Madrid capital, Madrid;25.2;Piso
10000;piso;200;3;4;Segunda mano/buen estado;True;True;Distrito Barrio de Salamanca;Madrid capital, Madrid;50.0;Piso
8000;piso;311;4;4;Segunda mano/buen estado;True;True;Distrito Barrio de Salamanca;Madrid capital, Madrid;25.72;Piso
5350;piso;100;2;2;Segunda mano/buen estado;True;True;Distrito Barrio de Salamanca;Madrid capital, Madrid;53.5;Piso
5800;piso;140;2;2;Segunda mano/buen estado;True;False;Distrito Barrio de Salamanca;Madrid capital, Madrid;41.43;Piso
3200;piso;105;3;2;Segunda mano/buen estado;True;True;Distrito Barrio de Salamanca;Madrid capital, Madrid;30.48;Piso
1290;estudio;40;0;1;Segunda mano/buen estado;True;True;Distrito Barrio de Salamanca;Madrid capital, Madrid;32.25;Piso
1750;piso;67;2;2;Segunda mano/buen estado;True;True;Distrito Barrio de Salamanca;Madrid capital, Madrid;26.12;Piso
2000;piso;89;3;2;Segunda mano/buen estado;True;True;Distrito Barrio de Salamanca;Madrid capital, Madrid;22.47;Piso
1755;estudio;37;0;1;Segunda mano/buen estado;True;True;Distrito Barrio de Salamanca;Madrid capital, Madrid;47.43;Piso
1850;piso;73;2;2;Segunda mano/buen estado;True;True;Distrito Barrio de Salamanca;Madrid capital, Madrid;25.34;Piso
7500;piso;191;3;2;Segunda mano/buen estado;False;True;Distrito Barrio de Salamanca;Madrid capital, Madrid;39.27;Piso
10000;piso;305;4;5;Segunda mano/buen estado;True;True;Distrito Barrio de Salamanca;Madrid capital, Madrid;32.79;Piso
3000;piso;110;2;2;Segunda mano/buen estado;True;True;Distrito Barrio de Salamanca;Madrid capital, Madrid;27.27;Piso
1965;piso;55;0;1;Segunda mano/buen estado;True;True;Distrito Barrio de Salamanca;Madrid capital, Madrid;35.73;Piso
10000;piso;305;4;5;Segunda mano/buen estado;True;True;Distrito Barrio de Salamanca;Madrid capital, Madrid;32.79;Piso
3000;piso;110;2;2;Segunda mano/buen estado;True;True;Distrito Barrio de Salamanca;Madrid capital, Madrid;27.27;Piso
2300;piso;85;2;1;Segunda mano/buen estado;False;True;Distrito Barrio de Salamanca;Madrid capital, Madrid;27.06;Piso
5950;piso;248;5;4;Segunda mano/buen estado;True;True;Distrito Barrio de Salamanca;Madrid capital, Madrid;23.99;Piso
1350;estudio;50;0;1;Segunda mano/buen estado;True;True;Distrito Barrio de Salamanca;Madrid capital, Madrid;27.0;Piso
7000;dúplex;263;5;5;Segunda mano/buen estado;False;True;Distrito Barrio de Salamanca;Madrid capital, Madrid;26.62;other
1300;estudio;40;0;1;Segunda mano/buen estado;True;False;Distrito Barrio de Salamanca;Madrid capital, Madrid;32.5;Piso
3000;piso;80;2;1;Segunda mano/buen estado;True;True;Distrito Barrio de Salamanca;Madrid capital, Madrid;37.5;Piso
1915;piso;45;0;1;Segunda mano/buen estado;True;True;Distrito Barrio de Salamanca;Madrid capital, Madrid;42.56;Piso
4210;piso;125;3;2;Segunda mano/buen estado;True;True;Distrito Barrio de Salamanca;Madrid capital, Madrid;33.68;Piso
2000;piso;51;0;1;Segunda mano/buen estado;False;True;Distrito Barrio de Salamanca;Madrid capital, Madrid;39.22;Piso
2690;piso;89;2;1;Segunda mano/buen estado;True;True;Distrito Barrio de Salamanca;Madrid capital, Madrid;30.22;Piso
1650;piso;59;0;1;Segunda mano/buen estado;True;True;Distrito Barrio de Salamanca;Madrid capital, Madrid;27.97;Piso
2200;piso;69;0;1;Segunda mano/buen estado;False;True;Distrito Barrio de Salamanca;Madrid capital, Madrid;31.88;Piso
1950;piso;78;0;1;Segunda mano/buen estado;True;True;Distrito Barrio de Salamanca;Madrid capital, Madrid;25.0;Piso
4000;piso;122;3;3;Segunda mano/buen estado;True;True;Distrito Barrio de Salamanca;Madrid capital, Madrid;32.79;Piso
2100;ático;110;0;1;Segunda mano/buen estado;True;True;Distrito Barrio de Salamanca;Madrid capital, Madrid;19.09;Piso
4200;piso;110;3;3;Segunda mano/buen estado;True;True;Distrito Barrio de Salamanca;Madrid capital, Madrid;38.18;Piso
1790;piso;98;0;2;Segunda mano/buen estado;True;True;Distrito Barrio de Salamanca;Madrid capital, Madrid;18.27;Piso
3200;piso;110;3;2;Segunda mano/buen estado;False;False;Distrito Barrio de Salamanca;Madrid capital, Madrid;29.09;Piso
1890;piso;94;0;1;Segunda mano/buen estado;False;True;Distrito Barrio de Salamanca;Madrid capital, Madrid;20.11;Piso
1750;ático;55;0;1;Segunda mano/buen estado;True;True;Distrito Barrio de Salamanca;Madrid capital, Madrid;31.82;Piso
1550;piso;51;0;1;Segunda mano/buen estado;True;True;Distrito Barrio de Salamanca;Madrid capital, Madrid;30.39;Piso
7000;piso;202;3;3;Segunda mano/buen estado;False;True;Distrito Barrio de Salamanca;Madrid capital, Madrid;34.65;Piso
1900;ático;78;2;2;Segunda mano/buen estado;True;True;Distrito Barrio de Salamanca;Madrid capital, Madrid;24.36;Piso
1500;piso;48;0;1;Segunda mano/buen estado;True;True;Distrito Barrio de Salamanca;Madrid capital, Madrid;31.25;Piso
4200;piso;140;3;3;Segunda mano/buen estado;False;True;Distrito Barrio de Salamanca;Madrid capital, Madrid;30.0;Piso
1700;piso;100;2;1;Segunda mano/buen estado;True;False;Distrito Barrio de Salamanca;Madrid capital, Madrid;17.0;Piso
2200;piso;97;3;2;Segunda mano/buen estado;True;True;Distrito Barrio de Salamanca;Madrid capital, Madrid;22.68;Piso
1550;piso;47;0;1;Segunda mano/buen estado;True;True;Distrito Barrio de Salamanca;Madrid capital, Madrid;32.98;Piso
4200;piso;140;3;3;Segunda mano/buen estado;False;True;Distrito Barrio de Salamanca;Madrid capital, Madrid;30.0;Piso
1200;estudio;52;0;1;Segunda mano/buen estado;True;True;Distrito Barrio de Salamanca;Madrid capital, Madrid;23.08;Piso
7000;piso;202;3;3;Segunda mano/buen estado;False;True;Distrito Barrio de Salamanca;Madrid capital, Madrid;34.65;Piso
3200;piso;110;3;2;Segunda mano/buen estado;False;False;Distrito Barrio de Salamanca;Madrid capital, Madrid;29.09;Piso
1700;piso;100;2;1;Segunda mano/buen estado;True;False;Distrito Barrio de Salamanca;Madrid capital, Madrid;17.0;Piso
3600;piso;105;2;3;Segunda mano/buen estado;True;True;Distrito Barrio de Salamanca;Madrid capital, Madrid;34.29;Piso
1850;piso;62;0;1;Segunda mano/buen estado;False;True;Distrito Barrio de Salamanca;Madrid capital, Madrid;29.84;Piso
1700;ático;66;0;1;Segunda mano/buen estado;True;True;Distrito Barrio de Salamanca;Madrid capital, Madrid;25.76;Piso
2200;ático;98;2;2;Segunda mano/buen estado;True;True;Distrito Barrio de Salamanca;Madrid capital, Madrid;22.45;Piso
1950;piso;78;0;1;Segunda mano/buen estado;True;True;Distrito Barrio de Salamanca;Madrid capital, Madrid;25.0;Piso
1890;piso;94;0;1;Segunda mano/buen estado;False;True;Distrito Barrio de Salamanca;Madrid capital, Madrid;20.11;Piso
6800;piso;232;3;3;Segunda mano/buen estado;True;True;Distrito Barrio de Salamanca;Madrid capital, Madrid;29.31;Piso
2000;ático;78;0;1;Segunda mano/buen estado;True;True;Distrito Barrio de Salamanca;Madrid capital, Madrid;25.64;Piso
2200;piso;69;0;1;Segunda mano/buen estado;False;True;Distrito Barrio de Salamanca;Madrid capital, Madrid;31.88;Piso
1750;ático;55;0;1;Segunda mano/buen estado;True;True;Distrito Barrio de Salamanca;Madrid capital, Madrid;31.82;Piso
2100;ático;110;0;1;Segunda mano/buen estado;True;True;Distrito Barrio de Salamanca;Madrid capital, Madrid;19.09;Piso
2390;piso;98;3;2;Segunda mano/buen estado;True;True;Distrito Barrio de Salamanca;Madrid capital, Madrid;24.39;Piso
8370;piso;167;3;4;Segunda mano/buen estado;True;True;Distrito Barrio de Salamanca;Madrid capital, Madrid;50.12;Piso
5670;ático;133;3;3;Segunda mano/buen estado;True;True;Distrito Barrio de Salamanca;Madrid capital, Madrid;42.63;Piso
8370;piso;167;3;4;Segunda mano/buen estado;True;True;Distrito Barrio de Salamanca;Madrid capital, Madrid;50.12;Piso
8370;piso;154;3;2;Segunda mano/buen estado;True;True;Distrito Barrio de Salamanca;Madrid capital, Madrid;54.35;Piso
2000;piso;100;2;2;Segunda mano/buen estado;True;True;Distrito Barrio de Salamanca;Madrid capital, Madrid;20.0;Piso
1550;piso;60;0;1;Segunda mano/buen estado;True;True;Distrito Barrio de Salamanca;Madrid capital, Madrid;25.83;Piso
6900;piso;178;2;2;Segunda mano/buen estado;True;True;Distrito Barrio de Salamanca;Madrid capital, Madrid;38.76;Piso
2000;piso;76;2;2;Segunda mano/buen estado;True;True;Distrito Barrio de Salamanca;Madrid capital, Madrid;26.32;Piso
3780;piso;100;2;2;Segunda mano/buen estado;True;True;Distrito Barrio de Salamanca;Madrid capital, Madrid;37.8;Piso
7200;piso;188;3;2;Segunda mano/buen estado;True;True;Distrito Barrio de Salamanca;Madrid capital, Madrid;38.3;Piso
2295;estudio;31;0;1;Segunda mano/buen estado;True;True;Distrito Barrio de Salamanca;Madrid capital, Madrid;74.03;Piso
2500;piso;72;2;1;Segunda mano/buen estado;True;True;Distrito Barrio de Salamanca;Madrid capital, Madrid;34.72;Piso
5238;piso;144;3;3;Segunda mano/buen estado;True;True;Distrito Barrio de Salamanca;Madrid capital, Madrid;36.38;Piso
1620;piso;39;0;1;Segunda mano/buen estado;True;True;Distrito Barrio de Salamanca;Madrid capital, Madrid;41.54;Piso
2390;piso;98;3;2;Segunda mano/buen estado;True;True;Distrito Barrio de Salamanca;Madrid capital, Madrid;24.39;Piso
6075;piso;120;3;2;Segunda mano/buen estado;True;True;Distrito Barrio de Salamanca;Madrid capital, Madrid;50.62;Piso
4900;piso;250;4;3;Segunda mano/buen estado;True;True;Distrito Barrio de Salamanca;Madrid capital, Madrid;19.6;Piso
2500;piso;72;2;1;Segunda mano/buen estado;True;True;Distrito Barrio de Salamanca;Madrid capital, Madrid;34.72;Piso
6900;piso;178;2;2;Segunda mano/buen estado;True;True;Distrito Barrio de Salamanca;Madrid capital, Madrid;38.76;Piso
2295;piso;39;0;1;Segunda mano/buen estado;True;True;Distrito Barrio de Salamanca;Madrid capital, Madrid;58.85;Piso
3495;piso;130;2;2;Segunda mano/buen estado;True;True;Distrito Barrio de Salamanca;Madrid capital, Madrid;26.88;Piso
1620;piso;47;0;1;Segunda mano/buen estado;True;True;Distrito Barrio de Salamanca;Madrid capital, Madrid;34.47;Piso
1620;piso;50;0;1;Segunda mano/buen estado;True;True;Distrito Barrio de Salamanca;Madrid capital, Madrid;32.4;Piso
2295;piso;41;0;1;Segunda mano/buen estado;True;True;Distrito Barrio de Salamanca;Madrid capital, Madrid;55.98;Piso
2800;piso;85;4;2;Segunda mano/buen estado;False;False;Distrito Barrio de Salamanca;Madrid capital, Madrid;32.94;Piso
2350;piso;77;2;1;Segunda mano/buen estado;True;True;Distrito Barrio de Salamanca;Madrid capital, Madrid;30.52;Piso
5200;piso;125;3;3;Segunda mano/buen estado;True;True;Distrito Barrio de Salamanca;Madrid capital, Madrid;41.6;Piso
2800;piso;130;3;2;Segunda mano/buen estado;True;True;Distrito Barrio de Salamanca;Madrid capital, Madrid;21.54;Piso
3900;piso;100;2;2;Segunda mano/buen estado;True;True;Distrito Barrio de Salamanca;Madrid capital, Madrid;39.0;Piso
2200;piso;80;2;2;Segunda mano/buen estado;True;True;Distrito Barrio de Salamanca;Madrid capital, Madrid;27.5;Piso
4515;piso;122;3;2;Segunda mano/buen estado;True;True;Distrito Barrio de Salamanca;Madrid capital, Madrid;37.01;Piso
5410;piso;175;3;2;Segunda mano/buen estado;True;True;Distrito Barrio de Salamanca;Madrid capital, Madrid;30.91;Piso
3265;piso;75;0;2;Segunda mano/buen estado;True;True;Distrito Barrio de Salamanca;Madrid capital, Madrid;43.53;Piso
4220;piso;105;2;2;Segunda mano/buen estado;True;True;Distrito Barrio de Salamanca;Madrid capital, Madrid;40.19;Piso
4565;piso;120;2;2;Segunda mano/buen estado;True;True;Distrito Barrio de Salamanca;Madrid capital, Madrid;38.04;Piso
3190;piso;86;2;2;Segunda mano/buen estado;True;True;Distrito Barrio de Salamanca;Madrid capital, Madrid;37.09;Piso
3930;piso;120;2;2;Segunda mano/buen estado;True;True;Distrito Barrio de Salamanca;Madrid capital, Madrid;32.75;Piso
2765;piso;90;2;2;Segunda mano/buen estado;True;True;Distrito Barrio de Salamanca;Madrid capital, Madrid;30.72;Piso
4155;piso;97;3;2;Segunda mano/buen estado;True;True;Distrito Barrio de Salamanca;Madrid capital, Madrid;42.84;Piso
2515;piso;67;2;1;Segunda mano/buen estado;True;True;Distrito Barrio de Salamanca;Madrid capital, Madrid;37.54;Piso
4105;piso;110;2;2;Segunda mano/buen estado;True;True;Distrito Barrio de Salamanca;Madrid capital, Madrid;37.32;Piso
3980;piso;107;3;2;Segunda mano/buen estado;True;True;Distrito Barrio de Salamanca;Madrid capital, Madrid;37.2;Piso
3620;piso;82;2;2;Segunda mano/buen estado;True;True;Distrito Barrio de Salamanca;Madrid capital, Madrid;44.15;Piso
1400;piso;50;0;1;Segunda mano/buen estado;False;False;Distrito Barrio de Salamanca;Madrid capital, Madrid;28.0;Piso
2945;piso;113;3;2;Segunda mano/buen estado;True;True;Distrito Barrio de Salamanca;Madrid capital, Madrid;26.06;Piso
3800;piso;144;3;3;Segunda mano/buen estado;True;True;Distrito Barrio de Salamanca;Madrid capital, Madrid;26.39;Piso
4095;piso;120;2;2;Segunda mano/buen estado;True;True;Distrito Barrio de Salamanca;Madrid capital, Madrid;34.12;Piso
7000;piso;130;2;2;Segunda mano/buen estado;True;True;Distrito Barrio de Salamanca;Madrid capital, Madrid;53.85;Piso
2555;piso;80;2;2;Segunda mano/buen estado;True;True;Distrito Barrio de Salamanca;Madrid capital, Madrid;31.94;Piso
1550;piso;61;0;1;Segunda mano/buen estado;False;True;Distrito Barrio de Salamanca;Madrid capital, Madrid;25.41;Piso
2775;piso;95;2;2;Segunda mano/buen estado;True;True;Distrito Barrio de Salamanca;Madrid capital, Madrid;29.21;Piso
3530;piso;106;3;2;Segunda mano/buen estado;True;True;Distrito Barrio de Salamanca;Madrid capital, Madrid;33.3;Piso
2790;piso;70;0;1;Segunda mano/buen estado;True;True;Distrito Barrio de Salamanca;Madrid capital, Madrid;39.86;Piso
3480;piso;105;2;2;Segunda mano/buen estado;True;True;Distrito Barrio de Salamanca;Madrid capital, Madrid;33.14;Piso
4550;piso;177;4;2;Segunda mano/buen estado;True;True;Distrito Barrio de Salamanca;Madrid capital, Madrid;25.71;Piso
2745;piso;68;0;1;Segunda mano/buen estado;True;True;Distrito Barrio de Salamanca;Madrid capital, Madrid;40.37;Piso
4250;piso;133;2;2;Segunda mano/buen estado;True;True;Distrito Barrio de Salamanca;Madrid capital, Madrid;31.95;Piso
4155;piso;97;3;2;Segunda mano/buen estado;True;True;Distrito Barrio de Salamanca;Madrid capital, Madrid;42.84;Piso
3720;piso;115;3;2;Segunda mano/buen estado;True;True;Distrito Barrio de Salamanca;Madrid capital, Madrid;32.35;Piso
2515;piso;67;2;1;Segunda mano/buen estado;True;True;Distrito Barrio de Salamanca;Madrid capital, Madrid;37.54;Piso
3535;piso;145;4;3;Segunda mano/buen estado;True;True;Distrito Barrio de Salamanca;Madrid capital, Madrid;24.38;Piso
4330;piso;98;3;2;Segunda mano/buen estado;True;True;Distrito Barrio de Salamanca;Madrid capital, Madrid;44.18;Piso
2015;piso;60;0;2;Segunda mano/buen estado;True;True;Distrito Barrio de Salamanca;Madrid capital, Madrid;33.58;Piso
4805;piso;165;3;2;Segunda mano/buen estado;True;True;Distrito Barrio de Salamanca;Madrid capital, Madrid;29.12;Piso
4565;piso;125;3;2;Segunda mano/buen estado;True;True;Distrito Barrio de Salamanca;Madrid capital, Madrid;36.52;Piso
2945;piso;70;0;1;Segunda mano/buen estado;True;True;Distrito Barrio de Salamanca;Madrid capital, Madrid;42.07;Piso
3650;piso;120;2;2;Segunda mano/buen estado;True;True;Distrito Barrio de Salamanca;Madrid capital, Madrid;30.42;Piso
4075;piso;125;3;2;Segunda mano/buen estado;True;True;Distrito Barrio de Salamanca;Madrid capital, Madrid;32.6;Piso
1965;piso;40;0;1;Segunda mano/buen estado;True;True;Distrito Barrio de Salamanca;Madrid capital, Madrid;49.12;Piso
3620;piso;82;2;2;Segunda mano/buen estado;True;True;Distrito Barrio de Salamanca;Madrid capital, Madrid;44.15;Piso
2850;piso;119;2;2;Segunda mano/buen estado;True;True;Distrito Barrio de Salamanca;Madrid capital, Madrid;23.95;Piso
4235;piso;110;3;2;Segunda mano/buen estado;True;True;Distrito Barrio de Salamanca;Madrid capital, Madrid;38.5;Piso
3500;piso;109;2;2;Segunda mano/buen estado;False;True;Distrito Barrio de Salamanca;Madrid capital, Madrid;32.11;Piso
4040;piso;100;3;2;Segunda mano/buen estado;True;True;Distrito Barrio de Salamanca;Madrid capital, Madrid;40.4;Piso
4515;piso;150;3;2;Segunda mano/buen estado;True;True;Distrito Barrio de Salamanca;Madrid capital, Madrid;30.1;Piso
2915;piso;55;0;1;Segunda mano/buen estado;True;True;Distrito Barrio de Salamanca;Madrid capital, Madrid;53.0;Piso
3980;piso;107;3;2;Segunda mano/buen estado;True;True;Distrito Barrio de Salamanca;Madrid capital, Madrid;37.2;Piso
4275;piso;123;3;2;Segunda mano/buen estado;True;True;Distrito Barrio de Salamanca;Madrid capital, Madrid;34.76;Piso
3975;piso;150;3;2;Segunda mano/buen estado;True;True;Distrito Barrio de Salamanca;Madrid capital, Madrid;26.5;Piso
2170;piso;50;0;1;Segunda mano/buen estado;True;True;Distrito Barrio de Salamanca;Madrid capital, Madrid;43.4;Piso
3530;piso;106;3;2;Segunda mano/buen estado;True;True;Distrito Barrio de Salamanca;Madrid capital, Madrid;33.3;Piso
2775;piso;95;2;2;Segunda mano/buen estado;True;True;Distrito Barrio de Salamanca;Madrid capital, Madrid;29.21;Piso
3650;piso;120;2;2;Segunda mano/buen estado;True;True;Distrito Barrio de Salamanca;Madrid capital, Madrid;30.42;Piso
3535;piso;97;3;2;Segunda mano/buen estado;True;True;Distrito Barrio de Salamanca;Madrid capital, Madrid;36.44;Piso
3800;piso;140;3;3;Segunda mano/buen estado;False;True;Distrito Barrio de Salamanca;Madrid capital, Madrid;27.14;Piso
4220;piso;105;2;2;Segunda mano/buen estado;True;True;Distrito Barrio de Salamanca;Madrid capital, Madrid;40.19;Piso
4515;piso;156;4;3;Segunda mano/buen estado;True;True;Distrito Barrio de Salamanca;Madrid capital, Madrid;28.94;Piso
3930;piso;120;2;2;Segunda mano/buen estado;True;True;Distrito Barrio de Salamanca;Madrid capital, Madrid;32.75;Piso
4895;piso;160;3;2;Segunda mano/buen estado;True;True;Distrito Barrio de Salamanca;Madrid capital, Madrid;30.59;Piso
4235;piso;110;3;2;Segunda mano/buen estado;True;True;Distrito Barrio de Salamanca;Madrid capital, Madrid;38.5;Piso
3800;piso;144;3;3;Segunda mano/buen estado;True;True;Distrito Barrio de Salamanca;Madrid capital, Madrid;26.39;Piso
3335;piso;50;2;2;Segunda mano/buen estado;True;True;Distrito Barrio de Salamanca;Madrid capital, Madrid;66.7;Piso
4565;piso;125;3;2;Segunda mano/buen estado;True;True;Distrito Barrio de Salamanca;Madrid capital, Madrid;36.52;Piso
1400;piso;50;0;1;Segunda mano/buen estado;False;False;Distrito Barrio de Salamanca;Madrid capital, Madrid;28.0;Piso
2555;piso;75;2;2;Segunda mano/buen estado;True;True;Distrito Barrio de Salamanca;Madrid capital, Madrid;34.07;Piso
2995;piso;80;2;1;Segunda mano/buen estado;True;True;Distrito Barrio de Salamanca;Madrid capital, Madrid;37.44;Piso
3720;piso;115;3;2;Segunda mano/buen estado;True;True;Distrito Barrio de Salamanca;Madrid capital, Madrid;32.35;Piso
2790;piso;70;0;1;Segunda mano/buen estado;True;True;Distrito Barrio de Salamanca;Madrid capital, Madrid;39.86;Piso
3620;piso;82;2;2;Segunda mano/buen estado;True;True;Distrito Barrio de Salamanca;Madrid capital, Madrid;44.15;Piso
2555;piso;80;2;2;Segunda mano/buen estado;True;True;Distrito Barrio de Salamanca;Madrid capital, Madrid;31.94;Piso
7500;piso;191;3;4;Segunda mano/buen estado;True;True;Distrito Barrio de Salamanca;Madrid capital, Madrid;39.27;Piso
3190;piso;86;2;2;Segunda mano/buen estado;True;True;Distrito Barrio de Salamanca;Madrid capital, Madrid;37.09;Piso
2850;piso;119;2;2;Segunda mano/buen estado;True;True;Distrito Barrio de Salamanca;Madrid capital, Madrid;23.95;Piso
2745;piso;68;0;1;Segunda mano/buen estado;True;True;Distrito Barrio de Salamanca;Madrid capital, Madrid;40.37;Piso
4515;piso;156;4;3;Segunda mano/buen estado;True;True;Distrito Barrio de Salamanca;Madrid capital, Madrid;28.94;Piso
3500;piso;109;2;2;Segunda mano/buen estado;False;True;Distrito Barrio de Salamanca;Madrid capital, Madrid;32.11;Piso
4075;piso;125;3;2;Segunda mano/buen estado;True;True;Distrito Barrio de Salamanca;Madrid capital, Madrid;32.6;Piso
3930;piso;120;2;2;Segunda mano/buen estado;True;True;Distrito Barrio de Salamanca;Madrid capital, Madrid;32.75;Piso
2780;piso;90;0;1;Segunda mano/para reformar;True;True;Distrito Barrio de Salamanca;Madrid capital, Madrid;30.89;Piso
3665;piso;100;3;2;Segunda mano/buen estado;True;True;Distrito Barrio de Salamanca;Madrid capital, Madrid;36.65;Piso
4700;piso;86;0;1;Segunda mano/buen estado;True;True;Distrito Barrio de Salamanca;Madrid capital, Madrid;54.65;Piso
1500;piso;60;0;1;Segunda mano/buen estado;True;True;Distrito Barrio de Salamanca;Madrid capital, Madrid;25.0;Piso
2800;chalet;103;0;1;Segunda mano/buen estado;True;True;Distrito Barrio de Salamanca;Madrid capital, Madrid;27.18;other
2900;piso;67;2;2;Segunda mano/buen estado;False;True;Distrito Barrio de Salamanca;Madrid capital, Madrid;43.28;Piso
2800;piso;130;3;2;Segunda mano/buen estado;True;True;Distrito Barrio de Salamanca;Madrid capital, Madrid;21.54;Piso
3350;piso;91;2;2;Segunda mano/buen estado;True;True;Distrito Barrio de Salamanca;Madrid capital, Madrid;36.81;Piso
16000;ático;280;4;5;Segunda mano/buen estado;True;True;Distrito Barrio de Salamanca;Madrid capital, Madrid;57.14;Piso
1000;piso;48;0;1;Segunda mano/buen estado;True;False;Distrito Barrio de Salamanca;Madrid capital, Madrid;20.83;Piso
7000;piso;235;8;2;Segunda mano/buen estado;True;False;Distrito Barrio de Salamanca;Madrid capital, Madrid;29.79;Piso
2200;piso;70;0;1;Segunda mano/buen estado;False;True;Distrito Barrio de Salamanca;Madrid capital, Madrid;31.43;Piso
1699;piso;52;2;1;Segunda mano/buen estado;False;False;Distrito Barrio de Salamanca;Madrid capital, Madrid;32.67;Piso
2800;piso;78;0;1;Segunda mano/buen estado;True;True;Distrito Barrio de Salamanca;Madrid capital, Madrid;35.9;Piso
1800;piso;55;3;1;Segunda mano/buen estado;False;False;Distrito Barrio de Salamanca;Madrid capital, Madrid;32.73;Piso
2950;piso;108;3;2;Segunda mano/buen estado;True;True;Distrito Barrio de Salamanca;Madrid capital, Madrid;27.31;Piso
2390;piso;98;3;2;Segunda mano/buen estado;True;True;Distrito Barrio de Salamanca;Madrid capital, Madrid;24.39;Piso
3250;piso;105;3;2;Segunda mano/buen estado;True;True;Distrito Barrio de Salamanca;Madrid capital, Madrid;30.95;Piso
2600;piso;55;2;3;Segunda mano/buen estado;True;True;Distrito Barrio de Salamanca;Madrid capital, Madrid;47.27;Piso
1900;piso;104;2;1;Segunda mano/buen estado;False;False;Distrito Barrio de Salamanca;Madrid capital, Madrid;18.27;Piso
3500;piso;180;4;3;Segunda mano/buen estado;True;True;Distrito Barrio de Salamanca;Madrid capital, Madrid;19.44;Piso
1300;piso;35;0;1;Segunda mano/buen estado;True;True;Distrito Barrio de Salamanca;Madrid capital, Madrid;37.14;Piso
1800;piso;116;4;1;Segunda mano/buen estado;False;False;Distrito Barrio de Salamanca;Madrid capital, Madrid;15.52;Piso
3200;piso;135;3;2;Segunda mano/buen estado;True;True;Distrito Barrio de Salamanca;Madrid capital, Madrid;23.7;Piso
1050;piso;45;0;1;Segunda mano/buen estado;True;False;Distrito Barrio de Salamanca;Madrid capital, Madrid;23.33;Piso
915;piso;40;0;1;Segunda mano/buen estado;True;False;Distrito Barrio de Salamanca;Madrid capital, Madrid;22.88;Piso
1200;piso;70;2;1;Segunda mano/buen estado;True;True;Distrito Barrio de Salamanca;Madrid capital, Madrid;17.14;Piso
1500;piso;45;0;1;Segunda mano/buen estado;True;True;Distrito Barrio de Salamanca;Madrid capital, Madrid;33.33;Piso
1400;piso;50;2;1;Segunda mano/buen estado;True;False;Distrito Barrio de Salamanca;Madrid capital, Madrid;28.0;Piso
2500;piso;80;2;2;Segunda mano/buen estado;True;True;Distrito Barrio de Salamanca;Madrid capital, Madrid;31.25;Piso
15000;piso;472;6;5;Segunda mano/buen estado;True;True;Distrito Barrio de Salamanca;Madrid capital, Madrid;31.78;Piso
8750;piso;268;4;4;Segunda mano/buen estado;True;True;Distrito Barrio de Salamanca;Madrid capital, Madrid;32.65;Piso
4700;piso;130;0;1;Segunda mano/buen estado;True;True;Distrito Barrio de Salamanca;Madrid capital, Madrid;36.15;Piso
4500;piso;220;3;2;Segunda mano/buen estado;True;True;Distrito Barrio de Salamanca;Madrid capital, Madrid;20.45;Piso
4500;piso;114;2;1;Segunda mano/buen estado;True;True;Distrito Barrio de Salamanca;Madrid capital, Madrid;39.47;Piso
7500;piso;202;3;3;Segunda mano/buen estado;False;False;Distrito Barrio de Salamanca;Madrid capital, Madrid;37.13;Piso
3000;piso;117;2;2;Segunda mano/buen estado;True;True;Distrito Barrio de Salamanca;Madrid capital, Madrid;25.64;Piso
1300;dúplex;45;0;1;Segunda mano/buen estado;False;True;Distrito Barrio de Salamanca;Madrid capital, Madrid;28.89;other
1650;piso;39;0;1;Segunda mano/buen estado;False;False;Distrito Barrio de Salamanca;Madrid capital, Madrid;42.31;Piso
2160;piso;61;0;1;Segunda mano/buen estado;True;True;Distrito Barrio de Salamanca;Madrid capital, Madrid;35.41;Piso
6000;piso;170;3;2;Segunda mano/buen estado;False;True;Distrito Barrio de Salamanca;Madrid capital, Madrid;35.29;Piso
3000;piso;90;2;2;Segunda mano/buen estado;True;True;Distrito Barrio de Salamanca;Madrid capital, Madrid;33.33;Piso
3495;piso;103;2;2;Segunda mano/buen estado;True;True;Distrito Barrio de Salamanca;Madrid capital, Madrid;33.93;Piso
2900;piso;104;2;2;Segunda mano/buen estado;False;True;Distrito Barrio de Salamanca;Madrid capital, Madrid;27.88;Piso
4500;piso;140;3;2;Segunda mano/buen estado;True;True;Distrito Barrio de Salamanca;Madrid capital, Madrid;32.14;Piso
1200;piso;40;0;1;Segunda mano/buen estado;True;True;Distrito Barrio de Salamanca;Madrid capital, Madrid;30.0;Piso
1200;dúplex;45;0;1;Segunda mano/buen estado;True;True;Distrito Barrio de Salamanca;Madrid capital, Madrid;26.67;other
1300;piso;69;0;1;Segunda mano/buen estado;True;True;Distrito Barrio de Salamanca;Madrid capital, Madrid;18.84;Piso
2800;piso;120;3;2;Segunda mano/buen estado;True;True;Distrito Barrio de Salamanca;Madrid capital, Madrid;23.33;Piso
7000;piso;270;5;5;Segunda mano/buen estado;False;True;Distrito Barrio de Salamanca;Madrid capital, Madrid;25.93;Piso
3100;piso;82;2;1;Segunda mano/buen estado;True;True;Distrito Barrio de Salamanca;Madrid capital, Madrid;37.8;Piso
1235;estudio;18;0;1;Segunda mano/buen estado;True;True;Distrito Barrio de Salamanca;Madrid capital, Madrid;68.61;Piso
3600;piso;158;4;3;Segunda mano/buen estado;True;True;Distrito Barrio de Salamanca;Madrid capital, Madrid;22.78;Piso
1895;piso;50;0;1;Segunda mano/buen estado;True;True;Distrito Barrio de Salamanca;Madrid capital, Madrid;37.9;Piso
2645;piso;70;2;2;Segunda mano/buen estado;True;True;Distrito Barrio de Salamanca;Madrid capital, Madrid;37.79;Piso
2645;piso;70;2;2;Segunda mano/buen estado;True;True;Distrito Barrio de Salamanca;Madrid capital, Madrid;37.79;Piso
1235;estudio;18;0;1;Segunda mano/buen estado;True;True;Distrito Barrio de Salamanca;Madrid capital, Madrid;68.61;Piso
3495;piso;103;2;2;Segunda mano/buen estado;True;True;Distrito Barrio de Salamanca;Madrid capital, Madrid;33.93;Piso
1990;piso;70;0;1;Segunda mano/para reformar;True;False;Distrito Barrio de Salamanca;Madrid capital, Madrid;28.43;Piso
1450;piso;52;0;1;Segunda mano/buen estado;True;True;Distrito Barrio de Salamanca;Madrid capital, Madrid;27.88;Piso
10000;piso;235;3;4;Segunda mano/buen estado;True;True;Distrito Barrio de Salamanca;Madrid capital, Madrid;42.55;Piso
1250;piso;38;0;1;Segunda mano/buen estado;True;True;Distrito Barrio de Salamanca;Madrid capital, Madrid;32.89;Piso
5800;piso;205;5;3;Segunda mano/buen estado;True;True;Distrito Barrio de Salamanca;Madrid capital, Madrid;28.29;Piso
1450;estudio;64;0;1;Segunda mano/buen estado;True;True;Distrito Barrio de Salamanca;Madrid capital, Madrid;22.66;Piso
1890;piso;52;0;1;Segunda mano/buen estado;True;True;Distrito Barrio de Salamanca;Madrid capital, Madrid;36.35;Piso
2745;piso;68;0;1;Segunda mano/buen estado;True;True;Distrito Barrio de Salamanca;Madrid capital, Madrid;40.37;Piso
5400;piso;124;3;3;Segunda mano/buen estado;True;True;Distrito Barrio de Salamanca;Madrid capital, Madrid;43.55;Piso
9600;dúplex;272;4;5;Segunda mano/buen estado;True;True;Distrito Barrio de Salamanca;Madrid capital, Madrid;35.29;other
6800;piso;142;2;3;Segunda mano/buen estado;True;True;Distrito Barrio de Salamanca;Madrid capital, Madrid;47.89;Piso
4500;piso;117;3;2;Segunda mano/buen estado;True;True;Distrito Barrio de Salamanca;Madrid capital, Madrid;38.46;Piso
3600;piso;196;3;3;Segunda mano/buen estado;True;True;Distrito Barrio de Salamanca;Madrid capital, Madrid;18.37;Piso
7500;piso;197;2;2;Segunda mano/buen estado;True;True;Distrito Barrio de Salamanca;Madrid capital, Madrid;38.07;Piso
1350;estudio;45;0;1;Segunda mano/buen estado;True;True;Distrito Barrio de Salamanca;Madrid capital, Madrid;30.0;Piso
2500;piso;68;2;2;Segunda mano/buen estado;True;True;Distrito Barrio de Salamanca;Madrid capital, Madrid;36.76;Piso
1190;estudio;32;0;1;Segunda mano/buen estado;True;True;Distrito Barrio de Salamanca;Madrid capital, Madrid;37.19;Piso
3000;ático;134;2;3;Segunda mano/buen estado;True;True;Distrito Barrio de Salamanca;Madrid capital, Madrid;22.39;Piso
1990;piso;52;2;1;Segunda mano/buen estado;False;True;Distrito Barrio de Salamanca;Madrid capital, Madrid;38.27;Piso
1300;piso;70;0;1;Segunda mano/buen estado;True;True;Distrito Barrio de Salamanca;Madrid capital, Madrid;18.57;Piso
4500;piso;116;3;2;Segunda mano/buen estado;True;True;Distrito Barrio de Salamanca;Madrid capital, Madrid;38.79;Piso
16000;ático;463;4;5;Segunda mano/buen estado;True;True;Distrito Barrio de Salamanca;Madrid capital, Madrid;34.56;Piso
1250;estudio;29;0;1;Segunda mano/buen estado;True;True;Distrito Barrio de Salamanca;Madrid capital, Madrid;43.1;Piso
1390;piso;65;3;1;Segunda mano/buen estado;False;False;Distrito Barrio de Salamanca;Madrid capital, Madrid;21.38;Piso
1500;piso;45;0;1;Segunda mano/buen estado;True;True;Distrito Barrio de Salamanca;Madrid capital, Madrid;33.33;Piso
4500;piso;145;2;2;Segunda mano/buen estado;False;True;Distrito Barrio de Salamanca;Madrid capital, Madrid;31.03;Piso
3300;piso;82;2;2;Segunda mano/buen estado;True;True;Distrito Barrio de Salamanca;Madrid capital, Madrid;40.24;Piso
1250;estudio;29;0;1;Segunda mano/buen estado;True;True;Distrito Barrio de Salamanca;Madrid capital, Madrid;43.1;Piso
1990;piso;52;2;1;Segunda mano/buen estado;False;True;Distrito Barrio de Salamanca;Madrid capital, Madrid;38.27;Piso
1800;piso;65;2;1;Segunda mano/buen estado;True;True;Distrito Barrio de Salamanca;Madrid capital, Madrid;27.69;Piso
3000;ático;134;2;3;Segunda mano/buen estado;True;True;Distrito Barrio de Salamanca;Madrid capital, Madrid;22.39;Piso
4500;piso;145;2;2;Segunda mano/buen estado;False;True;Distrito Barrio de Salamanca;Madrid capital, Madrid;31.03;Piso
1390;piso;40;0;1;Segunda mano/buen estado;True;True;Distrito Barrio de Salamanca;Madrid capital, Madrid;34.75;Piso
2100;piso;64;2;2;Segunda mano/buen estado;False;True;Distrito Barrio de Salamanca;Madrid capital, Madrid;32.81;Piso
2900;piso;71;2;1;Segunda mano/buen estado;True;True;Distrito Barrio de Salamanca;Madrid capital, Madrid;40.85;Piso
16000;ático;463;4;5;Segunda mano/buen estado;True;True;Distrito Barrio de Salamanca;Madrid capital, Madrid;34.56;Piso
1115;estudio;48;0;1;Segunda mano/buen estado;False;False;Distrito Barrio de Salamanca;Madrid capital, Madrid;23.23;Piso
1495;ático;65;0;1;Segunda mano/buen estado;True;True;Distrito Barrio de Salamanca;Madrid capital, Madrid;23.0;Piso
2200;piso;55;2;1;Segunda mano/buen estado;True;True;Distrito Barrio de Salamanca;Madrid capital, Madrid;40.0;Piso
3400;piso;137;3;2;Segunda mano/buen estado;True;False;Distrito Barrio de Salamanca;Madrid capital, Madrid;24.82;Piso
3400;piso;102;2;2;Segunda mano/buen estado;True;True;Distrito Barrio de Salamanca;Madrid capital, Madrid;33.33;Piso
3999;piso;77;2;2;Segunda mano/buen estado;True;True;Distrito Barrio de Salamanca;Madrid capital, Madrid;51.94;Piso
3200;piso;73;2;2;Segunda mano/buen estado;True;True;Distrito Barrio de Salamanca;Madrid capital, Madrid;43.84;Piso
1900;piso;50;0;1;Segunda mano/buen estado;True;True;Distrito Barrio de Salamanca;Madrid capital, Madrid;38.0;Piso
3999;piso;83;2;2;Segunda mano/buen estado;True;True;Distrito Barrio de Salamanca;Madrid capital, Madrid;48.18;Piso
6000;piso;205;5;3;Segunda mano/buen estado;True;True;Distrito Barrio de Salamanca;Madrid capital, Madrid;29.27;Piso
7800;dúplex;263;4;5;Segunda mano/buen estado;True;True;Distrito Barrio de Salamanca;Madrid capital, Madrid;29.66;other
4000;piso;130;3;2;Segunda mano/buen estado;True;True;Distrito Barrio de Salamanca;Madrid capital, Madrid;30.77;Piso
4000;piso;75;2;2;Segunda mano/buen estado;True;True;Distrito Barrio de Salamanca;Madrid capital, Madrid;53.33;Piso
950;estudio;35;0;1;Segunda mano/buen estado;False;False;Distrito Barrio de Salamanca;Madrid capital, Madrid;27.14;Piso
1850;piso;40;0;1;Segunda mano/buen estado;False;True;Distrito Barrio de Salamanca;Madrid capital, Madrid;46.25;Piso
3250;ático;115;2;2;Segunda mano/buen estado;True;True;Distrito Barrio de Salamanca;Madrid capital, Madrid;28.26;Piso
1165;piso;39;0;1;Segunda mano/buen estado;True;True;Distrito Barrio de Salamanca;Madrid capital, Madrid;29.87;Piso
2100;piso;75;0;1;Segunda mano/buen estado;True;True;Distrito Barrio de Salamanca;Madrid capital, Madrid;28.0;Piso
4000;piso;180;4;3;Segunda mano/buen estado;True;True;Distrito Barrio de Salamanca;Madrid capital, Madrid;22.22;Piso
1695;piso;76;0;2;Segunda mano/buen estado;True;True;Distrito Barrio de Salamanca;Madrid capital, Madrid;22.3;Piso
3000;piso;84;2;2;Segunda mano/buen estado;True;True;Distrito Barrio de Salamanca;Madrid capital, Madrid;35.71;Piso
3200;piso;80;2;1;Segunda mano/buen estado;True;True;Distrito Barrio de Salamanca;Madrid capital, Madrid;40.0;Piso
4365;piso;108;2;2;Segunda mano/buen estado;True;True;Distrito Barrio de Salamanca;Madrid capital, Madrid;40.42;Piso
1550;piso;65;2;1;Segunda mano/buen estado;False;True;Distrito Barrio de Salamanca;Madrid capital, Madrid;23.85;Piso
3250;ático;115;2;2;Segunda mano/buen estado;True;True;Distrito Barrio de Salamanca;Madrid capital, Madrid;28.26;Piso
3000;piso;84;2;2;Segunda mano/buen estado;True;True;Distrito Barrio de Salamanca;Madrid capital, Madrid;35.71;Piso
1165;piso;39;0;1;Segunda mano/buen estado;True;True;Distrito Barrio de Salamanca;Madrid capital, Madrid;29.87;Piso
1850;piso;40;0;1;Segunda mano/buen estado;False;True;Distrito Barrio de Salamanca;Madrid capital, Madrid;46.25;Piso
1639;dúplex;77;2;2;Segunda mano/buen estado;True;True;Distrito Barrio de Salamanca;Madrid capital, Madrid;21.29;other
4000;piso;130;3;2;Segunda mano/buen estado;True;True;Distrito Barrio de Salamanca;Madrid capital, Madrid;30.77;Piso
920;piso;41;0;1;Segunda mano/buen estado;False;False;Distrito Barrio de Salamanca;Madrid capital, Madrid;22.44;Piso
4000;piso;180;4;3;Segunda mano/buen estado;True;True;Distrito Barrio de Salamanca;Madrid capital, Madrid;22.22;Piso
6995;piso;155;3;3;Segunda mano/buen estado;True;True;Distrito Barrio de Salamanca;Madrid capital, Madrid;45.13;Piso
1500;piso;40;0;1;Segunda mano/buen estado;True;True;Distrito Barrio de Salamanca;Madrid capital, Madrid;37.5;Piso
1460;piso;42;0;1;Segunda mano/buen estado;True;True;Distrito Barrio de Salamanca;Madrid capital, Madrid;34.76;Piso
5500;piso;260;6;3;Segunda mano/buen estado;True;True;Distrito Barrio de Salamanca;Madrid capital, Madrid;21.15;Piso
3645;piso;104;2;2;Segunda mano/buen estado;True;True;Distrito Barrio de Salamanca;Madrid capital, Madrid;35.05;Piso
790;estudio;30;0;1;Segunda mano/buen estado;False;True;Distrito Barrio de Salamanca;Madrid capital, Madrid;26.33;Piso
2690;piso;87;3;2;Segunda mano/buen estado;False;True;Distrito Barrio de Salamanca;Madrid capital, Madrid;30.92;Piso
2770;piso;73;2;1;Segunda mano/buen estado;False;True;Distrito Barrio de Salamanca;Madrid capital, Madrid;37.95;Piso
2310;piso;50;2;1;Segunda mano/buen estado;False;True;Distrito Barrio de Salamanca;Madrid capital, Madrid;46.2;Piso
12000;piso;305;3;4;Segunda mano/buen estado;False;True;Distrito Barrio de Salamanca;Madrid capital, Madrid;39.34;Piso
975;estudio;51;0;1;Segunda mano/buen estado;True;True;Distrito Barrio de Salamanca;Madrid capital, Madrid;19.12;Piso
2900;piso;70;2;2;Segunda mano/buen estado;True;True;Distrito Barrio de Salamanca;Madrid capital, Madrid;41.43;Piso
2790;piso;102;3;2;Segunda mano/buen estado;False;True;Distrito Barrio de Salamanca;Madrid capital, Madrid;27.35;Piso
2760;piso;50;2;2;Segunda mano/buen estado;False;True;Distrito Barrio de Salamanca;Madrid capital, Madrid;55.2;Piso
990;estudio;55;0;1;Segunda mano/buen estado;False;True;Distrito Barrio de Salamanca;Madrid capital, Madrid;18.0;Piso
2650;piso;82;2;1;Segunda mano/buen estado;False;True;Distrito Barrio de Salamanca;Madrid capital, Madrid;32.32;Piso
2420;piso;73;2;2;Segunda mano/buen estado;False;True;Distrito Barrio de Salamanca;Madrid capital, Madrid;33.15;Piso
1650;piso;50;2;1;Segunda mano/buen estado;True;False;Distrito Barrio de Salamanca;Madrid capital, Madrid;33.0;Piso
3200;piso;144;3;3;Segunda mano/buen estado;True;True;Distrito Barrio de Salamanca;Madrid capital, Madrid;22.22;Piso
790;estudio;30;0;1;Segunda mano/buen estado;False;True;Distrito Barrio de Salamanca;Madrid capital, Madrid;26.33;Piso
2420;piso;73;2;2;Segunda mano/buen estado;False;True;Distrito Barrio de Salamanca;Madrid capital, Madrid;33.15;Piso
1600;piso;75;3;1;Segunda mano/buen estado;True;True;Distrito Barrio de Salamanca;Madrid capital, Madrid;21.33;Piso
1850;piso;69;2;1;Segunda mano/buen estado;True;False;Distrito Barrio de Salamanca;Madrid capital, Madrid;26.81;Piso
2500;piso;105;2;2;Segunda mano/buen estado;True;False;Distrito Barrio de Salamanca;Madrid capital, Madrid;23.81;Piso
2100;piso;121;3;2;Segunda mano/buen estado;True;True;Distrito Barrio de Salamanca;Madrid capital, Madrid;17.36;Piso
3100;piso;74;2;1;Segunda mano/buen estado;True;True;Distrito Barrio de Salamanca;Madrid capital, Madrid;41.89;Piso
2000;ático;76;3;2;Segunda mano/buen estado;True;False;Distrito Barrio de Salamanca;Madrid capital, Madrid;26.32;Piso
1610;piso;38;0;1;Segunda mano/buen estado;False;True;Distrito Barrio de Salamanca;Madrid capital, Madrid;42.37;Piso
2000;piso;88;2;2;Segunda mano/buen estado;True;True;Distrito Barrio de Salamanca;Madrid capital, Madrid;22.73;Piso
1690;piso;60;2;1;Segunda mano/buen estado;True;True;Distrito Barrio de Salamanca;Madrid capital, Madrid;28.17;Piso
2800;piso;136;2;2;Segunda mano/buen estado;True;True;Distrito Barrio de Salamanca;Madrid capital, Madrid;20.59;Piso
1600;dúplex;70;0;1;Segunda mano/buen estado;True;True;Distrito Barrio de Salamanca;Madrid capital, Madrid;22.86;other
4455;piso;80;2;2;Segunda mano/buen estado;True;True;Distrito Barrio de Salamanca;Madrid capital, Madrid;55.69;Piso
3500;ático;90;2;2;Segunda mano/buen estado;True;True;Distrito Barrio de Salamanca;Madrid capital, Madrid;38.89;Piso
13000;piso;180;3;4;Segunda mano/buen estado;True;True;Distrito Barrio de Salamanca;Madrid capital, Madrid;72.22;Piso
2100;piso;95;3;1;Segunda mano/buen estado;True;False;Distrito Barrio de Salamanca;Madrid capital, Madrid;22.11;Piso
6000;ático;160;2;2;Segunda mano/buen estado;True;True;Distrito Barrio de Salamanca;Madrid capital, Madrid;37.5;Piso
2100;piso;103;0;2;Segunda mano/buen estado;True;True;Distrito Barrio de Salamanca;Madrid capital, Madrid;20.39;Piso
2500;piso;90;3;1;Segunda mano/buen estado;True;True;Distrito Barrio de Salamanca;Madrid capital, Madrid;27.78;Piso
4300;piso;140;2;2;Segunda mano/buen estado;True;True;Distrito Barrio de Salamanca;Madrid capital, Madrid;30.71;Piso
2900;piso;80;2;1;Segunda mano/buen estado;True;True;Distrito Barrio de Salamanca;Madrid capital, Madrid;36.25;Piso
2850;piso;103;2;2;Segunda mano/buen estado;True;True;Distrito Barrio de Salamanca;Madrid capital, Madrid;27.67;Piso
3750;piso;145;3;2;Segunda mano/buen estado;True;True;Distrito Barrio de Salamanca;Madrid capital, Madrid;25.86;Piso
3500;piso;180;4;3;Segunda mano/buen estado;True;True;Distrito Barrio de Salamanca;Madrid capital, Madrid;19.44;Piso
3000;piso;130;2;2;Segunda mano/buen estado;True;True;Distrito Barrio de Salamanca;Madrid capital, Madrid;23.08;Piso
2600;piso;87;2;2;Segunda mano/buen estado;True;True;Distrito Barrio de Salamanca;Madrid capital, Madrid;29.89;Piso
1535;piso;55;2;1;Segunda mano/buen estado;True;True;Distrito Barrio de Salamanca;Madrid capital, Madrid;27.91;Piso
2300;piso;50;0;1;Segunda mano/buen estado;True;True;Distrito Barrio de Salamanca;Madrid capital, Madrid;46.0;Piso
8000;dúplex;165;3;4;Segunda mano/buen estado;True;True;Distrito Barrio de Salamanca;Madrid capital, Madrid;48.48;other
3200;piso;86;2;2;Segunda mano/buen estado;True;True;Distrito Barrio de Salamanca;Madrid capital, Madrid;37.21;Piso
2500;piso;78;2;1;Segunda mano/buen estado;True;False;Distrito Barrio de Salamanca;Madrid capital, Madrid;32.05;Piso
2500;piso;63;0;1;Segunda mano/buen estado;True;True;Distrito Barrio de Salamanca;Madrid capital, Madrid;39.68;Piso
13500;piso;219;3;4;Segunda mano/buen estado;True;True;Distrito Barrio de Salamanca;Madrid capital, Madrid;61.64;Piso
8000;dúplex;165;3;4;Segunda mano/buen estado;True;True;Distrito Barrio de Salamanca;Madrid capital, Madrid;48.48;other
1500;piso;57;0;1;Segunda mano/buen estado;True;False;Distrito Barrio de Salamanca;Madrid capital, Madrid;26.32;Piso
1400;piso;45;0;1;Segunda mano/buen estado;True;True;Distrito Barrio de Salamanca;Madrid capital, Madrid;31.11;Piso
1400;estudio;50;0;1;Segunda mano/buen estado;True;True;Distrito Barrio de Salamanca;Madrid capital, Madrid;28.0;Piso
5800;piso;205;5;3;Segunda mano/buen estado;False;False;Distrito Barrio de Salamanca;Madrid capital, Madrid;28.29;Piso
11500;piso;250;4;5;Segunda mano/buen estado;True;True;Distrito Barrio de Salamanca;Madrid capital, Madrid;46.0;Piso
3500;piso;110;2;2;Segunda mano/buen estado;False;False;Distrito Barrio de Salamanca;Madrid capital, Madrid;31.82;Piso
6500;piso;180;3;3;Segunda mano/buen estado;True;True;Distrito Barrio de Salamanca;Madrid capital, Madrid;36.11;Piso
5000;piso;90;2;2;Segunda mano/buen estado;True;True;Distrito Barrio de Salamanca;Madrid capital, Madrid;55.56;Piso
2300;piso;50;0;1;Segunda mano/buen estado;True;True;Distrito Barrio de Salamanca;Madrid capital, Madrid;46.0;Piso
1550;piso;65;2;1;Segunda mano/buen estado;True;True;Distrito Barrio de Salamanca;Madrid capital, Madrid;23.85;Piso
2900;piso;96;2;2;Segunda mano/buen estado;True;True;Distrito Barrio de Salamanca;Madrid capital, Madrid;30.21;Piso
8100;piso;243;3;3;Segunda mano/buen estado;True;True;Distrito Barrio de Salamanca;Madrid capital, Madrid;33.33;Piso
1800;piso;89;0;1;Segunda mano/buen estado;True;True;Distrito Barrio de Salamanca;Madrid capital, Madrid;20.22;Piso
3600;piso;90;2;2;Segunda mano/buen estado;True;True;Distrito Barrio de Salamanca;Madrid capital, Madrid;40.0;Piso
1600;piso;40;0;1;Segunda mano/buen estado;True;True;Distrito Barrio de Salamanca;Madrid capital, Madrid;40.0;Piso
2400;ático;34;0;1;Segunda mano/buen estado;True;True;Distrito Barrio de Salamanca;Madrid capital, Madrid;70.59;Piso
2000;piso;71;0;1;Segunda mano/buen estado;True;True;Distrito Barrio de Salamanca;Madrid capital, Madrid;28.17;Piso
1390;piso;48;0;1;Segunda mano/buen estado;False;True;Distrito Barrio de Salamanca;Madrid capital, Madrid;28.96;Piso
1200;piso;53;0;1;Segunda mano/buen estado;True;False;Distrito Barrio de Salamanca;Madrid capital, Madrid;22.64;Piso
1500;piso;40;0;1;Segunda mano/buen estado;True;False;Distrito Barrio de Salamanca;Madrid capital, Madrid;37.5;Piso
1555;piso;62;0;1;Segunda mano/buen estado;True;True;Distrito Barrio de Salamanca;Madrid capital, Madrid;25.08;Piso
3000;piso;82;2;2;Segunda mano/buen estado;True;True;Distrito Barrio de Salamanca;Madrid capital, Madrid;36.59;Piso
3800;piso;112;3;3;Segunda mano/buen estado;True;True;Distrito Barrio de Salamanca;Madrid capital, Madrid;33.93;Piso
5400;piso;140;3;3;Segunda mano/buen estado;True;True;Distrito Barrio de Salamanca;Madrid capital, Madrid;38.57;Piso
4230;piso;89;2;2;Segunda mano/buen estado;True;True;Distrito Barrio de Salamanca;Madrid capital, Madrid;47.53;Piso
10350;piso;200;4;4;Segunda mano/buen estado;True;True;Distrito Barrio de Salamanca;Madrid capital, Madrid;51.75;Piso
2250;piso;40;0;1;Segunda mano/buen estado;True;True;Distrito Barrio de Salamanca;Madrid capital, Madrid;56.25;Piso
6750;piso;130;3;3;Segunda mano/buen estado;True;True;Distrito Barrio de Salamanca;Madrid capital, Madrid;51.92;Piso
4275;ático;100;2;2;Segunda mano/buen estado;True;True;Distrito Barrio de Salamanca;Madrid capital, Madrid;42.75;Piso
7695;piso;200;3;4;Segunda mano/buen estado;True;True;Distrito Barrio de Salamanca;Madrid capital, Madrid;38.48;Piso
2900;piso;75;2;2;Segunda mano/buen estado;False;True;Distrito Barrio de Salamanca;Madrid capital, Madrid;38.67;Piso
4320;piso;100;2;2;Segunda mano/buen estado;True;True;Distrito Barrio de Salamanca;Madrid capital, Madrid;43.2;Piso
2290;piso;75;2;1;Segunda mano/buen estado;True;True;Distrito Barrio de Salamanca;Madrid capital, Madrid;30.53;Piso
4995;piso;121;2;2;Segunda mano/buen estado;True;True;Distrito Barrio de Salamanca;Madrid capital, Madrid;41.28;Piso
2835;piso;78;0;1;Segunda mano/buen estado;True;True;Distrito Barrio de Salamanca;Madrid capital, Madrid;36.35;Piso
3105;piso;65;2;1;Segunda mano/buen estado;True;True;Distrito Barrio de Salamanca;Madrid capital, Madrid;47.77;Piso
7335;piso;200;3;4;Segunda mano/buen estado;True;True;Distrito Barrio de Salamanca;Madrid capital, Madrid;36.67;Piso
1250;piso;40;0;1;Segunda mano/buen estado;True;False;Distrito Barrio de Salamanca;Madrid capital, Madrid;31.25;Piso
4050;ático;74;2;2;Segunda mano/buen estado;True;True;Distrito Barrio de Salamanca;Madrid capital, Madrid;54.73;Piso
3780;piso;112;2;2;Segunda mano/buen estado;True;True;Distrito Barrio de Salamanca;Madrid capital, Madrid;33.75;Piso
2600;piso;120;3;2;Segunda mano/buen estado;True;True;Distrito Barrio de Salamanca;Madrid capital, Madrid;21.67;Piso
6300;piso;170;3;2;Segunda mano/buen estado;True;True;Distrito Barrio de Salamanca;Madrid capital, Madrid;37.06;Piso
12000;dúplex;630;4;5;Segunda mano/buen estado;True;True;Distrito Barrio de Salamanca;Madrid capital, Madrid;19.05;other
2600;piso;92;2;1;Segunda mano/buen estado;True;True;Distrito Barrio de Salamanca;Madrid capital, Madrid;28.26;Piso
4995;piso;117;3;3;Segunda mano/buen estado;True;True;Distrito Barrio de Salamanca;Madrid capital, Madrid;42.69;Piso
4230;piso;89;2;2;Segunda mano/buen estado;True;True;Distrito Barrio de Salamanca;Madrid capital, Madrid;47.53;Piso
5400;piso;140;3;3;Segunda mano/buen estado;True;True;Distrito Barrio de Salamanca;Madrid capital, Madrid;38.57;Piso
5500;ático;156;2;2;Segunda mano/buen estado;True;True;Distrito Barrio de Salamanca;Madrid capital, Madrid;35.26;Piso
3645;piso;114;2;2;Segunda mano/buen estado;True;True;Distrito Barrio de Salamanca;Madrid capital, Madrid;31.97;Piso
4050;piso;74;2;2;Segunda mano/buen estado;False;False;Distrito Barrio de Salamanca;Madrid capital, Madrid;54.73;Piso
4275;piso;118;2;2;Segunda mano/buen estado;True;True;Distrito Barrio de Salamanca;Madrid capital, Madrid;36.23;Piso
7500;piso;172;3;3;Segunda mano/buen estado;True;True;Distrito Barrio de Salamanca;Madrid capital, Madrid;43.6;Piso
13951;piso;296;3;3;Segunda mano/buen estado;True;True;Distrito Barrio de Salamanca;Madrid capital, Madrid;47.13;Piso
6210;piso;167;3;3;Segunda mano/buen estado;True;True;Distrito Barrio de Salamanca;Madrid capital, Madrid;37.19;Piso
1400;estudio;39;0;1;Segunda mano/buen estado;True;True;Distrito Barrio de Salamanca;Madrid capital, Madrid;35.9;Piso
1250;piso;40;0;1;Segunda mano/buen estado;True;False;Distrito Barrio de Salamanca;Madrid capital, Madrid;31.25;Piso
4275;piso;118;2;2;Segunda mano/buen estado;True;True;Distrito Barrio de Salamanca;Madrid capital, Madrid;36.23;Piso
3375;piso;138;0;1;Segunda mano/buen estado;True;True;Distrito Barrio de Salamanca;Madrid capital, Madrid;24.46;Piso
4230;piso;89;2;2;Segunda mano/buen estado;True;True;Distrito Barrio de Salamanca;Madrid capital, Madrid;47.53;Piso
4050;ático;74;2;2;Segunda mano/buen estado;True;True;Distrito Barrio de Salamanca;Madrid capital, Madrid;54.73;Piso
3438;piso;73;2;2;Segunda mano/buen estado;True;True;Distrito Barrio de Salamanca;Madrid capital, Madrid;47.1;Piso
4050;piso;115;3;3;Segunda mano/buen estado;True;True;Distrito Barrio de Salamanca;Madrid capital, Madrid;35.22;Piso
5500;ático;156;2;2;Segunda mano/buen estado;True;True;Distrito Barrio de Salamanca;Madrid capital, Madrid;35.26;Piso
1400;estudio;39;0;1;Segunda mano/buen estado;True;True;Distrito Barrio de Salamanca;Madrid capital, Madrid;35.9;Piso
3780;piso;112;2;2;Segunda mano/buen estado;True;True;Distrito Barrio de Salamanca;Madrid capital, Madrid;33.75;Piso
4500;piso;90;2;2;Segunda mano/buen estado;True;True;Distrito Barrio de Salamanca;Madrid capital, Madrid;50.0;Piso
2250;piso;40;0;1;Segunda mano/buen estado;True;True;Distrito Barrio de Salamanca;Madrid capital, Madrid;56.25;Piso
6210;piso;167;3;3;Segunda mano/buen estado;True;True;Distrito Barrio de Salamanca;Madrid capital, Madrid;37.19;Piso
12000;dúplex;630;4;5;Segunda mano/buen estado;True;True;Distrito Barrio de Salamanca;Madrid capital, Madrid;19.05;other
2290;piso;75;2;1;Segunda mano/buen estado;True;True;Distrito Barrio de Salamanca;Madrid capital, Madrid;30.53;Piso
3100;piso;50;2;2;Segunda mano/buen estado;False;False;Distrito Barrio de Salamanca;Madrid capital, Madrid;62.0;Piso
1796;piso;37;0;1;Segunda mano/buen estado;True;True;Distrito Barrio de Salamanca;Madrid capital, Madrid;48.54;Piso
1300;dúplex;40;0;1;Segunda mano/buen estado;True;True;Distrito Barrio de Salamanca;Madrid capital, Madrid;32.5;other
2565;piso;62;0;1;Segunda mano/buen estado;True;False;Distrito Barrio de Salamanca;Madrid capital, Madrid;41.37;Piso
6750;piso;130;3;3;Segunda mano/buen estado;True;True;Distrito Barrio de Salamanca;Madrid capital, Madrid;51.92;Piso
10350;piso;200;4;4;Segunda mano/buen estado;True;True;Distrito Barrio de Salamanca;Madrid capital, Madrid;51.75;Piso
2600;piso;160;3;3;Segunda mano/buen estado;True;True;Distrito Barrio de Salamanca;Madrid capital, Madrid;16.25;Piso
13951;piso;296;3;3;Segunda mano/buen estado;True;True;Distrito Barrio de Salamanca;Madrid capital, Madrid;47.13;Piso
2835;piso;78;0;1;Segunda mano/buen estado;True;True;Distrito Barrio de Salamanca;Madrid capital, Madrid;36.35;Piso
5400;piso;140;3;3;Segunda mano/buen estado;True;True;Distrito Barrio de Salamanca;Madrid capital, Madrid;38.57;Piso
7500;piso;220;3;2;Segunda mano/buen estado;True;True;Distrito Barrio de Salamanca;Madrid capital, Madrid;34.09;Piso
4815;piso;111;3;3;Segunda mano/buen estado;True;True;Distrito Barrio de Salamanca;Madrid capital, Madrid;43.38;Piso
3195;piso;85;2;2;Segunda mano/buen estado;True;True;Distrito Barrio de Salamanca;Madrid capital, Madrid;37.59;Piso
4995;piso;121;2;2;Segunda mano/buen estado;True;True;Distrito Barrio de Salamanca;Madrid capital, Madrid;41.28;Piso
5184;piso;141;3;3;Segunda mano/buen estado;True;True;Distrito Barrio de Salamanca;Madrid capital, Madrid;36.77;Piso
2200;piso;67;2;2;Segunda mano/buen estado;True;True;Distrito Barrio de Salamanca;Madrid capital, Madrid;32.84;Piso
1900;piso;60;0;1;Segunda mano/buen estado;True;True;Distrito Barrio de Salamanca;Madrid capital, Madrid;31.67;Piso
2000;piso;65;0;1;Segunda mano/buen estado;True;True;Distrito Barrio de Salamanca;Madrid capital, Madrid;30.77;Piso
2690;piso;98;3;2;Segunda mano/buen estado;True;True;Distrito Barrio de Salamanca;Madrid capital, Madrid;27.45;Piso
3490;piso;120;2;3;Segunda mano/buen estado;True;True;Distrito Barrio de Salamanca;Madrid capital, Madrid;29.08;Piso
1900;piso;52;2;1;Segunda mano/buen estado;True;True;Distrito Barrio de Salamanca;Madrid capital, Madrid;36.54;Piso
3300;piso;141;3;2;Segunda mano/buen estado;True;True;Distrito Barrio de Salamanca;Madrid capital, Madrid;23.4;Piso
2565;ático;65;0;1;Segunda mano/buen estado;True;True;Distrito Barrio de Salamanca;Madrid capital, Madrid;39.46;Piso
1600;piso;55;2;1;Segunda mano/buen estado;True;True;Distrito Barrio de Salamanca;Madrid capital, Madrid;29.09;Piso
3200;piso;140;3;3;Segunda mano/buen estado;True;True;Distrito Barrio de Salamanca;Madrid capital, Madrid;22.86;Piso
2565;ático;65;0;1;Segunda mano/buen estado;True;True;Distrito Barrio de Salamanca;Madrid capital, Madrid;39.46;Piso
1699;piso;52;2;1;Segunda mano/buen estado;False;False;Distrito Barrio de Salamanca;Madrid capital, Madrid;32.67;Piso
2500;piso;80;2;2;Segunda mano/buen estado;True;True;Distrito Barrio de Salamanca;Madrid capital, Madrid;31.25;Piso
2700;ático;70;2;1;Segunda mano/buen estado;True;True;Distrito Barrio de Salamanca;Madrid capital, Madrid;38.57;Piso
3000;piso;115;2;2;Segunda mano/buen estado;True;True;Distrito Barrio de Salamanca;Madrid capital, Madrid;26.09;Piso
5800;piso;205;5;3;Segunda mano/buen estado;True;True;Distrito Barrio de Salamanca;Madrid capital, Madrid;28.29;Piso
1200;piso;50;0;1;Segunda mano/buen estado;True;False;Distrito Barrio de Salamanca;Madrid capital, Madrid;24.0;Piso
2850;ático;95;3;1;Segunda mano/buen estado;True;True;Distrito Barrio de Salamanca;Madrid capital, Madrid;30.0;Piso
2600;piso;87;2;2;Segunda mano/buen estado;True;True;Distrito Barrio de Salamanca;Madrid capital, Madrid;29.89;Piso
4500;ático;160;3;3;Segunda mano/buen estado;True;True;Distrito Barrio de Salamanca;Madrid capital, Madrid;28.12;Piso
1300;estudio;45;0;1;Segunda mano/buen estado;True;True;Distrito Barrio de Salamanca;Madrid capital, Madrid;28.89;Piso
4000;piso;216;2;2;Segunda mano/buen estado;True;True;Distrito Barrio de Salamanca;Madrid capital, Madrid;18.52;Piso
2090;piso;50;2;1;Segunda mano/buen estado;True;True;Distrito Barrio de Salamanca;Madrid capital, Madrid;41.8;Piso
2450;piso;70;2;1;Segunda mano/buen estado;True;True;Distrito Barrio de Salamanca;Madrid capital, Madrid;35.0;Piso
1000;piso;72;2;1;Segunda mano/buen estado;True;True;Distrito Barrio de Salamanca;Madrid capital, Madrid;13.89;Piso
12000;piso;200;4;4;Segunda mano/buen estado;True;True;Distrito Barrio de Salamanca;Madrid capital, Madrid;60.0;Piso
1500;piso;65;0;2;Segunda mano/buen estado;True;True;Distrito Barrio de Salamanca;Madrid capital, Madrid;23.08;Piso
3900;piso;105;2;2;Segunda mano/buen estado;True;True;Distrito Barrio de Salamanca;Madrid capital, Madrid;37.14;Piso
6500;piso;170;4;2;Segunda mano/buen estado;True;True;Distrito Barrio de Salamanca;Madrid capital, Madrid;38.24;Piso
2500;piso;79;2;1;Segunda mano/buen estado;True;False;Distrito Barrio de Salamanca;Madrid capital, Madrid;31.65;Piso
1700;piso;80;2;2;Segunda mano/buen estado;False;True;Distrito Barrio de Salamanca;Madrid capital, Madrid;21.25;Piso
2700;piso;145;4;2;Segunda mano/buen estado;True;False;Distrito Barrio de Salamanca;Madrid capital, Madrid;18.62;Piso
3200;piso;100;2;2;Segunda mano/buen estado;True;True;Distrito Barrio de Salamanca;Madrid capital, Madrid;32.0;Piso
1500;piso;65;0;2;Segunda mano/buen estado;True;True;Distrito Barrio de Salamanca;Madrid capital, Madrid;23.08;Piso
4500;piso;70;2;2;Segunda mano/buen estado;True;True;Distrito Barrio de Salamanca;Madrid capital, Madrid;64.29;Piso
2000;piso;64;2;1;Segunda mano/buen estado;False;False;Distrito Barrio de Salamanca;Madrid capital, Madrid;31.25;Piso
1600;piso;85;2;1;Segunda mano/buen estado;True;False;Distrito Barrio de Salamanca;Madrid capital, Madrid;18.82;Piso
2500;piso;79;2;1;Segunda mano/buen estado;True;False;Distrito Barrio de Salamanca;Madrid capital, Madrid;31.65;Piso
1000;piso;72;2;1;Segunda mano/buen estado;True;True;Distrito Barrio de Salamanca;Madrid capital, Madrid;13.89;Piso
1900;piso;60;2;1;Segunda mano/buen estado;True;True;Distrito Barrio de Salamanca;Madrid capital, Madrid;31.67;Piso
2100;piso;85;3;1;Segunda mano/buen estado;True;False;Distrito Barrio de Salamanca;Madrid capital, Madrid;24.71;Piso
13500;piso;219;3;4;Segunda mano/buen estado;True;True;Distrito Barrio de Salamanca;Madrid capital, Madrid;61.64;Piso
1200;piso;40;0;1;Segunda mano/buen estado;False;False;Distrito Barrio de Salamanca;Madrid capital, Madrid;30.0;Piso
1200;estudio;35;0;1;Segunda mano/buen estado;True;False;Distrito Barrio de Salamanca;Madrid capital, Madrid;34.29;Piso
1550;piso;58;2;1;Segunda mano/buen estado;True;True;Distrito Barrio de Salamanca;Madrid capital, Madrid;26.72;Piso
2950;piso;143;3;2;Segunda mano/buen estado;True;True;Distrito Barrio de Salamanca;Madrid capital, Madrid;20.63;Piso
1163;piso;45;0;1;Segunda mano/buen estado;True;True;Distrito Barrio de Salamanca;Madrid capital, Madrid;25.84;Piso
2190;piso;50;2;1;Segunda mano/buen estado;False;True;Distrito Barrio de Salamanca;Madrid capital, Madrid;43.8;Piso
1090;piso;35;0;1;Segunda mano/buen estado;True;True;Distrito Barrio de Salamanca;Madrid capital, Madrid;31.14;Piso
1600;piso;62;2;1;Segunda mano/buen estado;True;True;Distrito Barrio de Salamanca;Madrid capital, Madrid;25.81;Piso
1200;piso;47;0;1;Segunda mano/buen estado;True;True;Distrito Barrio de Salamanca;Madrid capital, Madrid;25.53;Piso
1750;dúplex;82;2;1;Segunda mano/buen estado;False;True;Distrito Barrio de Salamanca;Madrid capital, Madrid;21.34;other
2300;piso;102;2;3;Segunda mano/buen estado;True;True;Distrito Barrio de Salamanca;Madrid capital, Madrid;22.55;Piso
3000;piso;133;2;2;Segunda mano/buen estado;True;True;Distrito Barrio de Salamanca;Madrid capital, Madrid;22.56;Piso
2400;piso;50;2;1;Segunda mano/buen estado;True;True;Distrito Barrio de Salamanca;Madrid capital, Madrid;48.0;Piso
2300;piso;74;0;1;Segunda mano/buen estado;True;True;Distrito Barrio de Salamanca;Madrid capital, Madrid;31.08;Piso
3450;dúplex;120;2;2;Segunda mano/buen estado;True;True;Distrito Barrio de Salamanca;Madrid capital, Madrid;28.75;other
2400;piso;50;2;1;Segunda mano/buen estado;True;True;Distrito Barrio de Salamanca;Madrid capital, Madrid;48.0;Piso
3800;piso;162;3;2;Segunda mano/buen estado;True;True;Distrito Barrio de Salamanca;Madrid capital, Madrid;23.46;Piso
5999;piso;161;4;3;Segunda mano/buen estado;True;True;Distrito Barrio de Salamanca;Madrid capital, Madrid;37.26;Piso
2300;piso;98;3;2;Segunda mano/buen estado;True;True;Distrito Barrio de Salamanca;Madrid capital, Madrid;23.47;Piso
4200;piso;148;3;3;Segunda mano/buen estado;True;True;Distrito Barrio de Salamanca;Madrid capital, Madrid;28.38;Piso
1100;piso;61;0;1;Segunda mano/buen estado;False;False;Distrito Barrio de Salamanca;Madrid capital, Madrid;18.03;Piso
2100;piso;41;0;1;Segunda mano/buen estado;True;True;Distrito Barrio de Salamanca;Madrid capital, Madrid;51.22;Piso
11000;piso;300;3;4;Segunda mano/buen estado;True;True;Distrito Barrio de Salamanca;Madrid capital, Madrid;36.67;Piso
2400;piso;131;3;2;Segunda mano/buen estado;False;False;Distrito Barrio de Salamanca;Madrid capital, Madrid;18.32;Piso
1725;piso;140;2;2;Segunda mano/buen estado;True;True;Distrito Barrio de Salamanca;Madrid capital, Madrid;12.32;Piso
1790;piso;72;3;1;Segunda mano/buen estado;True;False;Distrito Barrio de Salamanca;Madrid capital, Madrid;24.86;Piso
3600;piso;100;3;2;Segunda mano/buen estado;True;True;Distrito Barrio de Salamanca;Madrid capital, Madrid;36.0;Piso
2100;piso;107;3;2;Segunda mano/buen estado;True;True;Distrito Barrio de Salamanca;Madrid capital, Madrid;19.63;Piso
1600;piso;88;3;2;Segunda mano/buen estado;False;False;Distrito Barrio de Salamanca;Madrid capital, Madrid;18.18;Piso
7000;dúplex;274;5;5;Segunda mano/buen estado;True;True;Distrito Barrio de Salamanca;Madrid capital, Madrid;25.55;other
3600;piso;132;2;1;Segunda mano/buen estado;True;False;Distrito Barrio de Salamanca;Madrid capital, Madrid;27.27;Piso
5999;piso;161;4;3;Segunda mano/buen estado;True;True;Distrito Barrio de Salamanca;Madrid capital, Madrid;37.26;Piso
2300;ático;78;2;2;Segunda mano/buen estado;True;True;Distrito Barrio de Salamanca;Madrid capital, Madrid;29.49;Piso
1750;piso;50;0;1;Segunda mano/buen estado;True;True;Distrito Barrio de Salamanca;Madrid capital, Madrid;35.0;Piso
2400;piso;84;3;2;Segunda mano/buen estado;False;False;Distrito Barrio de Salamanca;Madrid capital, Madrid;28.57;Piso
1800;piso;55;0;1;Segunda mano/buen estado;True;True;Distrito Barrio de Salamanca;Madrid capital, Madrid;32.73;Piso
1500;piso;56;0;1;Segunda mano/buen estado;True;True;Distrito Barrio de Salamanca;Madrid capital, Madrid;26.79;Piso
4500;piso;150;3;2;Segunda mano/buen estado;True;True;Distrito Barrio de Salamanca;Madrid capital, Madrid;30.0;Piso
2400;piso;83;0;1;Segunda mano/buen estado;True;True;Distrito Barrio de Salamanca;Madrid capital, Madrid;28.92;Piso
2200;piso;66;2;2;Segunda mano/buen estado;True;True;Distrito Barrio de Salamanca;Madrid capital, Madrid;33.33;Piso
3800;piso;162;3;2;Segunda mano/buen estado;True;True;Distrito Barrio de Salamanca;Madrid capital, Madrid;23.46;Piso
2500;piso;100;2;1;Segunda mano/buen estado;True;True;Distrito Barrio de Salamanca;Madrid capital, Madrid;25.0;Piso
3000;piso;90;2;2;Segunda mano/buen estado;True;True;Distrito Barrio de Salamanca;Madrid capital, Madrid;33.33;Piso
10000;piso;233;3;4;Segunda mano/buen estado;True;True;Distrito Barrio de Salamanca;Madrid capital, Madrid;42.92;Piso
3900;piso;105;2;2;Segunda mano/buen estado;True;False;Distrito Barrio de Salamanca;Madrid capital, Madrid;37.14;Piso
6900;piso;250;3;3;Segunda mano/buen estado;True;True;Distrito Barrio de Salamanca;Madrid capital, Madrid;27.6;Piso
1390;piso;51;0;1;Segunda mano/buen estado;True;True;Distrito Barrio de Salamanca;Madrid capital, Madrid;27.25;Piso
2300;piso;50;0;1;Segunda mano/buen estado;True;True;Distrito Barrio de Salamanca;Madrid capital, Madrid;46.0;Piso
2300;piso;50;0;1;Segunda mano/buen estado;True;True;Distrito Barrio de Salamanca;Madrid capital, Madrid;46.0;Piso
2000;piso;60;0;1;Segunda mano/buen estado;True;True;Distrito Barrio de Salamanca;Madrid capital, Madrid;33.33;Piso
1390;piso;51;0;1;Segunda mano/buen estado;True;True;Distrito Barrio de Salamanca;Madrid capital, Madrid;27.25;Piso
1100;piso;36;0;1;Segunda mano/buen estado;True;True;Distrito Barrio de Salamanca;Madrid capital, Madrid;30.56;Piso
5500;piso;172;3;3;Segunda mano/buen estado;True;True;Distrito Barrio de Salamanca;Madrid capital, Madrid;31.98;Piso
2500;piso;90;2;1;Segunda mano/buen estado;True;True;Distrito Barrio de Salamanca;Madrid capital, Madrid;27.78;Piso
1200;piso;40;0;1;Segunda mano/buen estado;True;True;Distrito Barrio de Salamanca;Madrid capital, Madrid;30.0;Piso
1400;piso;70;2;1;Segunda mano/buen estado;True;False;Distrito Barrio de Salamanca;Madrid capital, Madrid;20.0;Piso
7500;piso;180;3;3;Segunda mano/buen estado;True;True;Distrito Barrio de Salamanca;Madrid capital, Madrid;41.67;Piso
6900;piso;250;3;3;Segunda mano/buen estado;True;True;Distrito Barrio de Salamanca;Madrid capital, Madrid;27.6;Piso
5415;piso;110;3;2;Segunda mano/buen estado;True;True;Distrito Barrio de Salamanca;Madrid capital, Madrid;49.23;Piso
2800;piso;89;2;3;Segunda mano/buen estado;True;True;Distrito Barrio de Salamanca;Madrid capital, Madrid;31.46;Piso
10000;piso;396;3;5;Segunda mano/buen estado;True;True;Distrito Barrio de Salamanca;Madrid capital, Madrid;25.25;Piso
1450;piso;41;0;1;Segunda mano/buen estado;True;True;Distrito Barrio de Salamanca;Madrid capital, Madrid;35.37;Piso
2000;piso;75;2;1;Segunda mano/buen estado;True;False;Distrito Barrio de Salamanca;Madrid capital, Madrid;26.67;Piso
6700;piso;161;2;3;Segunda mano/buen estado;True;True;Distrito Barrio de Salamanca;Madrid capital, Madrid;41.61;Piso
1950;piso;80;2;2;Segunda mano/buen estado;True;False;Distrito Barrio de Salamanca;Madrid capital, Madrid;24.38;Piso
5000;ático;120;2;2;Segunda mano/buen estado;True;True;Distrito Barrio de Salamanca;Madrid capital, Madrid;41.67;Piso
2600;piso;57;2;3;Segunda mano/buen estado;True;True;Distrito Barrio de Salamanca;Madrid capital, Madrid;45.61;Piso
3900;piso;105;2;2;Segunda mano/buen estado;True;False;Distrito Barrio de Salamanca;Madrid capital, Madrid;37.14;Piso
5400;piso;211;3;3;Segunda mano/buen estado;True;True;Distrito Barrio de Salamanca;Madrid capital, Madrid;25.59;Piso
980;piso;45;0;1;Segunda mano/buen estado;False;True;Distrito Barrio de Salamanca;Madrid capital, Madrid;21.78;Piso
2100;piso;83;2;2;Segunda mano/buen estado;False;True;Distrito Barrio de Salamanca;Madrid capital, Madrid;25.3;Piso
5500;piso;220;2;3;Segunda mano/buen estado;True;True;Distrito Barrio de Salamanca;Madrid capital, Madrid;25.0;Piso
7000;ático;242;3;3;Segunda mano/buen estado;True;True;Distrito Barrio de Salamanca;Madrid capital, Madrid;28.93;Piso
3500;piso;150;4;2;Segunda mano/buen estado;True;False;Distrito Barrio de Salamanca;Madrid capital, Madrid;23.33;Piso
1850;estudio;87;0;1;Segunda mano/buen estado;False;True;Distrito Barrio de Salamanca;Madrid capital, Madrid;21.26;Piso
4500;piso;253;5;3;Segunda mano/buen estado;True;False;Distrito Barrio de Salamanca;Madrid capital, Madrid;17.79;Piso
6000;ático;131;2;2;Segunda mano/buen estado;True;True;Distrito Barrio de Salamanca;Madrid capital, Madrid;45.8;Piso
2100;piso;60;0;1;Segunda mano/buen estado;True;True;Distrito Barrio de Salamanca;Madrid capital, Madrid;35.0;Piso
8500;piso;234;3;3;Segunda mano/buen estado;False;True;Distrito Barrio de Salamanca;Madrid capital, Madrid;36.32;Piso
3600;piso;90;2;2;Segunda mano/buen estado;True;True;Distrito Barrio de Salamanca;Madrid capital, Madrid;40.0;Piso
2250;piso;82;2;2;Segunda mano/buen estado;True;True;Distrito Barrio de Salamanca;Madrid capital, Madrid;27.44;Piso
3500;piso;150;4;2;Segunda mano/buen estado;True;False;Distrito Barrio de Salamanca;Madrid capital, Madrid;23.33;Piso
6000;ático;131;2;2;Segunda mano/buen estado;True;True;Distrito Barrio de Salamanca;Madrid capital, Madrid;45.8;Piso
5550;piso;172;3;3;Segunda mano/buen estado;True;True;Distrito Barrio de Salamanca;Madrid capital, Madrid;32.27;Piso
7000;ático;242;3;3;Segunda mano/buen estado;True;True;Distrito Barrio de Salamanca;Madrid capital, Madrid;28.93;Piso
1850;estudio;87;0;1;Segunda mano/buen estado;False;True;Distrito Barrio de Salamanca;Madrid capital, Madrid;21.26;Piso
1450;piso;50;0;1;Segunda mano/buen estado;True;True;Distrito Barrio de Salamanca;Madrid capital, Madrid;29.0;Piso
1800;piso;80;2;1;Segunda mano/buen estado;True;True;Distrito Barrio de Salamanca;Madrid capital, Madrid;22.5;Piso
2300;piso;81;2;1;Segunda mano/buen estado;True;True;Distrito Barrio de Salamanca;Madrid capital, Madrid;28.4;Piso
2700;ático;95;2;2;Segunda mano/buen estado;True;True;Distrito Barrio de Salamanca;Madrid capital, Madrid;28.42;Piso
9000;piso;257;3;5;Segunda mano/buen estado;True;False;Distrito Barrio de Salamanca;Madrid capital, Madrid;35.02;Piso
1400;piso;38;0;1;Segunda mano/buen estado;True;True;Distrito Barrio de Salamanca;Madrid capital, Madrid;36.84;Piso
1650;piso;52;0;1;Segunda mano/buen estado;True;True;Distrito Barrio de Salamanca;Madrid capital, Madrid;31.73;Piso
3050;piso;85;2;1;Segunda mano/buen estado;True;True;Distrito Barrio de Salamanca;Madrid capital, Madrid;35.88;Piso
3200;ático;95;2;2;Segunda mano/buen estado;False;False;Distrito Barrio de Salamanca;Madrid capital, Madrid;33.68;Piso
1150;piso;65;2;1;Segunda mano/buen estado;True;False;Distrito Barrio de Salamanca;Madrid capital, Madrid;17.69;Piso
1890;estudio;87;0;1;Segunda mano/buen estado;True;True;Distrito Barrio de Salamanca;Madrid capital, Madrid;21.72;Piso
6500;piso;179;3;3;Segunda mano/buen estado;True;True;Distrito Barrio de Salamanca;Madrid capital, Madrid;36.31;Piso
1650;piso;52;0;1;Segunda mano/buen estado;True;True;Distrito Barrio de Salamanca;Madrid capital, Madrid;31.73;Piso
4500;piso;115;2;2;Segunda mano/buen estado;True;True;Distrito Barrio de Salamanca;Madrid capital, Madrid;39.13;Piso
2950;ático;90;2;1;Segunda mano/buen estado;True;True;Distrito Barrio de Salamanca;Madrid capital, Madrid;32.78;Piso
2550;piso;95;2;1;Segunda mano/buen estado;True;True;Distrito Barrio de Salamanca;Madrid capital, Madrid;26.84;Piso
2900;piso;140;3;2;Segunda mano/buen estado;True;False;Distrito Barrio de Salamanca;Madrid capital, Madrid;20.71;Piso
1800;estudio;50;0;1;Segunda mano/buen estado;True;True;Distrito Barrio de Salamanca;Madrid capital, Madrid;36.0;Piso
5000;piso;148;3;2;Segunda mano/buen estado;False;True;Distrito Barrio de Salamanca;Madrid capital, Madrid;33.78;Piso
1500;piso;45;0;1;Segunda mano/buen estado;True;True;Distrito Barrio de Salamanca;Madrid capital, Madrid;33.33;Piso
6995;piso;153;3;3;Segunda mano/buen estado;True;True;Distrito Barrio de Salamanca;Madrid capital, Madrid;45.72;Piso
5000;piso;148;3;2;Segunda mano/buen estado;False;True;Distrito Barrio de Salamanca;Madrid capital, Madrid;33.78;Piso
2550;piso;95;2;1;Segunda mano/buen estado;True;True;Distrito Barrio de Salamanca;Madrid capital, Madrid;26.84;Piso
1800;piso;80;2;1;Segunda mano/buen estado;True;True;Distrito Barrio de Salamanca;Madrid capital, Madrid;22.5;Piso
2950;ático;90;2;1;Segunda mano/buen estado;True;True;Distrito Barrio de Salamanca;Madrid capital, Madrid;32.78;Piso
7000;dúplex;262;5;4;Segunda mano/buen estado;True;True;Distrito Barrio de Salamanca;Madrid capital, Madrid;26.72;other
6000;piso;180;3;2;Segunda mano/buen estado;True;True;Distrito Barrio de Salamanca;Madrid capital, Madrid;33.33;Piso
1450;piso;50;0;1;Segunda mano/buen estado;True;True;Distrito Barrio de Salamanca;Madrid capital, Madrid;29.0;Piso
5500;piso;185;3;3;Segunda mano/buen estado;True;True;Distrito Barrio de Salamanca;Madrid capital, Madrid;29.73;Piso
4200;piso;110;3;2;Segunda mano/buen estado;True;True;Distrito Barrio de Salamanca;Madrid capital, Madrid;38.18;Piso
2400;piso;73;2;2;Segunda mano/buen estado;True;True;Distrito Barrio de Salamanca;Madrid capital, Madrid;32.88;Piso
1550;piso;70;2;1;Segunda mano/buen estado;True;True;Distrito Barrio de Salamanca;Madrid capital, Madrid;22.14;Piso
1950;piso;42;0;1;Segunda mano/buen estado;True;True;Distrito Barrio de Salamanca;Madrid capital, Madrid;46.43;Piso
6000;piso;185;3;2;Segunda mano/buen estado;False;False;Distrito Barrio de Salamanca;Madrid capital, Madrid;32.43;Piso
1495;ático;65;0;1;Segunda mano/buen estado;True;True;Distrito Barrio de Salamanca;Madrid capital, Madrid;23.0;Piso
6000;piso;300;3;3;Segunda mano/buen estado;True;True;Distrito Barrio de Salamanca;Madrid capital, Madrid;20.0;Piso
1400;piso;60;0;1;Segunda mano/buen estado;False;True;Distrito Barrio de Salamanca;Madrid capital, Madrid;23.33;Piso
1900;piso;80;0;2;Segunda mano/buen estado;False;True;Distrito Barrio de Salamanca;Madrid capital, Madrid;23.75;Piso
1395;piso;70;0;1;Segunda mano/buen estado;True;True;Distrito Barrio de Salamanca;Madrid capital, Madrid;19.93;Piso
1350;piso;52;0;1;Segunda mano/buen estado;True;True;Distrito Barrio de Salamanca;Madrid capital, Madrid;25.96;Piso
2900;piso;140;2;2;Segunda mano/buen estado;False;True;Distrito Barrio de Salamanca;Madrid capital, Madrid;20.71;Piso
2250;piso;71;2;2;Segunda mano/buen estado;True;True;Distrito Barrio de Salamanca;Madrid capital, Madrid;31.69;Piso
4000;casa;300;6;4;Segunda mano/buen estado;True;True;Distrito Barrio de Salamanca;Madrid capital, Madrid;13.33;other
5500;piso;117;3;3;Segunda mano/buen estado;False;True;Distrito Barrio de Salamanca;Madrid capital, Madrid;47.01;Piso
2300;piso;80;2;2;Segunda mano/buen estado;True;False;Distrito Barrio de Salamanca;Madrid capital, Madrid;28.75;Piso
2900;piso;62;2;2;Segunda mano/buen estado;True;True;Distrito Barrio de Salamanca;Madrid capital, Madrid;46.77;Piso
1550;piso;65;2;1;Segunda mano/buen estado;True;True;Distrito Barrio de Salamanca;Madrid capital, Madrid;23.85;Piso
2430;piso;53;2;1;Segunda mano/buen estado;True;True;Distrito Barrio de Salamanca;Madrid capital, Madrid;45.85;Piso
3750;piso;213;3;3;Segunda mano/buen estado;True;True;Distrito Barrio de Salamanca;Madrid capital, Madrid;17.61;Piso
2000;piso;113;2;2;Segunda mano/buen estado;True;True;Distrito Barrio de Salamanca;Madrid capital, Madrid;17.7;Piso
2400;ático;60;2;1;Segunda mano/buen estado;True;True;Distrito Barrio de Salamanca;Madrid capital, Madrid;40.0;Piso
1850;piso;65;0;1;Segunda mano/buen estado;True;True;Distrito Barrio de Salamanca;Madrid capital, Madrid;28.46;Piso
1800;piso;49;2;1;Segunda mano/buen estado;False;True;Distrito Barrio de Salamanca;Madrid capital, Madrid;36.73;Piso
2400;ático;60;2;1;Segunda mano/buen estado;True;True;Distrito Barrio de Salamanca;Madrid capital, Madrid;40.0;Piso
1400;piso;45;0;1;Segunda mano/buen estado;False;True;Distrito Barrio de Salamanca;Madrid capital, Madrid;31.11;Piso
2400;piso;52;2;2;Segunda mano/buen estado;False;True;Distrito Barrio de Salamanca;Madrid capital, Madrid;46.15;Piso
6000;piso;300;3;3;Segunda mano/buen estado;True;True;Distrito Barrio de Salamanca;Madrid capital, Madrid;20.0;Piso
1550;piso;65;2;1;Segunda mano/buen estado;True;True;Distrito Barrio de Salamanca;Madrid capital, Madrid;23.85;Piso
2900;piso;140;2;2;Segunda mano/buen estado;False;True;Distrito Barrio de Salamanca;Madrid capital, Madrid;20.71;Piso
13000;piso;193;3;4;Segunda mano/buen estado;True;True;Distrito Barrio de Salamanca;Madrid capital, Madrid;67.36;Piso
6000;piso;185;3;2;Segunda mano/buen estado;False;False;Distrito Barrio de Salamanca;Madrid capital, Madrid;32.43;Piso
2900;piso;90;2;1;Segunda mano/buen estado;True;True;Distrito Barrio de Salamanca;Madrid capital, Madrid;32.22;Piso
1100;ático;35;0;1;Segunda mano/buen estado;True;True;Distrito Barrio de Salamanca;Madrid capital, Madrid;31.43;Piso
2570;piso;50;0;1;Segunda mano/buen estado;True;True;Distrito Barrio de Salamanca;Madrid capital, Madrid;51.4;Piso
5500;piso;140;3;3;Segunda mano/buen estado;True;True;Distrito Barrio de Salamanca;Madrid capital, Madrid;39.29;Piso
2710;piso;40;0;1;Segunda mano/buen estado;True;True;Distrito Barrio de Salamanca;Madrid capital, Madrid;67.75;Piso
1150;estudio;53;0;1;Segunda mano/buen estado;True;True;Distrito Barrio de Salamanca;Madrid capital, Madrid;21.7;Piso
3950;dúplex;180;3;3;Segunda mano/buen estado;True;True;Distrito Barrio de Salamanca;Madrid capital, Madrid;21.94;other
3100;piso;83;2;2;Segunda mano/buen estado;False;True;Distrito Barrio de Salamanca;Madrid capital, Madrid;37.35;Piso
2800;piso;86;2;3;Segunda mano/buen estado;True;True;Distrito Barrio de Salamanca;Madrid capital, Madrid;32.56;Piso
3950;piso;224;5;4;Segunda mano/buen estado;True;True;Distrito Barrio de Salamanca;Madrid capital, Madrid;17.63;Piso
2995;piso;70;2;1;Segunda mano/buen estado;True;True;Distrito Barrio de Salamanca;Madrid capital, Madrid;42.79;Piso
4500;piso;140;3;3;Segunda mano/buen estado;True;True;Distrito Barrio de Salamanca;Madrid capital, Madrid;32.14;Piso
4500;piso;197;4;3;Segunda mano/buen estado;False;False;Distrito Barrio de Salamanca;Madrid capital, Madrid;22.84;Piso
2900;piso;110;3;2;Segunda mano/buen estado;True;True;Distrito Barrio de Salamanca;Madrid capital, Madrid;26.36;Piso
3050;piso;85;4;2;Segunda mano/buen estado;False;True;Distrito Barrio de Salamanca;Madrid capital, Madrid;35.88;Piso
21000;piso;600;5;6;Segunda mano/buen estado;True;True;Distrito Barrio de Salamanca;Madrid capital, Madrid;35.0;Piso
3700;piso;151;3;3;Segunda mano/buen estado;True;True;Distrito Barrio de Salamanca;Madrid capital, Madrid;24.5;Piso
1700;estudio;67;0;1;Segunda mano/buen estado;True;True;Distrito Barrio de Salamanca;Madrid capital, Madrid;25.37;Piso
2550;piso;80;2;2;Segunda mano/buen estado;True;True;Distrito Barrio de Salamanca;Madrid capital, Madrid;31.88;Piso
2800;piso;80;2;2;Segunda mano/buen estado;True;True;Distrito Barrio de Salamanca;Madrid capital, Madrid;35.0;Piso
2200;piso;110;3;2;Segunda mano/buen estado;True;False;Distrito Tetuán;Madrid capital, Madrid;20.0;Piso
2370;ático;172;2;2;Segunda mano/buen estado;True;True;Distrito Tetuán;Madrid capital, Madrid;13.78;Piso
1800;piso;67;3;3;Segunda mano/buen estado;True;True;Distrito Tetuán;Madrid capital, Madrid;26.87;Piso
1085;piso;35;0;1;Segunda mano/buen estado;True;True;Distrito Tetuán;Madrid capital, Madrid;31.0;Piso
1650;dúplex;92;2;1;Segunda mano/buen estado;True;True;Distrito Tetuán;Madrid capital, Madrid;17.93;other
1225;piso;56;2;1;Segunda mano/buen estado;False;True;Distrito Tetuán;Madrid capital, Madrid;21.88;Piso
950;piso;62;0;1;Segunda mano/buen estado;True;True;Distrito Tetuán;Madrid capital, Madrid;15.32;Piso
1035;piso;29;0;1;Segunda mano/buen estado;True;True;Distrito Tetuán;Madrid capital, Madrid;35.69;Piso
2575;piso;147;4;2;Segunda mano/buen estado;True;False;Distrito Tetuán;Madrid capital, Madrid;17.52;Piso
2245;piso;80;0;1;Segunda mano/buen estado;True;True;Distrito Tetuán;Madrid capital, Madrid;28.06;Piso
1200;piso;57;0;1;Segunda mano/buen estado;True;True;Distrito Tetuán;Madrid capital, Madrid;21.05;Piso
1995;piso;51;2;1;Segunda mano/buen estado;True;True;Distrito Tetuán;Madrid capital, Madrid;39.12;Piso
915;estudio;44;0;1;Segunda mano/buen estado;False;True;Distrito Tetuán;Madrid capital, Madrid;20.8;Piso
1924;piso;51;0;1;Segunda mano/buen estado;True;True;Distrito Tetuán;Madrid capital, Madrid;37.73;Piso
1650;ático;102;3;2;Segunda mano/buen estado;True;True;Distrito Tetuán;Madrid capital, Madrid;16.18;Piso
1320;piso;42;0;1;Segunda mano/buen estado;True;True;Distrito Tetuán;Madrid capital, Madrid;31.43;Piso
1800;dúplex;85;2;2;Segunda mano/buen estado;True;True;Distrito Tetuán;Madrid capital, Madrid;21.18;other
1544;piso;50;0;1;Segunda mano/buen estado;True;True;Distrito Tetuán;Madrid capital, Madrid;30.88;Piso
1700;piso;87;3;1;Segunda mano/buen estado;True;True;Distrito Tetuán;Madrid capital, Madrid;19.54;Piso
2990;piso;93;3;2;Segunda mano/buen estado;True;True;Distrito Tetuán;Madrid capital, Madrid;32.15;Piso
1190;piso;60;2;1;Segunda mano/buen estado;True;True;Distrito Tetuán;Madrid capital, Madrid;19.83;Piso
1400;piso;42;0;1;Segunda mano/buen estado;True;True;Distrito Tetuán;Madrid capital, Madrid;33.33;Piso
1495;piso;69;2;1;Segunda mano/buen estado;True;True;Distrito Tetuán;Madrid capital, Madrid;21.67;Piso
3650;piso;203;3;2;Segunda mano/buen estado;True;True;Distrito Tetuán;Madrid capital, Madrid;17.98;Piso
1250;piso;48;0;1;Segunda mano/buen estado;True;True;Distrito Tetuán;Madrid capital, Madrid;26.04;Piso
3000;piso;154;3;3;Segunda mano/buen estado;True;True;Distrito Tetuán;Madrid capital, Madrid;19.48;Piso
2200;piso;68;0;1;Segunda mano/buen estado;True;True;Distrito Tetuán;Madrid capital, Madrid;32.35;Piso
1550;estudio;55;0;1;Segunda mano/buen estado;True;True;Distrito Tetuán;Madrid capital, Madrid;28.18;Piso
900;piso;25;0;1;Segunda mano/buen estado;False;False;Distrito Tetuán;Madrid capital, Madrid;36.0;Piso
2500;piso;112;2;2;Segunda mano/buen estado;True;True;Distrito Tetuán;Madrid capital, Madrid;22.32;Piso
1990;piso;76;3;2;Segunda mano/buen estado;True;True;Distrito Tetuán;Madrid capital, Madrid;26.18;Piso
1500;piso;50;0;1;Segunda mano/buen estado;True;True;Distrito Tetuán;Madrid capital, Madrid;30.0;Piso
950;estudio;27;0;1;Segunda mano/buen estado;False;True;Distrito Tetuán;Madrid capital, Madrid;35.19;Piso
2300;ático;89;0;1;Segunda mano/buen estado;True;True;Distrito Tetuán;Madrid capital, Madrid;25.84;Piso
1500;piso;70;0;1;Segunda mano/buen estado;True;True;Distrito Tetuán;Madrid capital, Madrid;21.43;Piso
1400;piso;50;0;1;Segunda mano/buen estado;True;False;Distrito Tetuán;Madrid capital, Madrid;28.0;Piso
1200;piso;45;0;1;Segunda mano/buen estado;False;True;Distrito Tetuán;Madrid capital, Madrid;26.67;Piso
1740;piso;55;2;1;Segunda mano/buen estado;False;True;Distrito Tetuán;Madrid capital, Madrid;31.64;Piso
1050;piso;40;0;1;Segunda mano/buen estado;False;False;Distrito Tetuán;Madrid capital, Madrid;26.25;Piso
2200;piso;93;2;2;Segunda mano/buen estado;True;True;Distrito Tetuán;Madrid capital, Madrid;23.66;Piso
995;ático;55;0;1;Segunda mano/buen estado;True;True;Distrito Tetuán;Madrid capital, Madrid;18.09;Piso
1100;ático;24;0;1;Segunda mano/buen estado;True;True;Distrito Tetuán;Madrid capital, Madrid;45.83;Piso
2700;piso;120;4;2;Segunda mano/buen estado;True;True;Distrito Tetuán;Madrid capital, Madrid;22.5;Piso
1500;estudio;50;0;1;Segunda mano/buen estado;True;True;Distrito Tetuán;Madrid capital, Madrid;30.0;Piso
1950;piso;114;3;2;Segunda mano/buen estado;True;True;Distrito Tetuán;Madrid capital, Madrid;17.11;Piso
2200;piso;93;2;2;Segunda mano/buen estado;True;True;Distrito Tetuán;Madrid capital, Madrid;23.66;Piso
1045;piso;35;0;1;Segunda mano/buen estado;False;False;Distrito Tetuán;Madrid capital, Madrid;29.86;Piso
5000;piso;200;3;3;Segunda mano/buen estado;False;True;Distrito Tetuán;Madrid capital, Madrid;25.0;Piso
1300;piso;56;0;1;Segunda mano/buen estado;True;True;Distrito Tetuán;Madrid capital, Madrid;23.21;Piso
3340;piso;152;4;3;Segunda mano/buen estado;True;True;Distrito Tetuán;Madrid capital, Madrid;21.97;Piso
850;estudio;30;0;1;Segunda mano/buen estado;True;True;Distrito Tetuán;Madrid capital, Madrid;28.33;Piso
2210;piso;68;2;1;Segunda mano/buen estado;True;True;Distrito Tetuán;Madrid capital, Madrid;32.5;Piso
1250;piso;65;2;1;Segunda mano/buen estado;False;False;Distrito Tetuán;Madrid capital, Madrid;19.23;Piso
1820;piso;42;0;1;Segunda mano/buen estado;True;True;Distrito Tetuán;Madrid capital, Madrid;43.33;Piso
1115;ático;50;0;1;Segunda mano/buen estado;False;True;Distrito Tetuán;Madrid capital, Madrid;22.3;Piso
900;piso;25;0;1;Segunda mano/buen estado;True;True;Distrito Tetuán;Madrid capital, Madrid;36.0;Piso
1565;piso;75;2;2;Segunda mano/buen estado;True;False;Distrito Tetuán;Madrid capital, Madrid;20.87;Piso
3530;piso;93;3;2;Segunda mano/buen estado;True;True;Distrito Tetuán;Madrid capital, Madrid;37.96;Piso
2500;piso;95;3;2;Segunda mano/buen estado;True;True;Distrito Tetuán;Madrid capital, Madrid;26.32;Piso
1820;piso;40;0;1;Segunda mano/buen estado;True;True;Distrito Tetuán;Madrid capital, Madrid;45.5;Piso
2200;piso;110;3;2;Segunda mano/buen estado;True;True;Distrito Tetuán;Madrid capital, Madrid;20.0;Piso
1300;piso;40;0;1;Segunda mano/buen estado;True;True;Distrito Tetuán;Madrid capital, Madrid;32.5;Piso
1500;piso;48;0;1;Segunda mano/buen estado;True;True;Distrito Tetuán;Madrid capital, Madrid;31.25;Piso
1770;piso;40;0;1;Segunda mano/buen estado;True;True;Distrito Tetuán;Madrid capital, Madrid;44.25;Piso
1500;piso;60;2;2;Segunda mano/buen estado;True;True;Distrito Tetuán;Madrid capital, Madrid;25.0;Piso
3445;piso;93;3;2;Segunda mano/buen estado;True;True;Distrito Tetuán;Madrid capital, Madrid;37.04;Piso
1850;piso;100;3;2;Segunda mano/buen estado;True;False;Distrito Tetuán;Madrid capital, Madrid;18.5;Piso
1000;piso;30;0;1;Segunda mano/buen estado;True;True;Distrito Tetuán;Madrid capital, Madrid;33.33;Piso
1998;piso;94;2;2;Segunda mano/buen estado;True;True;Distrito Tetuán;Madrid capital, Madrid;21.26;Piso
1814;piso;51;0;1;Segunda mano/buen estado;True;True;Distrito Tetuán;Madrid capital, Madrid;35.57;Piso
1950;piso;75;0;1;Segunda mano/buen estado;True;True;Distrito Tetuán;Madrid capital, Madrid;26.0;Piso
2295;piso;73;2;2;Segunda mano/buen estado;True;True;Distrito Tetuán;Madrid capital, Madrid;31.44;Piso
1150;piso;50;0;1;Segunda mano/buen estado;True;True;Distrito Tetuán;Madrid capital, Madrid;23.0;Piso
1690;piso;42;0;1;Segunda mano/buen estado;True;True;Distrito Tetuán;Madrid capital, Madrid;40.24;Piso
1500;piso;89;0;1;Segunda mano/buen estado;True;True;Distrito Tetuán;Madrid capital, Madrid;16.85;Piso
1785;piso;73;2;2;Segunda mano/buen estado;True;True;Distrito Tetuán;Madrid capital, Madrid;24.45;Piso
900;piso;61;0;1;Segunda mano/buen estado;True;True;Distrito Tetuán;Madrid capital, Madrid;14.75;Piso
2401;piso;72;2;2;Segunda mano/buen estado;True;True;Distrito Tetuán;Madrid capital, Madrid;33.35;Piso
1100;piso;58;0;1;Segunda mano/buen estado;True;True;Distrito Tetuán;Madrid capital, Madrid;18.97;Piso
2180;piso;42;0;1;Segunda mano/buen estado;True;True;Distrito Tetuán;Madrid capital, Madrid;51.9;Piso
1000;piso;30;0;1;Segunda mano/buen estado;False;True;Distrito Tetuán;Madrid capital, Madrid;33.33;Piso
1335;piso;42;0;1;Segunda mano/buen estado;True;True;Distrito Tetuán;Madrid capital, Madrid;31.79;Piso
750;estudio;25;0;1;Segunda mano/buen estado;True;True;Distrito Tetuán;Madrid capital, Madrid;30.0;Piso
1400;piso;69;2;1;Segunda mano/buen estado;True;True;Distrito Tetuán;Madrid capital, Madrid;20.29;Piso
2000;piso;92;2;2;Segunda mano/buen estado;True;True;Distrito Tetuán;Madrid capital, Madrid;21.74;Piso
1390;piso;69;0;1;Segunda mano/buen estado;True;True;Distrito Tetuán;Madrid capital, Madrid;20.14;Piso
900;piso;41;0;1;Segunda mano/buen estado;False;False;Distrito Tetuán;Madrid capital, Madrid;21.95;Piso
2700;piso;138;3;2;Segunda mano/buen estado;False;True;Distrito Tetuán;Madrid capital, Madrid;19.57;Piso
1250;estudio;25;0;1;Segunda mano/buen estado;True;True;Distrito Tetuán;Madrid capital, Madrid;50.0;Piso
1550;ático;55;0;1;Segunda mano/buen estado;True;True;Distrito Tetuán;Madrid capital, Madrid;28.18;Piso
990;ático;46;0;1;Segunda mano/buen estado;True;True;Distrito Tetuán;Madrid capital, Madrid;21.52;Piso
1650;estudio;55;0;1;Segunda mano/buen estado;False;True;Distrito Tetuán;Madrid capital, Madrid;30.0;Piso
3250;piso;118;4;3;Segunda mano/buen estado;True;False;Distrito Tetuán;Madrid capital, Madrid;27.54;Piso
1787;piso;71;2;1;Segunda mano/buen estado;True;True;Distrito Tetuán;Madrid capital, Madrid;25.17;Piso
1400;piso;50;0;1;Segunda mano/buen estado;True;True;Distrito Tetuán;Madrid capital, Madrid;28.0;Piso
1197;estudio;43;0;1;Segunda mano/buen estado;True;True;Distrito Tetuán;Madrid capital, Madrid;27.84;Piso
1800;piso;132;3;2;Segunda mano/buen estado;False;False;Distrito Tetuán;Madrid capital, Madrid;13.64;Piso
1357;piso;49;0;1;Segunda mano/buen estado;True;True;Distrito Tetuán;Madrid capital, Madrid;27.69;Piso
1400;piso;70;2;2;Segunda mano/buen estado;True;True;Distrito Tetuán;Madrid capital, Madrid;20.0;Piso
1507;dúplex;60;0;1;Segunda mano/buen estado;True;True;Distrito Tetuán;Madrid capital, Madrid;25.12;other
1690;piso;81;2;1;Segunda mano/buen estado;True;True;Distrito Tetuán;Madrid capital, Madrid;20.86;Piso
1477;estudio;48;0;1;Segunda mano/buen estado;True;True;Distrito Tetuán;Madrid capital, Madrid;30.77;Piso
1200;piso;44;0;1;Segunda mano/buen estado;False;True;Distrito Tetuán;Madrid capital, Madrid;27.27;Piso
1500;piso;80;2;1;Segunda mano/buen estado;True;False;Distrito Tetuán;Madrid capital, Madrid;18.75;Piso
1000;piso;40;0;1;Segunda mano/buen estado;False;False;Distrito Tetuán;Madrid capital, Madrid;25.0;Piso
1200;piso;50;0;1;Segunda mano/buen estado;True;True;Distrito Tetuán;Madrid capital, Madrid;24.0;Piso
895;piso;41;2;1;Segunda mano/buen estado;False;False;Distrito Tetuán;Madrid capital, Madrid;21.83;Piso
1450;piso;42;0;1;Segunda mano/buen estado;True;True;Distrito Tetuán;Madrid capital, Madrid;34.52;Piso
1350;piso;85;3;1;Segunda mano/buen estado;False;True;Distrito Tetuán;Madrid capital, Madrid;15.88;Piso
1560;piso;47;2;1;Segunda mano/buen estado;False;True;Distrito Tetuán;Madrid capital, Madrid;33.19;Piso
900;dúplex;60;0;1;Segunda mano/buen estado;False;True;Distrito Tetuán;Madrid capital, Madrid;15.0;other
2950;piso;124;2;2;Segunda mano/buen estado;False;True;Distrito Tetuán;Madrid capital, Madrid;23.79;Piso
1150;piso;75;2;1;Segunda mano/buen estado;True;True;Distrito Tetuán;Madrid capital, Madrid;15.33;Piso
1250;ático;60;0;1;Segunda mano/buen estado;True;True;Distrito Tetuán;Madrid capital, Madrid;20.83;Piso
1100;piso;26;0;1;Segunda mano/buen estado;True;True;Distrito Tetuán;Madrid capital, Madrid;42.31;Piso
1800;piso;70;0;1;Segunda mano/buen estado;True;True;Distrito Tetuán;Madrid capital, Madrid;25.71;Piso
1100;piso;50;0;1;Segunda mano/buen estado;True;True;Distrito Tetuán;Madrid capital, Madrid;22.0;Piso
2500;piso;112;2;2;Segunda mano/buen estado;True;True;Distrito Tetuán;Madrid capital, Madrid;22.32;Piso
1800;piso;80;2;1;Segunda mano/buen estado;True;True;Distrito Tetuán;Madrid capital, Madrid;22.5;Piso
1550;piso;80;0;1;Segunda mano/buen estado;True;True;Distrito Tetuán;Madrid capital, Madrid;19.38;Piso
3500;piso;180;3;2;Segunda mano/buen estado;True;True;Distrito Tetuán;Madrid capital, Madrid;19.44;Piso
2100;piso;90;2;2;Segunda mano/buen estado;True;True;Distrito Tetuán;Madrid capital, Madrid;23.33;Piso
1300;piso;90;2;1;Segunda mano/buen estado;True;False;Distrito Tetuán;Madrid capital, Madrid;14.44;Piso
1550;piso;80;0;1;Segunda mano/buen estado;True;True;Distrito Tetuán;Madrid capital, Madrid;19.38;Piso
2100;piso;123;2;1;Segunda mano/buen estado;True;True;Distrito Tetuán;Madrid capital, Madrid;17.07;Piso
2600;piso;106;2;2;Segunda mano/buen estado;True;True;Distrito Tetuán;Madrid capital, Madrid;24.53;Piso
2200;dúplex;85;0;2;Segunda mano/buen estado;True;True;Distrito Tetuán;Madrid capital, Madrid;25.88;other
1950;dúplex;100;3;3;Segunda mano/buen estado;True;True;Distrito Tetuán;Madrid capital, Madrid;19.5;other
1950;piso;80;2;2;Segunda mano/buen estado;True;True;Distrito Tetuán;Madrid capital, Madrid;24.38;Piso
1400;piso;73;2;1;Segunda mano/buen estado;True;True;Distrito Tetuán;Madrid capital, Madrid;19.18;Piso
1980;piso;95;2;2;Segunda mano/buen estado;True;True;Distrito Tetuán;Madrid capital, Madrid;20.84;Piso
1590;piso;85;0;1;Segunda mano/buen estado;True;True;Distrito Tetuán;Madrid capital, Madrid;18.71;Piso
1625;piso;75;2;1;Segunda mano/buen estado;True;True;Distrito Tetuán;Madrid capital, Madrid;21.67;Piso
5000;piso;226;3;3;Segunda mano/buen estado;True;False;Distrito Tetuán;Madrid capital, Madrid;22.12;Piso
950;piso;45;2;1;Segunda mano/buen estado;False;False;Distrito Tetuán;Madrid capital, Madrid;21.11;Piso
2800;piso;65;4;2;Segunda mano/buen estado;True;True;Distrito Tetuán;Madrid capital, Madrid;43.08;Piso
1200;piso;43;0;1;Segunda mano/buen estado;True;True;Distrito Tetuán;Madrid capital, Madrid;27.91;Piso
2900;piso;143;3;2;Segunda mano/buen estado;True;True;Distrito Tetuán;Madrid capital, Madrid;20.28;Piso
3000;piso;150;3;2;Segunda mano/buen estado;True;True;Distrito Tetuán;Madrid capital, Madrid;20.0;Piso
1660;piso;53;0;1;Segunda mano/buen estado;False;True;Distrito Tetuán;Madrid capital, Madrid;31.32;Piso
2500;piso;120;3;2;Segunda mano/buen estado;True;True;Distrito Tetuán;Madrid capital, Madrid;20.83;Piso
2040;piso;83;2;2;Segunda mano/buen estado;False;True;Distrito Tetuán;Madrid capital, Madrid;24.58;Piso
1360;piso;62;0;1;Segunda mano/buen estado;True;True;Distrito Tetuán;Madrid capital, Madrid;21.94;Piso
1850;piso;78;0;1;Segunda mano/buen estado;True;True;Distrito Tetuán;Madrid capital, Madrid;23.72;Piso
1000;piso;38;0;1;Segunda mano/buen estado;True;True;Distrito Tetuán;Madrid capital, Madrid;26.32;Piso
1200;ático;55;0;1;Segunda mano/buen estado;True;True;Distrito Tetuán;Madrid capital, Madrid;21.82;Piso
1950;piso;91;3;1;Segunda mano/buen estado;True;False;Distrito Tetuán;Madrid capital, Madrid;21.43;Piso
925;piso;40;2;1;Segunda mano/buen estado;True;True;Distrito Tetuán;Madrid capital, Madrid;23.12;Piso
1050;piso;40;2;1;Segunda mano/buen estado;True;True;Distrito Tetuán;Madrid capital, Madrid;26.25;Piso
4000;piso;160;4;4;Segunda mano/buen estado;True;True;Distrito Tetuán;Madrid capital, Madrid;25.0;Piso
900;estudio;30;0;1;Segunda mano/buen estado;True;True;Distrito Tetuán;Madrid capital, Madrid;30.0;Piso
1450;piso;81;3;2;Segunda mano/buen estado;False;False;Distrito Tetuán;Madrid capital, Madrid;17.9;Piso
4500;piso;200;5;3;Segunda mano/buen estado;True;True;Distrito Tetuán;Madrid capital, Madrid;22.5;Piso
1740;piso;116;3;2;Segunda mano/buen estado;False;True;Distrito Tetuán;Madrid capital, Madrid;15.0;Piso
1050;piso;45;0;1;Segunda mano/buen estado;True;True;Distrito Tetuán;Madrid capital, Madrid;23.33;Piso
1750;piso;71;3;2;Segunda mano/buen estado;False;True;Distrito Tetuán;Madrid capital, Madrid;24.65;Piso
1300;piso;62;0;1;Segunda mano/buen estado;False;True;Distrito Tetuán;Madrid capital, Madrid;20.97;Piso
1650;piso;75;2;2;Segunda mano/buen estado;True;True;Distrito Tetuán;Madrid capital, Madrid;22.0;Piso
1900;ático;106;2;2;Segunda mano/buen estado;True;True;Distrito Tetuán;Madrid capital, Madrid;17.92;Piso
1200;piso;67;2;1;Segunda mano/buen estado;True;False;Distrito Tetuán;Madrid capital, Madrid;17.91;Piso
1075;piso;55;0;1;Segunda mano/buen estado;True;False;Distrito Tetuán;Madrid capital, Madrid;19.55;Piso
1500;piso;50;0;1;Segunda mano/buen estado;True;True;Distrito Tetuán;Madrid capital, Madrid;30.0;Piso
1000;piso;53;2;1;Segunda mano/buen estado;False;True;Distrito Tetuán;Madrid capital, Madrid;18.87;Piso
1500;piso;62;0;1;Segunda mano/buen estado;True;True;Distrito Tetuán;Madrid capital, Madrid;24.19;Piso
1100;piso;35;0;1;Segunda mano/buen estado;True;True;Distrito Tetuán;Madrid capital, Madrid;31.43;Piso
1090;piso;65;2;1;Segunda mano/buen estado;True;True;Distrito Tetuán;Madrid capital, Madrid;16.77;Piso
800;estudio;35;0;1;Segunda mano/buen estado;False;False;Distrito Tetuán;Madrid capital, Madrid;22.86;Piso
700;estudio;40;0;1;Segunda mano/buen estado;False;False;Distrito Tetuán;Madrid capital, Madrid;17.5;Piso
1300;piso;49;2;2;Segunda mano/buen estado;True;True;Distrito Tetuán;Madrid capital, Madrid;26.53;Piso
2500;piso;82;3;1;Segunda mano/buen estado;False;True;Distrito Tetuán;Madrid capital, Madrid;30.49;Piso
1250;estudio;50;0;1;Segunda mano/buen estado;True;True;Distrito Tetuán;Madrid capital, Madrid;25.0;Piso
870;estudio;34;0;1;Segunda mano/buen estado;True;True;Distrito Tetuán;Madrid capital, Madrid;25.59;Piso
1600;ático;70;2;1;Segunda mano/buen estado;True;False;Distrito Tetuán;Madrid capital, Madrid;22.86;Piso
1800;piso;82;2;1;Segunda mano/buen estado;True;True;Distrito Tetuán;Madrid capital, Madrid;21.95;Piso
1800;piso;130;4;2;Segunda mano/buen estado;False;False;Distrito Tetuán;Madrid capital, Madrid;13.85;Piso
1300;piso;65;3;2;Segunda mano/buen estado;False;False;Distrito Tetuán;Madrid capital, Madrid;20.0;Piso
750;estudio;24;0;1;Segunda mano/buen estado;False;False;Distrito Tetuán;Madrid capital, Madrid;31.25;Piso
1375;piso;54;2;1;Segunda mano/buen estado;True;True;Distrito Tetuán;Madrid capital, Madrid;25.46;Piso
1300;estudio;31;0;1;Segunda mano/buen estado;True;True;Distrito Tetuán;Madrid capital, Madrid;41.94;Piso
1195;piso;46;2;1;Segunda mano/buen estado;False;True;Distrito Tetuán;Madrid capital, Madrid;25.98;Piso
1600;piso;40;0;1;Segunda mano/buen estado;False;False;Distrito Tetuán;Madrid capital, Madrid;40.0;Piso
2565;piso;77;2;2;Segunda mano/buen estado;True;True;Distrito Tetuán;Madrid capital, Madrid;33.31;Piso
3150;piso;120;3;2;Segunda mano/buen estado;True;True;Distrito Tetuán;Madrid capital, Madrid;26.25;Piso
2295;piso;57;2;1;Segunda mano/buen estado;True;True;Distrito Tetuán;Madrid capital, Madrid;40.26;Piso
5535;piso;180;4;3;Segunda mano/buen estado;True;True;Distrito Tetuán;Madrid capital, Madrid;30.75;Piso
1950;piso;90;3;1;Segunda mano/buen estado;False;True;Distrito Tetuán;Madrid capital, Madrid;21.67;Piso
1950;piso;72;3;1;Segunda mano/buen estado;False;True;Distrito Tetuán;Madrid capital, Madrid;27.08;Piso
5900;piso;322;6;4;Segunda mano/buen estado;True;True;Distrito Tetuán;Madrid capital, Madrid;18.32;Piso
975;piso;28;0;1;Segunda mano/buen estado;False;True;Distrito Tetuán;Madrid capital, Madrid;34.82;Piso
2455;piso;100;2;2;Segunda mano/buen estado;True;True;Distrito Tetuán;Madrid capital, Madrid;24.55;Piso
1750;piso;91;2;1;Segunda mano/buen estado;True;True;Distrito Tetuán;Madrid capital, Madrid;19.23;Piso
3045;piso;66;3;2;Segunda mano/buen estado;True;True;Distrito Tetuán;Madrid capital, Madrid;46.14;Piso
1890;piso;45;0;1;Segunda mano/buen estado;True;True;Distrito Tetuán;Madrid capital, Madrid;42.0;Piso
1000;piso;45;0;1;Segunda mano/buen estado;True;True;Distrito Tetuán;Madrid capital, Madrid;22.22;Piso
2606;piso;90;3;2;Segunda mano/buen estado;True;True;Distrito Tetuán;Madrid capital, Madrid;28.96;Piso
1100;estudio;30;0;1;Segunda mano/buen estado;True;True;Distrito Tetuán;Madrid capital, Madrid;36.67;Piso
2500;piso;120;3;3;Segunda mano/buen estado;True;True;Distrito Tetuán;Madrid capital, Madrid;20.83;Piso
3450;piso;160;3;2;Segunda mano/buen estado;False;True;Distrito Tetuán;Madrid capital, Madrid;21.56;Piso
1150;piso;30;0;1;Segunda mano/buen estado;False;False;Distrito Tetuán;Madrid capital, Madrid;38.33;Piso
3000;piso;110;2;1;Segunda mano/buen estado;False;False;Distrito Tetuán;Madrid capital, Madrid;27.27;Piso
1200;piso;70;2;1;Segunda mano/buen estado;False;True;Distrito Tetuán;Madrid capital, Madrid;17.14;Piso
5000;piso;200;3;3;Segunda mano/buen estado;True;True;Distrito Tetuán;Madrid capital, Madrid;25.0;Piso
1900;piso;80;2;2;Segunda mano/buen estado;True;True;Distrito Tetuán;Madrid capital, Madrid;23.75;Piso
1315;piso;50;2;1;Segunda mano/buen estado;True;True;Distrito Tetuán;Madrid capital, Madrid;26.3;Piso
1750;piso;77;2;1;Segunda mano/buen estado;True;True;Distrito Tetuán;Madrid capital, Madrid;22.73;Piso
3975;piso;130;3;2;Segunda mano/buen estado;True;True;Distrito Tetuán;Madrid capital, Madrid;30.58;Piso
2200;piso;102;3;2;Segunda mano/buen estado;False;True;Distrito Tetuán;Madrid capital, Madrid;21.57;Piso
3960;piso;145;3;2;Segunda mano/buen estado;True;True;Distrito Tetuán;Madrid capital, Madrid;27.31;Piso
2750;piso;100;2;2;Segunda mano/buen estado;True;True;Distrito Tetuán;Madrid capital, Madrid;27.5;Piso
2200;piso;102;3;2;Segunda mano/buen estado;False;True;Distrito Tetuán;Madrid capital, Madrid;21.57;Piso
1300;piso;65;0;1;Segunda mano/buen estado;True;True;Distrito Tetuán;Madrid capital, Madrid;20.0;Piso
1450;piso;86;2;1;Segunda mano/buen estado;False;False;Distrito Tetuán;Madrid capital, Madrid;16.86;Piso
4500;piso;198;3;3;Segunda mano/buen estado;True;True;Distrito Tetuán;Madrid capital, Madrid;22.73;Piso
2200;piso;80;0;1;Segunda mano/buen estado;False;True;Distrito Tetuán;Madrid capital, Madrid;27.5;Piso
1200;piso;63;0;1;Segunda mano/buen estado;False;False;Distrito Tetuán;Madrid capital, Madrid;19.05;Piso
3500;piso;185;3;3;Segunda mano/buen estado;True;True;Distrito Tetuán;Madrid capital, Madrid;18.92;Piso
1250;piso;75;0;1;Segunda mano/buen estado;True;False;Distrito Tetuán;Madrid capital, Madrid;16.67;Piso
1250;dúplex;60;0;1;Segunda mano/buen estado;False;True;Distrito Tetuán;Madrid capital, Madrid;20.83;other
3300;piso;121;6;2;Segunda mano/buen estado;True;False;Distrito Tetuán;Madrid capital, Madrid;27.27;Piso
1150;estudio;45;0;1;Segunda mano/buen estado;False;False;Distrito Tetuán;Madrid capital, Madrid;25.56;Piso
900;estudio;42;0;1;Segunda mano/buen estado;False;False;Distrito Tetuán;Madrid capital, Madrid;21.43;Piso
1150;piso;35;0;1;Segunda mano/buen estado;False;False;Distrito Tetuán;Madrid capital, Madrid;32.86;Piso
1090;piso;65;0;1;Segunda mano/buen estado;True;True;Distrito Tetuán;Madrid capital, Madrid;16.77;Piso
950;estudio;35;0;1;Segunda mano/buen estado;False;False;Distrito Tetuán;Madrid capital, Madrid;27.14;Piso
2750;piso;146;3;2;Segunda mano/buen estado;True;True;Distrito Tetuán;Madrid capital, Madrid;18.84;Piso
1115;piso;45;2;1;Segunda mano/buen estado;True;True;Distrito Tetuán;Madrid capital, Madrid;24.78;Piso
1670;piso;66;0;1;Segunda mano/buen estado;True;False;Distrito Tetuán;Madrid capital, Madrid;25.3;Piso
1800;piso;67;2;2;Segunda mano/buen estado;True;True;Distrito Tetuán;Madrid capital, Madrid;26.87;Piso
950;estudio;32;0;1;Segunda mano/buen estado;True;True;Distrito Tetuán;Madrid capital, Madrid;29.69;Piso
2597;piso;93;3;2;Segunda mano/buen estado;True;True;Distrito Tetuán;Madrid capital, Madrid;27.92;Piso
1590;piso;85;3;2;;False;False;Distrito Tetuán;Madrid capital, Madrid;18.71;Piso
1900;piso;80;2;2;Segunda mano/buen estado;True;True;Distrito Tetuán;Madrid capital, Madrid;23.75;Piso
1570;piso;83;3;2;;False;False;Distrito Tetuán;Madrid capital, Madrid;18.92;Piso
1667;piso;89;3;2;;False;False;Distrito Tetuán;Madrid capital, Madrid;18.73;Piso
1900;piso;70;2;1;Segunda mano/buen estado;True;True;Distrito Tetuán;Madrid capital, Madrid;27.14;Piso
1620;piso;87;3;2;;False;False;Distrito Tetuán;Madrid capital, Madrid;18.62;Piso
990;piso;47;0;1;Segunda mano/buen estado;False;True;Distrito Tetuán;Madrid capital, Madrid;21.06;Piso
990;piso;47;0;1;Segunda mano/buen estado;False;True;Distrito Tetuán;Madrid capital, Madrid;21.06;Piso
2370;ático;173;2;2;Segunda mano/buen estado;True;True;Distrito Tetuán;Madrid capital, Madrid;13.7;Piso
1400;piso;50;0;1;Segunda mano/buen estado;True;False;Distrito Tetuán;Madrid capital, Madrid;28.0;Piso
4500;piso;200;5;3;Segunda mano/buen estado;False;True;Distrito Tetuán;Madrid capital, Madrid;22.5;Piso
2370;piso;172;2;2;Segunda mano/buen estado;True;True;Distrito Tetuán;Madrid capital, Madrid;13.78;Piso
1420;piso;59;0;1;Segunda mano/buen estado;True;True;Distrito Tetuán;Madrid capital, Madrid;24.07;Piso
1820;piso;40;0;1;Segunda mano/buen estado;True;True;Distrito Tetuán;Madrid capital, Madrid;45.5;Piso
1820;ático;62;0;1;Segunda mano/buen estado;True;True;Distrito Tetuán;Madrid capital, Madrid;29.35;Piso
3200;piso;205;4;3;Segunda mano/buen estado;True;True;Distrito Tetuán;Madrid capital, Madrid;15.61;Piso
1035;piso;40;0;1;Segunda mano/buen estado;False;True;Distrito Tetuán;Madrid capital, Madrid;25.88;Piso
1500;piso;55;0;1;Segunda mano/buen estado;True;True;Distrito Tetuán;Madrid capital, Madrid;27.27;Piso
2300;piso;60;0;1;Segunda mano/buen estado;True;True;Distrito Tetuán;Madrid capital, Madrid;38.33;Piso
1400;piso;65;2;1;Segunda mano/buen estado;True;False;Distrito Tetuán;Madrid capital, Madrid;21.54;Piso
1200;piso;35;0;1;Segunda mano/buen estado;False;True;Distrito Tetuán;Madrid capital, Madrid;34.29;Piso
2365;piso;138;2;2;Segunda mano/buen estado;True;True;Distrito Tetuán;Madrid capital, Madrid;17.14;Piso
3450;piso;140;3;2;Segunda mano/buen estado;True;True;Distrito Tetuán;Madrid capital, Madrid;24.64;Piso
1150;piso;55;2;1;Segunda mano/buen estado;False;True;Distrito Tetuán;Madrid capital, Madrid;20.91;Piso
1300;piso;55;2;1;Segunda mano/buen estado;False;True;Distrito Tetuán;Madrid capital, Madrid;23.64;Piso
1180;piso;50;2;1;Segunda mano/buen estado;False;True;Distrito Tetuán;Madrid capital, Madrid;23.6;Piso
1780;piso;60;0;1;Segunda mano/buen estado;True;True;Distrito Tetuán;Madrid capital, Madrid;29.67;Piso
1700;piso;80;2;2;Segunda mano/buen estado;False;True;Distrito Tetuán;Madrid capital, Madrid;21.25;Piso
915;piso;48;0;1;Segunda mano/buen estado;False;True;Distrito Tetuán;Madrid capital, Madrid;19.06;Piso
1435;piso;80;2;1;Segunda mano/buen estado;True;True;Distrito Tetuán;Madrid capital, Madrid;17.94;Piso
1500;piso;66;2;1;Segunda mano/buen estado;False;True;Distrito Tetuán;Madrid capital, Madrid;22.73;Piso
2700;piso;105;2;1;Segunda mano/buen estado;True;True;Distrito Tetuán;Madrid capital, Madrid;25.71;Piso
1950;piso;65;0;2;Segunda mano/buen estado;True;True;Distrito Tetuán;Madrid capital, Madrid;30.0;Piso
3000;piso;159;3;3;Segunda mano/buen estado;False;True;Distrito Tetuán;Madrid capital, Madrid;18.87;Piso
2250;piso;90;2;2;Segunda mano/buen estado;True;True;Distrito Tetuán;Madrid capital, Madrid;25.0;Piso
5000;piso;200;3;3;Segunda mano/buen estado;True;True;Distrito Tetuán;Madrid capital, Madrid;25.0;Piso
1890;piso;114;2;2;Segunda mano/buen estado;True;False;Distrito Tetuán;Madrid capital, Madrid;16.58;Piso
1890;piso;114;2;2;Segunda mano/buen estado;True;False;Distrito Tetuán;Madrid capital, Madrid;16.58;Piso
5000;piso;200;3;3;Segunda mano/buen estado;True;True;Distrito Tetuán;Madrid capital, Madrid;25.0;Piso
1300;piso;31;0;1;Segunda mano/buen estado;False;True;Distrito Tetuán;Madrid capital, Madrid;41.94;Piso
3000;piso;159;3;3;Segunda mano/buen estado;False;True;Distrito Tetuán;Madrid capital, Madrid;18.87;Piso
6200;piso;300;5;3;Segunda mano/buen estado;True;True;Distrito Tetuán;Madrid capital, Madrid;20.67;Piso
2349;piso;57;2;1;Segunda mano/buen estado;True;True;Distrito Tetuán;Madrid capital, Madrid;41.21;Piso
1800;piso;65;2;1;Segunda mano/buen estado;False;True;Distrito Tetuán;Madrid capital, Madrid;27.69;Piso
2970;piso;64;2;2;Segunda mano/buen estado;True;True;Distrito Tetuán;Madrid capital, Madrid;46.41;Piso
1500;piso;80;3;1;Segunda mano/buen estado;False;True;Distrito Tetuán;Madrid capital, Madrid;18.75;Piso
2295;piso;64;2;2;Segunda mano/buen estado;True;True;Distrito Tetuán;Madrid capital, Madrid;35.86;Piso
2025;piso;45;0;1;Segunda mano/buen estado;True;True;Distrito Tetuán;Madrid capital, Madrid;45.0;Piso
2295;piso;57;2;1;Segunda mano/buen estado;True;True;Distrito Tetuán;Madrid capital, Madrid;40.26;Piso
2565;piso;45;0;1;Segunda mano/buen estado;True;True;Distrito Tetuán;Madrid capital, Madrid;57.0;Piso
1100;piso;64;0;1;Segunda mano/buen estado;True;True;Distrito Tetuán;Madrid capital, Madrid;17.19;Piso
2430;piso;62;0;1;Segunda mano/buen estado;True;True;Distrito Tetuán;Madrid capital, Madrid;39.19;Piso
4050;piso;120;3;2;Segunda mano/buen estado;True;True;Distrito Tetuán;Madrid capital, Madrid;33.75;Piso
2606;piso;93;3;2;Segunda mano/buen estado;True;True;Distrito Tetuán;Madrid capital, Madrid;28.02;Piso
2606;piso;90;3;2;Segunda mano/buen estado;True;True;Distrito Tetuán;Madrid capital, Madrid;28.96;Piso
1600;piso;65;2;1;Segunda mano/buen estado;False;True;Distrito Tetuán;Madrid capital, Madrid;24.62;Piso
1890;piso;45;0;1;Segunda mano/buen estado;True;True;Distrito Tetuán;Madrid capital, Madrid;42.0;Piso
3105;piso;80;2;2;Segunda mano/buen estado;True;True;Distrito Tetuán;Madrid capital, Madrid;38.81;Piso
2295;piso;64;2;2;Segunda mano/buen estado;True;True;Distrito Tetuán;Madrid capital, Madrid;35.86;Piso
1100;piso;47;2;1;Segunda mano/buen estado;False;True;Distrito Tetuán;Madrid capital, Madrid;23.4;Piso
2597;piso;89;3;2;Segunda mano/buen estado;True;True;Distrito Tetuán;Madrid capital, Madrid;29.18;Piso
2565;piso;57;2;1;Segunda mano/buen estado;True;True;Distrito Tetuán;Madrid capital, Madrid;45.0;Piso
2295;piso;62;0;1;Segunda mano/buen estado;True;True;Distrito Tetuán;Madrid capital, Madrid;37.02;Piso
6000;piso;197;3;3;Segunda mano/buen estado;True;True;Distrito Tetuán;Madrid capital, Madrid;30.46;Piso
1250;piso;70;2;1;Segunda mano/buen estado;False;True;Distrito Tetuán;Madrid capital, Madrid;17.86;Piso
1090;piso;40;2;2;Segunda mano/buen estado;False;True;Distrito Tetuán;Madrid capital, Madrid;27.25;Piso
1500;piso;90;3;1;Segunda mano/buen estado;False;False;Distrito Tetuán;Madrid capital, Madrid;16.67;Piso
1250;piso;73;2;1;Segunda mano/buen estado;False;False;Distrito Tetuán;Madrid capital, Madrid;17.12;Piso
1090;piso;40;2;2;Segunda mano/buen estado;False;True;Distrito Tetuán;Madrid capital, Madrid;27.25;Piso
1583;piso;93;2;2;Segunda mano/buen estado;False;True;Distrito Tetuán;Madrid capital, Madrid;17.02;Piso
950;piso;50;0;1;Segunda mano/buen estado;True;False;Distrito Tetuán;Madrid capital, Madrid;19.0;Piso
990;piso;50;2;1;Segunda mano/buen estado;False;False;Distrito Tetuán;Madrid capital, Madrid;19.8;Piso
2750;piso;174;3;3;Segunda mano/buen estado;True;True;Distrito Tetuán;Madrid capital, Madrid;15.8;Piso
1200;piso;44;0;1;Segunda mano/buen estado;False;False;Distrito Tetuán;Madrid capital, Madrid;27.27;Piso
795;estudio;37;0;1;Segunda mano/buen estado;False;True;Distrito Tetuán;Madrid capital, Madrid;21.49;Piso
1700;piso;86;2;2;Segunda mano/buen estado;False;True;Distrito Tetuán;Madrid capital, Madrid;19.77;Piso
2200;piso;105;3;2;Segunda mano/buen estado;True;True;Distrito Tetuán;Madrid capital, Madrid;20.95;Piso
3200;piso;93;2;1;Segunda mano/buen estado;False;True;Distrito Tetuán;Madrid capital, Madrid;34.41;Piso
2405;piso;74;0;1;Segunda mano/buen estado;True;False;Distrito Tetuán;Madrid capital, Madrid;32.5;Piso
3540;ático;120;3;3;Segunda mano/buen estado;True;True;Distrito Tetuán;Madrid capital, Madrid;29.5;Piso
2160;piso;87;2;1;Segunda mano/buen estado;True;True;Distrito Tetuán;Madrid capital, Madrid;24.83;Piso
900;estudio;32;0;1;Segunda mano/buen estado;True;True;Distrito Tetuán;Madrid capital, Madrid;28.12;Piso
1600;piso;100;0;1;Segunda mano/buen estado;False;True;Distrito Tetuán;Madrid capital, Madrid;16.0;Piso
1645;piso;40;0;1;Segunda mano/buen estado;True;True;Distrito Tetuán;Madrid capital, Madrid;41.12;Piso
2700;piso;90;2;1;Segunda mano/buen estado;False;True;Distrito Tetuán;Madrid capital, Madrid;30.0;Piso
2900;piso;110;2;2;Segunda mano/buen estado;True;True;Distrito Tetuán;Madrid capital, Madrid;26.36;Piso
2935;piso;95;2;2;Segunda mano/buen estado;True;True;Distrito Tetuán;Madrid capital, Madrid;30.89;Piso
4050;piso;147;3;3;Segunda mano/buen estado;True;True;Distrito Tetuán;Madrid capital, Madrid;27.55;Piso
1500;piso;60;2;2;Segunda mano/buen estado;True;True;Distrito Tetuán;Madrid capital, Madrid;25.0;Piso
2000;piso;83;0;1;Segunda mano/buen estado;False;True;Distrito Tetuán;Madrid capital, Madrid;24.1;Piso
3170;piso;110;2;2;Segunda mano/buen estado;True;True;Distrito Tetuán;Madrid capital, Madrid;28.82;Piso
1940;piso;77;2;1;Segunda mano/buen estado;True;True;Distrito Tetuán;Madrid capital, Madrid;25.19;Piso
3200;piso;65;2;1;Segunda mano/buen estado;True;True;Distrito Tetuán;Madrid capital, Madrid;49.23;Piso
3295;piso;101;2;2;Segunda mano/buen estado;True;True;Distrito Tetuán;Madrid capital, Madrid;32.62;Piso
1850;piso;92;2;2;Segunda mano/buen estado;False;True;Distrito Tetuán;Madrid capital, Madrid;20.11;Piso
2640;piso;110;2;2;Segunda mano/buen estado;True;True;Distrito Tetuán;Madrid capital, Madrid;24.0;Piso
3385;piso;81;2;2;Segunda mano/buen estado;True;True;Distrito Tetuán;Madrid capital, Madrid;41.79;Piso
3200;piso;65;2;1;Segunda mano/buen estado;True;True;Distrito Tetuán;Madrid capital, Madrid;49.23;Piso
1645;piso;40;0;1;Segunda mano/buen estado;True;True;Distrito Tetuán;Madrid capital, Madrid;41.12;Piso
1650;estudio;55;0;1;Segunda mano/buen estado;True;True;Distrito Tetuán;Madrid capital, Madrid;30.0;Piso
1800;piso;81;0;1;Segunda mano/buen estado;False;True;Distrito Tetuán;Madrid capital, Madrid;22.22;Piso
1350;piso;44;0;1;Segunda mano/buen estado;False;True;Distrito Tetuán;Madrid capital, Madrid;30.68;Piso
2100;piso;90;2;2;Segunda mano/buen estado;True;True;Distrito Tetuán;Madrid capital, Madrid;23.33;Piso
1350;piso;45;0;1;Segunda mano/buen estado;False;True;Distrito Tetuán;Madrid capital, Madrid;30.0;Piso
2000;piso;65;2;1;Segunda mano/buen estado;False;True;Distrito Tetuán;Madrid capital, Madrid;30.77;Piso
1900;piso;75;3;1;Segunda mano/buen estado;True;True;Distrito Tetuán;Madrid capital, Madrid;25.33;Piso
1040;piso;60;0;1;Segunda mano/buen estado;True;False;Distrito Tetuán;Madrid capital, Madrid;17.33;Piso
1890;piso;52;0;1;Segunda mano/buen estado;True;True;Distrito Tetuán;Madrid capital, Madrid;36.35;Piso
2850;piso;88;3;2;Segunda mano/buen estado;False;True;Distrito Tetuán;Madrid capital, Madrid;32.39;Piso
1400;estudio;32;0;1;Segunda mano/buen estado;False;True;Distrito Tetuán;Madrid capital, Madrid;43.75;Piso
2400;piso;60;2;1;Segunda mano/buen estado;True;True;Distrito Tetuán;Madrid capital, Madrid;40.0;Piso
2500;piso;65;2;1;Segunda mano/buen estado;False;True;Distrito Tetuán;Madrid capital, Madrid;38.46;Piso
920;piso;40;0;1;Segunda mano/buen estado;False;False;Distrito Tetuán;Madrid capital, Madrid;23.0;Piso
2200;piso;79;0;1;Segunda mano/buen estado;True;True;Distrito Tetuán;Madrid capital, Madrid;27.85;Piso
1200;piso;37;0;1;Segunda mano/buen estado;True;True;Distrito Tetuán;Madrid capital, Madrid;32.43;Piso
1600;dúplex;30;0;1;Segunda mano/buen estado;True;True;Distrito Tetuán;Madrid capital, Madrid;53.33;other
1850;piso;80;3;2;Segunda mano/buen estado;True;True;Distrito Tetuán;Madrid capital, Madrid;23.12;Piso
900;estudio;32;0;1;Segunda mano/buen estado;True;True;Distrito Tetuán;Madrid capital, Madrid;28.12;Piso
1500;piso;40;0;1;Segunda mano/buen estado;True;True;Distrito Tetuán;Madrid capital, Madrid;37.5;Piso
1750;piso;55;0;1;Segunda mano/buen estado;True;True;Distrito Tetuán;Madrid capital, Madrid;31.82;Piso
1400;piso;55;0;1;Segunda mano/buen estado;True;False;Distrito Tetuán;Madrid capital, Madrid;25.45;Piso
2400;piso;75;4;3;Segunda mano/buen estado;True;True;Distrito Tetuán;Madrid capital, Madrid;32.0;Piso
5000;piso;200;3;3;Segunda mano/buen estado;True;True;Distrito Tetuán;Madrid capital, Madrid;25.0;Piso
1400;piso;21;0;1;Segunda mano/buen estado;False;False;Distrito Tetuán;Madrid capital, Madrid;66.67;Piso
3200;piso;142;3;2;Segunda mano/buen estado;False;True;Distrito Tetuán;Madrid capital, Madrid;22.54;Piso
2500;piso;87;2;1;Segunda mano/buen estado;True;True;Distrito Tetuán;Madrid capital, Madrid;28.74;Piso
800;estudio;33;0;1;Segunda mano/buen estado;True;True;Distrito Tetuán;Madrid capital, Madrid;24.24;Piso
800;estudio;33;0;1;Segunda mano/buen estado;True;True;Distrito Tetuán;Madrid capital, Madrid;24.24;Piso
1800;piso;92;2;2;Segunda mano/buen estado;True;True;Distrito Tetuán;Madrid capital, Madrid;19.57;Piso
1250;piso;52;2;1;Segunda mano/buen estado;True;True;Distrito Tetuán;Madrid capital, Madrid;24.04;Piso
1330;piso;60;2;1;Segunda mano/buen estado;False;False;Distrito Tetuán;Madrid capital, Madrid;22.17;Piso
1223;piso;62;2;1;;False;False;Distrito Tetuán;Madrid capital, Madrid;19.73;Piso
1289;piso;66;2;1;;False;False;Distrito Tetuán;Madrid capital, Madrid;19.53;Piso
1365;piso;75;3;2;Segunda mano/buen estado;False;False;Distrito Tetuán;Madrid capital, Madrid;18.2;Piso
1292;piso;62;2;1;;False;False;Distrito Tetuán;Madrid capital, Madrid;20.84;Piso
1800;piso;68;0;1;Segunda mano/buen estado;True;True;Distrito Tetuán;Madrid capital, Madrid;26.47;Piso
1950;piso;122;3;2;Segunda mano/buen estado;True;True;Distrito Tetuán;Madrid capital, Madrid;15.98;Piso
4499;piso;152;3;4;Segunda mano/buen estado;True;True;Distrito Tetuán;Madrid capital, Madrid;29.6;Piso
2200;dúplex;80;2;2;Segunda mano/buen estado;True;True;Distrito Tetuán;Madrid capital, Madrid;27.5;other
2500;piso;95;2;1;Segunda mano/buen estado;True;True;Distrito Tetuán;Madrid capital, Madrid;26.32;Piso
1725;piso;111;2;2;Segunda mano/buen estado;False;True;Distrito Tetuán;Madrid capital, Madrid;15.54;Piso
1650;piso;55;0;1;Segunda mano/buen estado;True;True;Distrito Tetuán;Madrid capital, Madrid;30.0;Piso
1550;piso;45;0;1;Segunda mano/buen estado;True;True;Distrito Tetuán;Madrid capital, Madrid;34.44;Piso
1550;piso;50;0;1;Segunda mano/buen estado;True;True;Distrito Tetuán;Madrid capital, Madrid;31.0;Piso
2500;piso;95;2;1;Segunda mano/buen estado;True;True;Distrito Tetuán;Madrid capital, Madrid;26.32;Piso
2975;piso;161;4;3;Segunda mano/buen estado;True;True;Distrito Tetuán;Madrid capital, Madrid;18.48;Piso
1750;dúplex;65;0;2;Segunda mano/buen estado;True;True;Distrito Tetuán;Madrid capital, Madrid;26.92;other
2000;dúplex;70;0;2;Segunda mano/buen estado;True;True;Distrito Tetuán;Madrid capital, Madrid;28.57;other
1200;estudio;20;0;1;Segunda mano/buen estado;False;True;Distrito Tetuán;Madrid capital, Madrid;60.0;Piso
1550;piso;70;0;1;Segunda mano/buen estado;True;True;Distrito Tetuán;Madrid capital, Madrid;22.14;Piso
1400;piso;69;2;1;Segunda mano/buen estado;True;False;Distrito Tetuán;Madrid capital, Madrid;20.29;Piso
1850;piso;126;2;2;Segunda mano/buen estado;True;False;Distrito Tetuán;Madrid capital, Madrid;14.68;Piso
2565;piso;95;3;2;Segunda mano/buen estado;True;True;Distrito Tetuán;Madrid capital, Madrid;27.0;Piso
2295;piso;82;2;2;Segunda mano/buen estado;True;True;Distrito Tetuán;Madrid capital, Madrid;27.99;Piso
1470;piso;47;0;1;Segunda mano/buen estado;False;True;Distrito Tetuán;Madrid capital, Madrid;31.28;Piso
1300;piso;52;0;1;Segunda mano/buen estado;True;True;Distrito Tetuán;Madrid capital, Madrid;25.0;Piso
1700;piso;78;2;2;Segunda mano/buen estado;True;True;Distrito Tetuán;Madrid capital, Madrid;21.79;Piso
1830;piso;112;2;2;Segunda mano/buen estado;True;False;Distrito Tetuán;Madrid capital, Madrid;16.34;Piso
1700;piso;78;2;2;Segunda mano/buen estado;True;True;Distrito Tetuán;Madrid capital, Madrid;21.79;Piso
1470;piso;47;0;1;Segunda mano/buen estado;False;True;Distrito Tetuán;Madrid capital, Madrid;31.28;Piso
2598;piso;90;3;2;Segunda mano/buen estado;True;True;Distrito Tetuán;Madrid capital, Madrid;28.87;Piso
1850;piso;126;2;2;Segunda mano/buen estado;True;False;Distrito Tetuán;Madrid capital, Madrid;14.68;Piso
2200;piso;105;3;2;Segunda mano/buen estado;True;True;Distrito Tetuán;Madrid capital, Madrid;20.95;Piso
1725;piso;62;3;1;Segunda mano/buen estado;False;True;Distrito Tetuán;Madrid capital, Madrid;27.82;Piso
1225;piso;50;0;2;Segunda mano/buen estado;False;True;Distrito Tetuán;Madrid capital, Madrid;24.5;Piso
1100;piso;30;0;1;Segunda mano/buen estado;True;True;Distrito Tetuán;Madrid capital, Madrid;36.67;Piso
1300;piso;50;0;1;Segunda mano/buen estado;True;True;Distrito Tetuán;Madrid capital, Madrid;26.0;Piso
2900;piso;140;3;2;Segunda mano/buen estado;True;True;Distrito Tetuán;Madrid capital, Madrid;20.71;Piso
1500;piso;92;3;2;Segunda mano/buen estado;True;True;Distrito Tetuán;Madrid capital, Madrid;16.3;Piso
3500;piso;165;4;4;Segunda mano/buen estado;True;True;Distrito Tetuán;Madrid capital, Madrid;21.21;Piso
3000;piso;150;3;3;Segunda mano/buen estado;True;False;Distrito Tetuán;Madrid capital, Madrid;20.0;Piso
1295;piso;60;0;1;Segunda mano/buen estado;True;True;Distrito Tetuán;Madrid capital, Madrid;21.58;Piso
1228;estudio;18;0;1;Segunda mano/buen estado;True;True;Distrito Tetuán;Madrid capital, Madrid;68.22;Piso
1000;estudio;35;0;1;Segunda mano/buen estado;False;False;Distrito Tetuán;Madrid capital, Madrid;28.57;Piso
990;piso;50;0;1;Segunda mano/buen estado;False;False;Distrito Tetuán;Madrid capital, Madrid;19.8;Piso
975;estudio;30;0;1;Segunda mano/buen estado;True;False;Distrito Tetuán;Madrid capital, Madrid;32.5;Piso
1190;piso;38;0;1;Segunda mano/buen estado;False;True;Distrito Tetuán;Madrid capital, Madrid;31.32;Piso
1045;piso;42;0;1;Segunda mano/buen estado;False;False;Distrito Tetuán;Madrid capital, Madrid;24.88;Piso
3425;piso;150;5;5;Segunda mano/buen estado;True;True;Distrito Tetuán;Madrid capital, Madrid;22.83;Piso
1100;piso;70;0;1;Segunda mano/buen estado;True;True;Distrito Tetuán;Madrid capital, Madrid;15.71;Piso
650;estudio;20;0;1;Segunda mano/buen estado;False;True;Distrito Tetuán;Madrid capital, Madrid;32.5;Piso
1015;piso;40;0;1;Segunda mano/buen estado;False;False;Distrito Tetuán;Madrid capital, Madrid;25.38;Piso
1500;piso;88;2;1;Segunda mano/buen estado;True;True;Distrito Tetuán;Madrid capital, Madrid;17.05;Piso
1100;piso;60;2;1;Segunda mano/buen estado;False;False;Distrito Tetuán;Madrid capital, Madrid;18.33;Piso
2350;piso;145;3;2;Segunda mano/buen estado;True;True;Distrito Tetuán;Madrid capital, Madrid;16.21;Piso
3300;piso;164;3;2;Segunda mano/buen estado;False;True;Distrito Tetuán;Madrid capital, Madrid;20.12;Piso
1850;piso;78;0;1;Segunda mano/buen estado;True;True;Distrito Tetuán;Madrid capital, Madrid;23.72;Piso
875;estudio;35;0;1;Segunda mano/buen estado;True;True;Distrito Tetuán;Madrid capital, Madrid;25.0;Piso
1850;piso;78;0;1;Segunda mano/buen estado;True;True;Distrito Tetuán;Madrid capital, Madrid;23.72;Piso
1400;piso;57;2;1;Segunda mano/buen estado;True;True;Distrito Tetuán;Madrid capital, Madrid;24.56;Piso
3000;piso;121;2;2;Segunda mano/buen estado;True;True;Distrito Tetuán;Madrid capital, Madrid;24.79;Piso
1578;ático;42;0;1;Segunda mano/buen estado;True;True;Distrito Tetuán;Madrid capital, Madrid;37.57;Piso
1000;piso;40;0;1;Segunda mano/buen estado;False;False;Distrito Tetuán;Madrid capital, Madrid;25.0;Piso
1150;piso;50;0;1;Segunda mano/buen estado;True;True;Distrito Tetuán;Madrid capital, Madrid;23.0;Piso
1100;estudio;45;0;1;Segunda mano/buen estado;False;True;Distrito Tetuán;Madrid capital, Madrid;24.44;Piso
1600;ático;105;2;2;Segunda mano/buen estado;True;True;Distrito Tetuán;Madrid capital, Madrid;15.24;Piso
4800;piso;180;4;5;Segunda mano/buen estado;True;True;Distrito Tetuán;Madrid capital, Madrid;26.67;Piso
1400;ático;88;0;1;Segunda mano/buen estado;True;True;Distrito Tetuán;Madrid capital, Madrid;15.91;Piso
2160;piso;45;0;1;Segunda mano/buen estado;True;True;Distrito Tetuán;Madrid capital, Madrid;48.0;Piso
2100;piso;90;2;2;Segunda mano/buen estado;True;True;Distrito Tetuán;Madrid capital, Madrid;23.33;Piso
4185;piso;147;3;2;Segunda mano/buen estado;True;True;Distrito Tetuán;Madrid capital, Madrid;28.47;Piso
1150;dúplex;38;0;1;Segunda mano/buen estado;False;True;Distrito Tetuán;Madrid capital, Madrid;30.26;other
1600;piso;65;0;1;Segunda mano/buen estado;True;True;Distrito Tetuán;Madrid capital, Madrid;24.62;Piso
2190;piso;114;4;2;Segunda mano/buen estado;True;True;Distrito Tetuán;Madrid capital, Madrid;19.21;Piso
3510;piso;121;4;3;Segunda mano/buen estado;True;True;Distrito Tetuán;Madrid capital, Madrid;29.01;Piso
2400;ático;90;4;3;Segunda mano/buen estado;True;True;Distrito Tetuán;Madrid capital, Madrid;26.67;Piso
2160;piso;47;0;1;Segunda mano/buen estado;True;True;Distrito Tetuán;Madrid capital, Madrid;45.96;Piso
1250;piso;45;0;1;Segunda mano/buen estado;True;True;Distrito Tetuán;Madrid capital, Madrid;27.78;Piso
895;estudio;25;0;1;Segunda mano/buen estado;False;False;Distrito Tetuán;Madrid capital, Madrid;35.8;Piso
1990;piso;70;3;1;Segunda mano/buen estado;False;True;Distrito Tetuán;Madrid capital, Madrid;28.43;Piso
2250;piso;55;0;1;Segunda mano/buen estado;True;True;Distrito Tetuán;Madrid capital, Madrid;40.91;Piso
3780;piso;123;2;2;Segunda mano/buen estado;True;True;Distrito Tetuán;Madrid capital, Madrid;30.73;Piso
2430;piso;50;0;1;Segunda mano/buen estado;True;True;Distrito Tetuán;Madrid capital, Madrid;48.6;Piso
1300;piso;50;0;1;Segunda mano/buen estado;True;True;Distrito Tetuán;Madrid capital, Madrid;26.0;Piso
2250;piso;48;2;2;Segunda mano/buen estado;True;True;Distrito Tetuán;Madrid capital, Madrid;46.88;Piso
1890;piso;57;2;1;Segunda mano/buen estado;True;True;Distrito Tetuán;Madrid capital, Madrid;33.16;Piso
1070;estudio;39;0;1;Segunda mano/buen estado;True;True;Distrito Tetuán;Madrid capital, Madrid;27.44;Piso
2250;piso;55;0;1;Segunda mano/buen estado;True;True;Distrito Tetuán;Madrid capital, Madrid;40.91;Piso
4185;piso;147;3;2;Segunda mano/buen estado;True;True;Distrito Tetuán;Madrid capital, Madrid;28.47;Piso
3780;piso;123;2;2;Segunda mano/buen estado;True;True;Distrito Tetuán;Madrid capital, Madrid;30.73;Piso
895;estudio;25;0;1;Segunda mano/buen estado;False;False;Distrito Tetuán;Madrid capital, Madrid;35.8;Piso
2565;piso;78;0;1;Segunda mano/buen estado;True;True;Distrito Tetuán;Madrid capital, Madrid;32.88;Piso
1100;piso;58;0;1;Segunda mano/buen estado;False;True;Distrito Tetuán;Madrid capital, Madrid;18.97;Piso
1900;piso;95;3;2;Segunda mano/buen estado;True;False;Distrito Tetuán;Madrid capital, Madrid;20.0;Piso
2500;piso;186;3;3;Segunda mano/buen estado;False;True;Distrito Tetuán;Madrid capital, Madrid;13.44;Piso
2750;piso;145;3;2;Segunda mano/buen estado;True;True;Distrito Tetuán;Madrid capital, Madrid;18.97;Piso
1850;piso;91;3;3;Segunda mano/buen estado;True;True;Distrito Tetuán;Madrid capital, Madrid;20.33;Piso
1490;piso;91;2;2;Segunda mano/buen estado;False;False;Distrito Tetuán;Madrid capital, Madrid;16.37;Piso
2295;piso;68;0;1;Segunda mano/buen estado;True;True;Distrito Tetuán;Madrid capital, Madrid;33.75;Piso
4500;piso;160;3;3;Segunda mano/buen estado;True;True;Distrito Tetuán;Madrid capital, Madrid;28.12;Piso
900;piso;62;2;1;Segunda mano/buen estado;False;True;Distrito Tetuán;Madrid capital, Madrid;14.52;Piso
1700;piso;90;3;2;Segunda mano/buen estado;False;False;Distrito Tetuán;Madrid capital, Madrid;18.89;Piso
3330;piso;145;2;2;Segunda mano/buen estado;True;True;Distrito Tetuán;Madrid capital, Madrid;22.97;Piso
1950;piso;70;2;1;Segunda mano/buen estado;False;True;Distrito Tetuán;Madrid capital, Madrid;27.86;Piso
2000;piso;121;3;2;Segunda mano/buen estado;True;False;Distrito Tetuán;Madrid capital, Madrid;16.53;Piso
2100;piso;64;2;1;Segunda mano/buen estado;True;True;Distrito Tetuán;Madrid capital, Madrid;32.81;Piso
1950;piso;93;2;1;Segunda mano/buen estado;True;True;Distrito Tetuán;Madrid capital, Madrid;20.97;Piso
1800;piso;80;3;2;Segunda mano/buen estado;True;True;Distrito Tetuán;Madrid capital, Madrid;22.5;Piso
4500;piso;168;3;2;Segunda mano/buen estado;True;True;Distrito Tetuán;Madrid capital, Madrid;26.79;Piso
2000;piso;94;2;2;Segunda mano/buen estado;True;True;Distrito Tetuán;Madrid capital, Madrid;21.28;Piso
1850;piso;94;0;1;Segunda mano/buen estado;True;True;Distrito Tetuán;Madrid capital, Madrid;19.68;Piso
1895;piso;77;3;1;Segunda mano/buen estado;False;False;Distrito Tetuán;Madrid capital, Madrid;24.61;Piso
1700;piso;78;0;1;Segunda mano/buen estado;True;True;Distrito Tetuán;Madrid capital, Madrid;21.79;Piso
1450;piso;72;2;1;Segunda mano/buen estado;True;True;Distrito Tetuán;Madrid capital, Madrid;20.14;Piso
1650;dúplex;120;3;3;Segunda mano/buen estado;True;True;Distrito Tetuán;Madrid capital, Madrid;13.75;other
2000;piso;65;2;2;Segunda mano/buen estado;True;True;Distrito Tetuán;Madrid capital, Madrid;30.77;Piso
2200;piso;118;3;2;Segunda mano/buen estado;False;False;Distrito Tetuán;Madrid capital, Madrid;18.64;Piso
1800;piso;99;2;2;Segunda mano/buen estado;True;True;Distrito Tetuán;Madrid capital, Madrid;18.18;Piso
1650;dúplex;120;3;3;Segunda mano/buen estado;True;True;Distrito Tetuán;Madrid capital, Madrid;13.75;other
1200;piso;73;2;1;Segunda mano/buen estado;False;False;Distrito Tetuán;Madrid capital, Madrid;16.44;Piso
2000;piso;65;2;2;Segunda mano/buen estado;True;True;Distrito Tetuán;Madrid capital, Madrid;30.77;Piso
2200;piso;118;3;2;Segunda mano/buen estado;False;False;Distrito Tetuán;Madrid capital, Madrid;18.64;Piso
5900;piso;330;5;4;Segunda mano/buen estado;True;True;Distrito Tetuán;Madrid capital, Madrid;17.88;Piso
3000;piso;219;3;3;Segunda mano/buen estado;True;True;Distrito Tetuán;Madrid capital, Madrid;13.7;Piso
2290;piso;110;2;2;Segunda mano/buen estado;True;True;Distrito Tetuán;Madrid capital, Madrid;20.82;Piso
1600;piso;100;0;1;Segunda mano/buen estado;True;True;Distrito Tetuán;Madrid capital, Madrid;16.0;Piso
1500;piso;85;2;1;Segunda mano/buen estado;True;True;Distrito Tetuán;Madrid capital, Madrid;17.65;Piso
1550;piso;80;2;1;Segunda mano/buen estado;True;True;Distrito Tetuán;Madrid capital, Madrid;19.38;Piso
2000;piso;118;3;2;Segunda mano/buen estado;True;True;Distrito Tetuán;Madrid capital, Madrid;16.95;Piso
1300;estudio;30;0;1;Segunda mano/buen estado;True;True;Distrito Tetuán;Madrid capital, Madrid;43.33;Piso
1400;piso;64;2;1;Segunda mano/buen estado;True;True;Distrito Tetuán;Madrid capital, Madrid;21.88;Piso
1100;piso;60;0;1;Segunda mano/buen estado;True;True;Distrito Tetuán;Madrid capital, Madrid;18.33;Piso
1100;piso;60;0;1;Segunda mano/buen estado;False;False;Distrito Tetuán;Madrid capital, Madrid;18.33;Piso
1400;piso;56;0;1;Segunda mano/buen estado;True;True;Distrito Tetuán;Madrid capital, Madrid;25.0;Piso
900;piso;35;0;1;Segunda mano/buen estado;True;True;Distrito Tetuán;Madrid capital, Madrid;25.71;Piso
1650;piso;80;2;1;Segunda mano/buen estado;True;True;Distrito Tetuán;Madrid capital, Madrid;20.62;Piso
1700;piso;79;2;2;Segunda mano/buen estado;True;True;Distrito Tetuán;Madrid capital, Madrid;21.52;Piso
2400;piso;105;3;2;Segunda mano/buen estado;True;True;Distrito Tetuán;Madrid capital, Madrid;22.86;Piso
1300;piso;63;0;1;Segunda mano/buen estado;True;False;Distrito Tetuán;Madrid capital, Madrid;20.63;Piso
1250;piso;70;2;1;Segunda mano/buen estado;False;True;Distrito Tetuán;Madrid capital, Madrid;17.86;Piso
1300;piso;50;2;1;Segunda mano/buen estado;False;True;Distrito Tetuán;Madrid capital, Madrid;26.0;Piso
2900;piso;75;2;1;Segunda mano/buen estado;True;True;Distrito Tetuán;Madrid capital, Madrid;38.67;Piso
800;piso;34;0;1;Segunda mano/buen estado;True;False;Distrito Tetuán;Madrid capital, Madrid;23.53;Piso
3000;ático;110;0;1;Segunda mano/buen estado;True;True;Distrito Tetuán;Madrid capital, Madrid;27.27;Piso
1450;piso;60;2;1;Segunda mano/buen estado;False;True;Distrito Tetuán;Madrid capital, Madrid;24.17;Piso
1400;piso;35;0;1;Segunda mano/buen estado;False;False;Distrito Tetuán;Madrid capital, Madrid;40.0;Piso
2370;ático;172;2;2;Segunda mano/buen estado;True;True;Distrito Tetuán;Madrid capital, Madrid;13.78;Piso
1450;piso;60;2;1;Segunda mano/buen estado;False;True;Distrito Tetuán;Madrid capital, Madrid;24.17;Piso
2370;ático;172;2;2;Segunda mano/buen estado;True;True;Distrito Tetuán;Madrid capital, Madrid;13.78;Piso
2000;piso;79;0;1;Segunda mano/buen estado;True;True;Distrito Tetuán;Madrid capital, Madrid;25.32;Piso
1600;piso;87;2;1;Segunda mano/buen estado;True;False;Distrito Tetuán;Madrid capital, Madrid;18.39;Piso
3500;ático;140;2;2;Segunda mano/buen estado;True;True;Distrito Tetuán;Madrid capital, Madrid;25.0;Piso
1130;estudio;49;0;1;Segunda mano/buen estado;True;True;Distrito Tetuán;Madrid capital, Madrid;23.06;Piso
1600;piso;88;2;2;Segunda mano/buen estado;True;False;Distrito Tetuán;Madrid capital, Madrid;18.18;Piso
1200;estudio;20;0;1;Segunda mano/buen estado;False;False;Distrito Tetuán;Madrid capital, Madrid;60.0;Piso
1300;piso;49;2;1;Segunda mano/buen estado;True;True;Distrito Tetuán;Madrid capital, Madrid;26.53;Piso
1590;piso;90;2;3;Segunda mano/buen estado;True;True;Distrito Tetuán;Madrid capital, Madrid;17.67;Piso
2300;piso;70;2;2;Segunda mano/buen estado;True;True;Distrito Tetuán;Madrid capital, Madrid;32.86;Piso
1550;piso;64;0;1;Segunda mano/buen estado;True;True;Distrito Tetuán;Madrid capital, Madrid;24.22;Piso
1690;piso;72;3;1;Segunda mano/buen estado;True;False;Distrito Tetuán;Madrid capital, Madrid;23.47;Piso
1090;piso;50;0;1;Segunda mano/buen estado;True;True;Distrito Tetuán;Madrid capital, Madrid;21.8;Piso
1050;piso;45;0;1;Segunda mano/buen estado;False;True;Distrito Tetuán;Madrid capital, Madrid;23.33;Piso
1200;piso;40;0;1;Segunda mano/buen estado;False;False;Distrito Tetuán;Madrid capital, Madrid;30.0;Piso
1800;piso;70;0;1;Segunda mano/buen estado;True;True;Distrito Tetuán;Madrid capital, Madrid;25.71;Piso
2200;piso;100;2;2;Segunda mano/buen estado;False;False;Distrito Tetuán;Madrid capital, Madrid;22.0;Piso
1550;piso;65;0;1;Segunda mano/buen estado;False;True;Distrito Tetuán;Madrid capital, Madrid;23.85;Piso
1550;piso;80;0;1;Segunda mano/buen estado;True;True;Distrito Tetuán;Madrid capital, Madrid;19.38;Piso
2500;ático;109;3;2;Segunda mano/buen estado;True;True;Distrito Tetuán;Madrid capital, Madrid;22.94;Piso
2250;piso;100;0;1;Segunda mano/buen estado;True;True;Distrito Tetuán;Madrid capital, Madrid;22.5;Piso
980;piso;40;0;1;Segunda mano/buen estado;False;False;Distrito Tetuán;Madrid capital, Madrid;24.5;Piso
1150;estudio;43;0;1;Segunda mano/buen estado;False;True;Distrito Tetuán;Madrid capital, Madrid;26.74;Piso
1200;estudio;40;0;1;Segunda mano/buen estado;True;True;Distrito Tetuán;Madrid capital, Madrid;30.0;Piso
1450;piso;66;0;1;Segunda mano/buen estado;True;True;Distrito Tetuán;Madrid capital, Madrid;21.97;Piso
1850;piso;70;3;1;Segunda mano/buen estado;True;False;Distrito Tetuán;Madrid capital, Madrid;26.43;Piso
1099;piso;70;0;1;Segunda mano/buen estado;True;False;Distrito Tetuán;Madrid capital, Madrid;15.7;Piso
1950;piso;58;2;1;Segunda mano/buen estado;False;False;Distrito Tetuán;Madrid capital, Madrid;33.62;Piso
1400;piso;88;3;1;Segunda mano/buen estado;True;True;Distrito Tetuán;Madrid capital, Madrid;15.91;Piso
1800;piso;70;0;1;Segunda mano/buen estado;True;True;Distrito Tetuán;Madrid capital, Madrid;25.71;Piso
1450;piso;66;0;1;Segunda mano/buen estado;True;True;Distrito Tetuán;Madrid capital, Madrid;21.97;Piso
1290;piso;49;0;1;Segunda mano/buen estado;True;False;Distrito Tetuán;Madrid capital, Madrid;26.33;Piso
1550;piso;64;0;1;Segunda mano/buen estado;True;True;Distrito Tetuán;Madrid capital, Madrid;24.22;Piso
3600;dúplex;170;3;3;Segunda mano/buen estado;True;True;Distrito Tetuán;Madrid capital, Madrid;21.18;other
2000;piso;63;2;1;Segunda mano/buen estado;True;True;Distrito Tetuán;Madrid capital, Madrid;31.75;Piso
1500;piso;78;0;1;Segunda mano/buen estado;False;False;Distrito Tetuán;Madrid capital, Madrid;19.23;Piso
1050;piso;45;0;1;Segunda mano/buen estado;True;True;Distrito Tetuán;Madrid capital, Madrid;23.33;Piso
1400;piso;79;2;1;Segunda mano/buen estado;True;True;Distrito Tetuán;Madrid capital, Madrid;17.72;Piso
1070;piso;40;2;1;Segunda mano/buen estado;False;True;Distrito Tetuán;Madrid capital, Madrid;26.75;Piso
1200;piso;60;0;1;Segunda mano/buen estado;True;False;Distrito Tetuán;Madrid capital, Madrid;20.0;Piso
2500;piso;165;4;2;Segunda mano/buen estado;False;False;Distrito Tetuán;Madrid capital, Madrid;15.15;Piso
1100;piso;30;0;1;Segunda mano/buen estado;True;False;Distrito Tetuán;Madrid capital, Madrid;36.67;Piso
695;estudio;26;0;1;Segunda mano/buen estado;False;False;Distrito Tetuán;Madrid capital, Madrid;26.73;Piso
900;estudio;34;0;1;Segunda mano/buen estado;False;True;Distrito Tetuán;Madrid capital, Madrid;26.47;Piso
1290;piso;53;0;1;Segunda mano/buen estado;True;False;Distrito Tetuán;Madrid capital, Madrid;24.34;Piso
1450;piso;30;0;1;Segunda mano/buen estado;True;True;Distrito Tetuán;Madrid capital, Madrid;48.33;Piso
2250;piso;62;0;1;Segunda mano/buen estado;True;True;Distrito Tetuán;Madrid capital, Madrid;36.29;Piso
1700;piso;60;0;1;Segunda mano/buen estado;True;True;Distrito Tetuán;Madrid capital, Madrid;28.33;Piso
1200;estudio;50;0;1;Segunda mano/buen estado;True;True;Distrito Tetuán;Madrid capital, Madrid;24.0;Piso
1400;ático;75;0;1;Segunda mano/buen estado;False;False;Distrito Tetuán;Madrid capital, Madrid;18.67;Piso
1450;piso;90;0;1;Segunda mano/buen estado;True;True;Distrito Tetuán;Madrid capital, Madrid;16.11;Piso
1910;piso;80;2;2;Segunda mano/buen estado;True;True;Distrito Tetuán;Madrid capital, Madrid;23.88;Piso
2300;piso;82;0;1;Segunda mano/buen estado;True;True;Distrito Tetuán;Madrid capital, Madrid;28.05;Piso
1090;piso;50;0;1;Segunda mano/buen estado;True;True;Distrito Tetuán;Madrid capital, Madrid;21.8;Piso
1200;piso;84;2;1;Segunda mano/buen estado;True;True;Distrito Tetuán;Madrid capital, Madrid;14.29;Piso
1550;piso;90;3;1;Segunda mano/buen estado;False;True;Distrito Tetuán;Madrid capital, Madrid;17.22;Piso
1600;piso;77;2;1;Segunda mano/buen estado;True;True;Distrito Tetuán;Madrid capital, Madrid;20.78;Piso
2750;piso;100;2;2;Segunda mano/buen estado;True;True;Distrito Tetuán;Madrid capital, Madrid;27.5;Piso
2299;ático;100;2;2;Segunda mano/buen estado;True;True;Distrito Tetuán;Madrid capital, Madrid;22.99;Piso
2500;chalet;229;3;3;Segunda mano/buen estado;True;True;Distrito Tetuán;Madrid capital, Madrid;10.92;other
1600;piso;77;2;1;Segunda mano/buen estado;True;True;Distrito Tetuán;Madrid capital, Madrid;20.78;Piso
2300;piso;85;2;2;Segunda mano/buen estado;True;True;Distrito Tetuán;Madrid capital, Madrid;27.06;Piso
2299;ático;100;2;2;Segunda mano/buen estado;True;True;Distrito Tetuán;Madrid capital, Madrid;22.99;Piso
2750;piso;100;2;2;Segunda mano/buen estado;True;True;Distrito Tetuán;Madrid capital, Madrid;27.5;Piso
3000;piso;145;4;3;Segunda mano/buen estado;True;True;Distrito Tetuán;Madrid capital, Madrid;20.69;Piso
4500;ático;168;3;2;Segunda mano/buen estado;True;True;Distrito Tetuán;Madrid capital, Madrid;26.79;Piso
950;piso;55;0;1;Segunda mano/buen estado;False;False;Distrito Tetuán;Madrid capital, Madrid;17.27;Piso
2500;piso;116;5;2;Segunda mano/buen estado;True;False;Distrito Tetuán;Madrid capital, Madrid;21.55;Piso
1650;piso;73;2;1;Segunda mano/buen estado;False;True;Distrito Tetuán;Madrid capital, Madrid;22.6;Piso
3000;piso;73;2;1;Segunda mano/buen estado;True;True;Distrito Tetuán;Madrid capital, Madrid;41.1;Piso
1150;piso;60;2;1;Segunda mano/buen estado;False;True;Distrito Tetuán;Madrid capital, Madrid;19.17;Piso
1190;piso;50;0;1;Segunda mano/buen estado;True;True;Distrito Tetuán;Madrid capital, Madrid;23.8;Piso
990;piso;50;0;1;Segunda mano/buen estado;True;True;Distrito Tetuán;Madrid capital, Madrid;19.8;Piso
1376;piso;42;2;1;Segunda mano/buen estado;True;True;Distrito Tetuán;Madrid capital, Madrid;32.76;Piso
800;estudio;30;0;1;Segunda mano/buen estado;True;True;Distrito Tetuán;Madrid capital, Madrid;26.67;Piso
1100;estudio;45;0;1;Segunda mano/buen estado;True;True;Distrito Tetuán;Madrid capital, Madrid;24.44;Piso
2460;piso;162;4;2;Segunda mano/buen estado;True;True;Distrito Tetuán;Madrid capital, Madrid;15.19;Piso
1800;piso;76;3;2;Segunda mano/buen estado;True;False;Distrito Tetuán;Madrid capital, Madrid;23.68;Piso
1600;piso;56;0;1;Segunda mano/buen estado;True;True;Distrito Tetuán;Madrid capital, Madrid;28.57;Piso
1750;piso;77;2;1;Segunda mano/buen estado;False;True;Distrito Tetuán;Madrid capital, Madrid;22.73;Piso
1150;estudio;46;0;1;Segunda mano/buen estado;False;True;Distrito Tetuán;Madrid capital, Madrid;25.0;Piso
1400;piso;89;2;1;Segunda mano/buen estado;True;True;Distrito Tetuán;Madrid capital, Madrid;15.73;Piso
1750;estudio;45;0;1;Segunda mano/buen estado;True;True;Distrito Tetuán;Madrid capital, Madrid;38.89;Piso
2200;ático;70;0;1;Segunda mano/buen estado;True;True;Distrito Tetuán;Madrid capital, Madrid;31.43;Piso
2000;ático;45;0;1;Segunda mano/buen estado;True;True;Distrito Tetuán;Madrid capital, Madrid;44.44;Piso
1590;piso;85;0;1;Segunda mano/buen estado;True;True;Distrito Tetuán;Madrid capital, Madrid;18.71;Piso
2430;piso;50;0;1;Segunda mano/buen estado;True;True;Distrito Tetuán;Madrid capital, Madrid;48.6;Piso
2000;ático;60;0;1;Segunda mano/buen estado;True;True;Distrito Tetuán;Madrid capital, Madrid;33.33;Piso
2241;piso;50;0;1;Segunda mano/buen estado;True;True;Distrito Tetuán;Madrid capital, Madrid;44.82;Piso
3800;piso;220;5;4;Segunda mano/buen estado;False;True;Distrito Tetuán;Madrid capital, Madrid;17.27;Piso
2000;ático;45;0;1;Segunda mano/buen estado;True;True;Distrito Tetuán;Madrid capital, Madrid;44.44;Piso
5150;piso;175;3;4;Segunda mano/buen estado;False;True;Distrito Tetuán;Madrid capital, Madrid;29.43;Piso
2500;piso;80;2;2;Segunda mano/buen estado;True;True;Distrito Tetuán;Madrid capital, Madrid;31.25;Piso
1800;piso;55;0;1;Segunda mano/buen estado;True;True;Distrito Tetuán;Madrid capital, Madrid;32.73;Piso
2430;piso;59;2;1;Segunda mano/buen estado;True;True;Distrito Tetuán;Madrid capital, Madrid;41.19;Piso
1590;piso;85;0;1;Segunda mano/buen estado;True;True;Distrito Tetuán;Madrid capital, Madrid;18.71;Piso
2200;ático;70;0;1;Segunda mano/buen estado;True;True;Distrito Tetuán;Madrid capital, Madrid;31.43;Piso
2650;piso;71;2;1;Segunda mano/buen estado;True;True;Distrito Tetuán;Madrid capital, Madrid;37.32;Piso
2000;ático;60;0;1;Segunda mano/buen estado;True;True;Distrito Tetuán;Madrid capital, Madrid;33.33;Piso
2970;piso;100;2;2;Segunda mano/buen estado;True;True;Distrito Tetuán;Madrid capital, Madrid;29.7;Piso
2370;dúplex;138;2;2;Segunda mano/buen estado;True;True;Distrito Tetuán;Madrid capital, Madrid;17.17;other
2241;piso;50;0;1;Segunda mano/buen estado;True;True;Distrito Tetuán;Madrid capital, Madrid;44.82;Piso
2250;piso;85;0;1;Segunda mano/buen estado;True;True;Distrito Tetuán;Madrid capital, Madrid;26.47;Piso
2400;piso;115;2;2;Segunda mano/buen estado;True;True;Distrito Tetuán;Madrid capital, Madrid;20.87;Piso
4500;piso;200;3;4;Segunda mano/buen estado;True;True;Distrito Tetuán;Madrid capital, Madrid;22.5;Piso
1250;estudio;36;0;1;Segunda mano/buen estado;True;True;Distrito Tetuán;Madrid capital, Madrid;34.72;Piso
1600;piso;40;0;1;Segunda mano/buen estado;True;True;Distrito Tetuán;Madrid capital, Madrid;40.0;Piso
925;estudio;35;0;1;Segunda mano/buen estado;True;True;Distrito Tetuán;Madrid capital, Madrid;26.43;Piso
1800;estudio;36;0;1;Segunda mano/buen estado;True;True;Distrito Tetuán;Madrid capital, Madrid;50.0;Piso
1490;piso;44;0;1;Segunda mano/buen estado;True;True;Distrito Tetuán;Madrid capital, Madrid;33.86;Piso
800;piso;45;0;1;Segunda mano/buen estado;True;True;Distrito Tetuán;Madrid capital, Madrid;17.78;Piso
1600;estudio;38;0;1;Segunda mano/buen estado;True;True;Distrito Tetuán;Madrid capital, Madrid;42.11;Piso
2400;piso;74;2;2;Segunda mano/buen estado;True;True;Distrito Tetuán;Madrid capital, Madrid;32.43;Piso
1800;estudio;36;0;1;Segunda mano/buen estado;True;True;Distrito Tetuán;Madrid capital, Madrid;50.0;Piso
1600;estudio;38;0;1;Segunda mano/buen estado;True;True;Distrito Tetuán;Madrid capital, Madrid;42.11;Piso
1900;piso;70;2;1;Segunda mano/buen estado;False;True;Distrito Tetuán;Madrid capital, Madrid;27.14;Piso
1000;piso;50;2;1;Segunda mano/buen estado;False;True;Distrito Tetuán;Madrid capital, Madrid;20.0;Piso
900;piso;42;0;1;Segunda mano/buen estado;True;True;Distrito Tetuán;Madrid capital, Madrid;21.43;Piso
16500;ático;376;5;4;Segunda mano/buen estado;True;False;Distrito Tetuán;Madrid capital, Madrid;43.88;Piso
1490;piso;44;0;1;Segunda mano/buen estado;True;True;Distrito Tetuán;Madrid capital, Madrid;33.86;Piso
6200;piso;245;5;3;Segunda mano/buen estado;True;True;Distrito Tetuán;Madrid capital, Madrid;25.31;Piso
800;piso;45;0;1;Segunda mano/buen estado;True;True;Distrito Tetuán;Madrid capital, Madrid;17.78;Piso
2400;piso;74;2;2;Segunda mano/buen estado;True;True;Distrito Tetuán;Madrid capital, Madrid;32.43;Piso
1200;estudio;41;0;1;Segunda mano/buen estado;True;True;Distrito Tetuán;Madrid capital, Madrid;29.27;Piso
1900;piso;70;2;1;Segunda mano/buen estado;False;True;Distrito Tetuán;Madrid capital, Madrid;27.14;Piso
2300;piso;85;2;2;Segunda mano/buen estado;True;True;Distrito Tetuán;Madrid capital, Madrid;27.06;Piso
1395;piso;56;2;1;Segunda mano/buen estado;False;True;Distrito Tetuán;Madrid capital, Madrid;24.91;Piso
1600;estudio;38;0;1;Segunda mano/buen estado;True;True;Distrito Tetuán;Madrid capital, Madrid;42.11;Piso
925;estudio;35;0;1;Segunda mano/buen estado;True;True;Distrito Tetuán;Madrid capital, Madrid;26.43;Piso
950;piso;45;0;1;Segunda mano/buen estado;True;False;Distrito Tetuán;Madrid capital, Madrid;21.11;Piso
1000;piso;30;0;1;Segunda mano/buen estado;True;True;Distrito Tetuán;Madrid capital, Madrid;33.33;Piso
1100;piso;45;2;1;Segunda mano/buen estado;False;False;Distrito Tetuán;Madrid capital, Madrid;24.44;Piso
1100;piso;66;2;1;Segunda mano/buen estado;False;False;Distrito Tetuán;Madrid capital, Madrid;16.67;Piso
790;estudio;30;0;1;Segunda mano/buen estado;True;True;Distrito Tetuán;Madrid capital, Madrid;26.33;Piso
1850;piso;72;2;1;Segunda mano/buen estado;False;False;Distrito Tetuán;Madrid capital, Madrid;25.69;Piso
2300;piso;104;3;1;Segunda mano/buen estado;True;True;Distrito Tetuán;Madrid capital, Madrid;22.12;Piso
1495;piso;45;0;1;Segunda mano/buen estado;True;True;Distrito Tetuán;Madrid capital, Madrid;33.22;Piso
1499;piso;60;2;1;Segunda mano/buen estado;True;True;Distrito Tetuán;Madrid capital, Madrid;24.98;Piso
1500;estudio;30;0;1;Segunda mano/buen estado;True;True;Distrito Tetuán;Madrid capital, Madrid;50.0;Piso
1600;piso;75;0;1;Segunda mano/buen estado;True;True;Distrito Tetuán;Madrid capital, Madrid;21.33;Piso
1600;estudio;38;0;1;Segunda mano/buen estado;True;True;Distrito Tetuán;Madrid capital, Madrid;42.11;Piso
1125;piso;37;2;1;Segunda mano/buen estado;True;False;Distrito Tetuán;Madrid capital, Madrid;30.41;Piso
1190;dúplex;38;0;1;Segunda mano/buen estado;False;True;Distrito Tetuán;Madrid capital, Madrid;31.32;other
2990;piso;135;4;3;Segunda mano/buen estado;True;True;Distrito Tetuán;Madrid capital, Madrid;22.15;Piso
1350;estudio;38;0;1;Segunda mano/buen estado;True;True;Distrito Tetuán;Madrid capital, Madrid;35.53;Piso
990;piso;50;0;1;Segunda mano/buen estado;True;True;Distrito Tetuán;Madrid capital, Madrid;19.8;Piso
2300;piso;160;4;2;Segunda mano/buen estado;True;True;Distrito Tetuán;Madrid capital, Madrid;14.38;Piso
780;estudio;32;0;1;Segunda mano/buen estado;False;True;Distrito Tetuán;Madrid capital, Madrid;24.38;Piso
3250;dúplex;130;3;2;Segunda mano/buen estado;True;True;Distrito Tetuán;Madrid capital, Madrid;25.0;other
1500;piso;75;2;1;Segunda mano/buen estado;True;False;Distrito Tetuán;Madrid capital, Madrid;20.0;Piso
2300;piso;160;4;2;Segunda mano/buen estado;True;True;Distrito Tetuán;Madrid capital, Madrid;14.38;Piso
2300;piso;104;3;1;Segunda mano/buen estado;True;True;Distrito Tetuán;Madrid capital, Madrid;22.12;Piso
1730;piso;75;2;1;Segunda mano/buen estado;True;True;Distrito Tetuán;Madrid capital, Madrid;23.07;Piso
2750;piso;140;4;1;Segunda mano/buen estado;False;False;Distrito Tetuán;Madrid capital, Madrid;19.64;Piso
850;piso;37;0;1;Segunda mano/buen estado;False;False;Distrito Tetuán;Madrid capital, Madrid;22.97;Piso
1200;estudio;30;0;1;Segunda mano/buen estado;True;True;Distrito Tetuán;Madrid capital, Madrid;40.0;Piso
2600;piso;112;3;1;Segunda mano/buen estado;True;False;Distrito Tetuán;Madrid capital, Madrid;23.21;Piso
2300;piso;110;2;2;Segunda mano/buen estado;True;True;Distrito Tetuán;Madrid capital, Madrid;20.91;Piso
1120;piso;57;0;1;Segunda mano/buen estado;True;True;Distrito Tetuán;Madrid capital, Madrid;19.65;Piso
2300;piso;104;3;2;Segunda mano/buen estado;True;True;Distrito Tetuán;Madrid capital, Madrid;22.12;Piso
1695;piso;62;2;2;Segunda mano/buen estado;True;True;Distrito Tetuán;Madrid capital, Madrid;27.34;Piso
1650;piso;88;0;1;Segunda mano/buen estado;True;True;Distrito Tetuán;Madrid capital, Madrid;18.75;Piso
3000;piso;195;4;3;Segunda mano/buen estado;True;True;Distrito Tetuán;Madrid capital, Madrid;15.38;Piso
2200;piso;70;2;2;Segunda mano/buen estado;True;True;Distrito Tetuán;Madrid capital, Madrid;31.43;Piso
2100;piso;100;2;2;Segunda mano/buen estado;True;True;Distrito Tetuán;Madrid capital, Madrid;21.0;Piso
1680;piso;70;0;1;Segunda mano/buen estado;True;True;Distrito Tetuán;Madrid capital, Madrid;24.0;Piso
1400;piso;41;0;1;Segunda mano/buen estado;True;False;Distrito Tetuán;Madrid capital, Madrid;34.15;Piso
1000;piso;50;0;1;Segunda mano/buen estado;True;True;Distrito Tetuán;Madrid capital, Madrid;20.0;Piso
1290;piso;35;2;1;Segunda mano/buen estado;True;True;Distrito Tetuán;Madrid capital, Madrid;36.86;Piso
1200;piso;65;0;1;Segunda mano/buen estado;False;True;Distrito Tetuán;Madrid capital, Madrid;18.46;Piso
1300;piso;59;2;1;Segunda mano/buen estado;False;True;Distrito Tetuán;Madrid capital, Madrid;22.03;Piso
2365;ático;174;2;2;Segunda mano/buen estado;True;True;Distrito Tetuán;Madrid capital, Madrid;13.59;Piso
1300;piso;50;0;1;Segunda mano/buen estado;True;True;Distrito Tetuán;Madrid capital, Madrid;26.0;Piso
1300;ático;66;2;1;Segunda mano/buen estado;False;True;Distrito Tetuán;Madrid capital, Madrid;19.7;Piso
2600;piso;120;4;2;Segunda mano/buen estado;True;True;Distrito Tetuán;Madrid capital, Madrid;21.67;Piso
2600;piso;110;4;2;Segunda mano/buen estado;True;False;Distrito Tetuán;Madrid capital, Madrid;23.64;Piso
1800;piso;75;2;1;Segunda mano/buen estado;True;True;Distrito Tetuán;Madrid capital, Madrid;24.0;Piso
695;estudio;24;0;1;Segunda mano/buen estado;False;False;Distrito Tetuán;Madrid capital, Madrid;28.96;Piso
1245;piso;46;2;1;Segunda mano/buen estado;False;True;Distrito Tetuán;Madrid capital, Madrid;27.07;Piso
1550;piso;60;3;1;Segunda mano/buen estado;True;True;Distrito Tetuán;Madrid capital, Madrid;25.83;Piso
1650;piso;90;2;1;Segunda mano/buen estado;True;True;Distrito Tetuán;Madrid capital, Madrid;18.33;Piso
1800;ático;65;3;2;Segunda mano/buen estado;False;True;Distrito Tetuán;Madrid capital, Madrid;27.69;Piso
1245;piso;46;2;1;Segunda mano/buen estado;False;True;Distrito Tetuán;Madrid capital, Madrid;27.07;Piso
2600;piso;110;4;2;Segunda mano/buen estado;True;False;Distrito Tetuán;Madrid capital, Madrid;23.64;Piso
3500;ático;160;3;2;Segunda mano/buen estado;True;True;Distrito Tetuán;Madrid capital, Madrid;21.88;Piso
3000;piso;150;4;3;Segunda mano/buen estado;True;True;Distrito Tetuán;Madrid capital, Madrid;20.0;Piso
1175;piso;40;0;1;Segunda mano/buen estado;False;True;Distrito Tetuán;Madrid capital, Madrid;29.38;Piso
1300;piso;55;0;1;Segunda mano/buen estado;True;True;Distrito Tetuán;Madrid capital, Madrid;23.64;Piso
1645;piso;74;2;1;Segunda mano/buen estado;False;True;Distrito Tetuán;Madrid capital, Madrid;22.23;Piso
1700;piso;78;2;2;Segunda mano/buen estado;True;False;Distrito Tetuán;Madrid capital, Madrid;21.79;Piso
790;estudio;27;0;1;Segunda mano/buen estado;True;True;Distrito Tetuán;Madrid capital, Madrid;29.26;Piso
1400;piso;83;2;2;Segunda mano/buen estado;True;True;Distrito Tetuán;Madrid capital, Madrid;16.87;Piso
1850;piso;150;3;3;Segunda mano/buen estado;True;True;Distrito Tetuán;Madrid capital, Madrid;12.33;Piso
2000;piso;139;3;2;Segunda mano/buen estado;True;True;Distrito Tetuán;Madrid capital, Madrid;14.39;Piso
1950;piso;75;2;2;Segunda mano/buen estado;True;True;Distrito Tetuán;Madrid capital, Madrid;26.0;Piso
1600;piso;60;0;1;Segunda mano/buen estado;True;False;Distrito Tetuán;Madrid capital, Madrid;26.67;Piso
2590;piso;175;4;3;Segunda mano/buen estado;True;True;Distrito Tetuán;Madrid capital, Madrid;14.8;Piso
1200;piso;41;0;1;Segunda mano/buen estado;False;False;Distrito Tetuán;Madrid capital, Madrid;29.27;Piso
1100;piso;51;0;1;Segunda mano/buen estado;True;False;Distrito Tetuán;Madrid capital, Madrid;21.57;Piso
950;piso;30;0;1;Segunda mano/buen estado;True;True;Distrito Tetuán;Madrid capital, Madrid;31.67;Piso
1400;piso;66;2;1;Segunda mano/buen estado;True;False;Distrito Tetuán;Madrid capital, Madrid;21.21;Piso
1900;piso;95;2;1;Segunda mano/buen estado;True;False;Distrito Tetuán;Madrid capital, Madrid;20.0;Piso
1600;piso;60;2;2;Segunda mano/buen estado;True;True;Distrito Tetuán;Madrid capital, Madrid;26.67;Piso
1200;piso;42;0;1;Segunda mano/buen estado;True;True;Distrito Tetuán;Madrid capital, Madrid;28.57;Piso
3400;piso;140;3;2;Segunda mano/buen estado;True;True;Distrito Tetuán;Madrid capital, Madrid;24.29;Piso
1700;piso;75;2;2;Segunda mano/buen estado;True;True;Distrito Tetuán;Madrid capital, Madrid;22.67;Piso
2400;piso;70;0;1;Segunda mano/buen estado;True;True;Distrito Tetuán;Madrid capital, Madrid;34.29;Piso
3000;piso;93;2;1;Segunda mano/buen estado;True;True;Distrito Tetuán;Madrid capital, Madrid;32.26;Piso
1800;piso;58;3;1;Segunda mano/buen estado;False;True;Distrito Tetuán;Madrid capital, Madrid;31.03;Piso
3400;piso;140;3;2;Segunda mano/buen estado;True;True;Distrito Tetuán;Madrid capital, Madrid;24.29;Piso
2490;piso;61;2;2;Segunda mano/buen estado;True;True;Distrito Tetuán;Madrid capital, Madrid;40.82;Piso
1200;estudio;42;0;1;Segunda mano/buen estado;True;True;Distrito Tetuán;Madrid capital, Madrid;28.57;Piso
1500;piso;89;3;1;Segunda mano/buen estado;True;True;Distrito Tetuán;Madrid capital, Madrid;16.85;Piso
1650;piso;79;2;1;Segunda mano/buen estado;True;True;Distrito Tetuán;Madrid capital, Madrid;20.89;Piso
1050;piso;57;0;1;Segunda mano/buen estado;True;False;Distrito Tetuán;Madrid capital, Madrid;18.42;Piso
1700;piso;65;2;1;Segunda mano/buen estado;True;True;Distrito Tetuán;Madrid capital, Madrid;26.15;Piso
990;piso;35;0;1;Segunda mano/buen estado;False;True;Distrito Tetuán;Madrid capital, Madrid;28.29;Piso
1850;piso;98;2;1;Segunda mano/buen estado;True;True;Distrito Tetuán;Madrid capital, Madrid;18.88;Piso
1690;piso;95;3;1;Segunda mano/buen estado;False;False;Distrito Tetuán;Madrid capital, Madrid;17.79;Piso
1550;piso;52;0;1;Segunda mano/buen estado;True;True;Distrito Tetuán;Madrid capital, Madrid;29.81;Piso
1550;piso;52;0;1;Segunda mano/buen estado;True;True;Distrito Tetuán;Madrid capital, Madrid;29.81;Piso
1500;piso;35;0;1;Segunda mano/buen estado;False;True;Distrito Tetuán;Madrid capital, Madrid;42.86;Piso
1800;piso;75;3;2;Segunda mano/buen estado;True;True;Distrito Tetuán;Madrid capital, Madrid;24.0;Piso
1200;piso;70;0;1;Segunda mano/buen estado;False;False;Distrito Tetuán;Madrid capital, Madrid;17.14;Piso
1695;piso;67;2;2;Segunda mano/buen estado;True;True;Distrito Tetuán;Madrid capital, Madrid;25.3;Piso
1295;piso;65;2;1;Segunda mano/buen estado;True;False;Distrito Tetuán;Madrid capital, Madrid;19.92;Piso
2490;piso;130;4;2;Segunda mano/buen estado;True;True;Distrito Tetuán;Madrid capital, Madrid;19.15;Piso
1450;piso;60;0;1;Segunda mano/buen estado;True;True;Distrito Tetuán;Madrid capital, Madrid;24.17;Piso
1495;piso;51;2;1;Segunda mano/buen estado;True;True;Distrito Tetuán;Madrid capital, Madrid;29.31;Piso
800;dúplex;35;0;1;Segunda mano/buen estado;True;True;Distrito Tetuán;Madrid capital, Madrid;22.86;other
1100;piso;61;0;1;Segunda mano/buen estado;True;False;Distrito Tetuán;Madrid capital, Madrid;18.03;Piso
1700;piso;80;3;1;Segunda mano/buen estado;False;False;Distrito Tetuán;Madrid capital, Madrid;21.25;Piso
900;piso;33;0;1;Segunda mano/buen estado;True;True;Distrito Tetuán;Madrid capital, Madrid;27.27;Piso
1500;ático;53;0;1;Segunda mano/buen estado;True;True;Distrito Tetuán;Madrid capital, Madrid;28.3;Piso
1200;piso;62;2;2;Segunda mano/buen estado;False;False;Distrito Tetuán;Madrid capital, Madrid;19.35;Piso
1150;ático;35;0;1;Segunda mano/buen estado;True;True;Distrito Tetuán;Madrid capital, Madrid;32.86;Piso
1500;piso;72;2;1;Segunda mano/buen estado;False;False;Distrito Tetuán;Madrid capital, Madrid;20.83;Piso
2370;ático;172;2;2;Segunda mano/buen estado;True;True;Distrito Tetuán;Madrid capital, Madrid;13.78;Piso
1400;piso;64;0;1;Segunda mano/buen estado;True;True;Distrito Tetuán;Madrid capital, Madrid;21.88;Piso
1150;ático;35;0;1;Segunda mano/buen estado;True;True;Distrito Tetuán;Madrid capital, Madrid;32.86;Piso
1350;piso;82;2;1;Segunda mano/buen estado;True;True;Distrito Tetuán;Madrid capital, Madrid;16.46;Piso
1000;piso;45;2;1;Segunda mano/buen estado;True;True;Distrito Tetuán;Madrid capital, Madrid;22.22;Piso
1200;piso;62;2;2;Segunda mano/buen estado;False;False;Distrito Tetuán;Madrid capital, Madrid;19.35;Piso
1800;piso;65;2;1;Segunda mano/buen estado;False;True;Distrito Tetuán;Madrid capital, Madrid;27.69;Piso
1500;piso;72;2;1;Segunda mano/buen estado;False;False;Distrito Tetuán;Madrid capital, Madrid;20.83;Piso
1100;piso;48;0;1;Segunda mano/buen estado;True;True;Distrito Tetuán;Madrid capital, Madrid;22.92;Piso
3500;piso;140;2;2;Segunda mano/buen estado;False;False;Distrito Tetuán;Madrid capital, Madrid;25.0;Piso
1500;piso;68;2;1;Segunda mano/buen estado;True;False;Distrito Tetuán;Madrid capital, Madrid;22.06;Piso
925;piso;46;0;1;Segunda mano/buen estado;True;True;Distrito Tetuán;Madrid capital, Madrid;20.11;Piso
1300;piso;63;0;1;Segunda mano/buen estado;True;False;Distrito Tetuán;Madrid capital, Madrid;20.63;Piso
975;piso;64;0;1;Segunda mano/buen estado;True;True;Distrito Tetuán;Madrid capital, Madrid;15.23;Piso
2750;piso;105;2;2;Segunda mano/buen estado;True;True;Distrito Tetuán;Madrid capital, Madrid;26.19;Piso
950;ático;45;0;1;Segunda mano/buen estado;False;True;Distrito Tetuán;Madrid capital, Madrid;21.11;Piso
1450;piso;92;2;2;Segunda mano/buen estado;True;False;Distrito Tetuán;Madrid capital, Madrid;15.76;Piso
950;piso;35;0;1;Segunda mano/buen estado;False;True;Distrito Tetuán;Madrid capital, Madrid;27.14;Piso
2100;piso;140;4;3;Segunda mano/buen estado;True;False;Distrito Tetuán;Madrid capital, Madrid;15.0;Piso
3500;piso;180;4;3;Segunda mano/buen estado;True;True;Distrito Tetuán;Madrid capital, Madrid;19.44;Piso
1500;ático;100;2;1;Segunda mano/buen estado;True;True;Distrito Tetuán;Madrid capital, Madrid;15.0;Piso
1300;piso;76;2;1;Segunda mano/buen estado;False;False;Distrito Tetuán;Madrid capital, Madrid;17.11;Piso
1350;piso;70;2;2;Segunda mano/buen estado;False;True;Distrito Tetuán;Madrid capital, Madrid;19.29;Piso
1800;piso;81;2;1;Segunda mano/buen estado;True;True;Distrito Tetuán;Madrid capital, Madrid;22.22;Piso
1000;piso;35;0;1;Segunda mano/buen estado;True;True;Distrito Tetuán;Madrid capital, Madrid;28.57;Piso
1450;ático;52;0;2;Segunda mano/buen estado;True;True;Distrito Tetuán;Madrid capital, Madrid;27.88;Piso
1450;piso;65;0;1;Segunda mano/buen estado;True;True;Distrito Tetuán;Madrid capital, Madrid;22.31;Piso
900;piso;36;0;1;Segunda mano/buen estado;True;False;Distrito Tetuán;Madrid capital, Madrid;25.0;Piso
1990;piso;120;4;2;Segunda mano/buen estado;True;True;Distrito Tetuán;Madrid capital, Madrid;16.58;Piso
1700;piso;88;2;2;Segunda mano/buen estado;True;False;Distrito Tetuán;Madrid capital, Madrid;19.32;Piso
1300;piso;75;2;2;Segunda mano/buen estado;True;False;Distrito Tetuán;Madrid capital, Madrid;17.33;Piso
1300;piso;62;2;2;Segunda mano/buen estado;True;False;Distrito Tetuán;Madrid capital, Madrid;20.97;Piso
980;ático;32;0;1;Segunda mano/buen estado;False;True;Distrito Tetuán;Madrid capital, Madrid;30.62;Piso
1700;piso;88;2;2;Segunda mano/buen estado;True;False;Distrito Tetuán;Madrid capital, Madrid;19.32;Piso
950;piso;60;0;1;Segunda mano/buen estado;True;False;Distrito Tetuán;Madrid capital, Madrid;15.83;Piso
1990;piso;120;4;2;Segunda mano/buen estado;True;True;Distrito Tetuán;Madrid capital, Madrid;16.58;Piso
1300;piso;75;2;2;Segunda mano/buen estado;True;False;Distrito Tetuán;Madrid capital, Madrid;17.33;Piso
3250;piso;120;6;2;Segunda mano/buen estado;False;False;Distrito Tetuán;Madrid capital, Madrid;27.08;Piso
725;piso;30;0;1;Segunda mano/buen estado;False;False;Distrito Tetuán;Madrid capital, Madrid;24.17;Piso
1100;piso;60;2;1;Segunda mano/buen estado;False;True;Distrito Tetuán;Madrid capital, Madrid;18.33;Piso
775;estudio;30;0;1;Segunda mano/buen estado;False;True;Distrito Tetuán;Madrid capital, Madrid;25.83;Piso
1100;piso;50;0;1;Segunda mano/buen estado;True;False;Distrito Tetuán;Madrid capital, Madrid;22.0;Piso
2150;piso;70;2;1;Segunda mano/buen estado;False;False;Distrito Tetuán;Madrid capital, Madrid;30.71;Piso
1280;piso;66;0;1;Segunda mano/buen estado;False;True;Distrito Tetuán;Madrid capital, Madrid;19.39;Piso
1000;piso;49;0;1;Segunda mano/buen estado;False;True;Distrito Tetuán;Madrid capital, Madrid;20.41;Piso
1075;piso;35;0;1;Segunda mano/buen estado;False;True;Distrito Tetuán;Madrid capital, Madrid;30.71;Piso
1120;piso;51;2;1;Segunda mano/buen estado;True;False;Distrito Tetuán;Madrid capital, Madrid;21.96;Piso
1200;piso;60;0;1;Segunda mano/buen estado;True;True;Distrito Tetuán;Madrid capital, Madrid;20.0;Piso
4500;piso;198;3;3;Segunda mano/buen estado;True;True;Distrito Tetuán;Madrid capital, Madrid;22.73;Piso
1650;piso;78;3;1;Segunda mano/buen estado;True;True;Distrito Tetuán;Madrid capital, Madrid;21.15;Piso
1250;piso;38;0;1;Segunda mano/buen estado;True;True;Distrito Tetuán;Madrid capital, Madrid;32.89;Piso
1500;piso;80;2;2;Segunda mano/buen estado;True;True;Distrito Tetuán;Madrid capital, Madrid;18.75;Piso
1200;piso;41;2;1;Segunda mano/buen estado;False;True;Distrito Tetuán;Madrid capital, Madrid;29.27;Piso
1000;estudio;35;0;1;Segunda mano/buen estado;True;True;Distrito Tetuán;Madrid capital, Madrid;28.57;Piso
1480;piso;40;2;1;Segunda mano/buen estado;False;False;Distrito Tetuán;Madrid capital, Madrid;37.0;Piso
2500;estudio;180;0;1;Segunda mano/buen estado;True;True;Distrito Tetuán;Madrid capital, Madrid;13.89;Piso
999;piso;45;0;1;Segunda mano/buen estado;True;True;Distrito Tetuán;Madrid capital, Madrid;22.2;Piso
1300;piso;60;0;1;Segunda mano/buen estado;True;True;Distrito Tetuán;Madrid capital, Madrid;21.67;Piso
2700;piso;87;2;2;Segunda mano/buen estado;True;True;Distrito Tetuán;Madrid capital, Madrid;31.03;Piso
1400;piso;85;2;1;Segunda mano/buen estado;False;True;Distrito Tetuán;Madrid capital, Madrid;16.47;Piso
1600;piso;92;2;2;Segunda mano/buen estado;True;True;Distrito Tetuán;Madrid capital, Madrid;17.39;Piso
990;estudio;25;0;1;Segunda mano/buen estado;False;True;Distrito Tetuán;Madrid capital, Madrid;39.6;Piso
1400;piso;85;2;1;Segunda mano/buen estado;False;True;Distrito Tetuán;Madrid capital, Madrid;16.47;Piso
999;piso;45;0;1;Segunda mano/buen estado;True;True;Distrito Tetuán;Madrid capital, Madrid;22.2;Piso
1400;dúplex;75;2;1;Segunda mano/buen estado;True;True;Distrito Tetuán;Madrid capital, Madrid;18.67;other
1500;piso;90;3;1;Segunda mano/buen estado;True;False;Distrito Tetuán;Madrid capital, Madrid;16.67;Piso
2700;piso;87;2;2;Segunda mano/buen estado;True;True;Distrito Tetuán;Madrid capital, Madrid;31.03;Piso
990;estudio;25;0;1;Segunda mano/buen estado;False;True;Distrito Tetuán;Madrid capital, Madrid;39.6;Piso
1000;piso;25;0;1;Segunda mano/buen estado;True;True;Distrito Tetuán;Madrid capital, Madrid;40.0;Piso
1800;piso;70;0;1;Segunda mano/buen estado;True;True;Distrito Tetuán;Madrid capital, Madrid;25.71;Piso
1850;piso;94;2;2;Segunda mano/buen estado;True;True;Distrito Tetuán;Madrid capital, Madrid;19.68;Piso
1670;piso;66;0;1;Segunda mano/buen estado;True;False;Distrito Tetuán;Madrid capital, Madrid;25.3;Piso
2600;piso;100;4;3;Segunda mano/buen estado;True;True;Distrito Tetuán;Madrid capital, Madrid;26.0;Piso
1600;piso;75;2;1;Segunda mano/buen estado;True;True;Distrito Tetuán;Madrid capital, Madrid;21.33;Piso
1850;piso;96;3;2;Segunda mano/buen estado;True;True;Distrito Tetuán;Madrid capital, Madrid;19.27;Piso
1300;piso;120;2;2;Segunda mano/buen estado;False;False;Distrito Tetuán;Madrid capital, Madrid;10.83;Piso
1300;piso;85;2;1;Segunda mano/buen estado;True;True;Distrito Tetuán;Madrid capital, Madrid;15.29;Piso
1910;piso;80;2;1;Segunda mano/buen estado;False;False;Distrito Tetuán;Madrid capital, Madrid;23.88;Piso
1500;piso;75;2;1;Segunda mano/buen estado;True;False;Distrito Tetuán;Madrid capital, Madrid;20.0;Piso
1000;piso;73;2;1;Segunda mano/buen estado;True;True;Distrito Tetuán;Madrid capital, Madrid;13.7;Piso
1505;piso;60;0;1;Segunda mano/buen estado;True;True;Distrito Tetuán;Madrid capital, Madrid;25.08;Piso
1800;piso;25;0;1;Segunda mano/buen estado;True;True;Distrito Tetuán;Madrid capital, Madrid;72.0;Piso
1500;piso;60;3;1;Segunda mano/buen estado;False;False;Distrito Tetuán;Madrid capital, Madrid;25.0;Piso
1150;piso;69;2;1;Segunda mano/buen estado;False;False;Distrito Tetuán;Madrid capital, Madrid;16.67;Piso
1500;piso;80;2;1;Segunda mano/buen estado;True;True;Distrito Tetuán;Madrid capital, Madrid;18.75;Piso
1850;piso;101;2;2;Segunda mano/buen estado;True;True;Distrito Tetuán;Madrid capital, Madrid;18.32;Piso
1250;piso;60;0;1;Segunda mano/buen estado;True;True;Distrito Tetuán;Madrid capital, Madrid;20.83;Piso
2300;ático;112;2;2;Segunda mano/buen estado;True;True;Distrito Tetuán;Madrid capital, Madrid;20.54;Piso
1200;piso;60;2;1;Segunda mano/buen estado;False;False;Distrito Tetuán;Madrid capital, Madrid;20.0;Piso
1900;piso;65;3;2;Segunda mano/buen estado;True;True;Distrito Tetuán;Madrid capital, Madrid;29.23;Piso
2800;piso;130;4;2;Segunda mano/buen estado;True;True;Distrito Tetuán;Madrid capital, Madrid;21.54;Piso
1700;piso;80;0;1;Segunda mano/buen estado;True;True;Distrito Tetuán;Madrid capital, Madrid;21.25;Piso
1900;piso;65;3;2;Segunda mano/buen estado;True;True;Distrito Tetuán;Madrid capital, Madrid;29.23;Piso
1800;piso;70;0;1;Segunda mano/buen estado;True;True;Distrito Tetuán;Madrid capital, Madrid;25.71;Piso
1250;piso;60;0;1;Segunda mano/buen estado;True;True;Distrito Tetuán;Madrid capital, Madrid;20.83;Piso
1200;piso;88;2;1;Segunda mano/buen estado;True;False;Distrito Tetuán;Madrid capital, Madrid;13.64;Piso
2200;piso;120;3;2;Segunda mano/buen estado;True;True;Distrito Tetuán;Madrid capital, Madrid;18.33;Piso
1700;piso;95;2;2;Segunda mano/buen estado;True;True;Distrito Tetuán;Madrid capital, Madrid;17.89;Piso
1500;piso;83;2;2;Segunda mano/buen estado;True;True;Distrito Tetuán;Madrid capital, Madrid;18.07;Piso
1400;piso;66;0;1;Segunda mano/buen estado;True;True;Distrito Tetuán;Madrid capital, Madrid;21.21;Piso
1050;piso;50;0;1;Segunda mano/buen estado;True;True;Distrito Tetuán;Madrid capital, Madrid;21.0;Piso
1550;piso;85;3;2;Segunda mano/buen estado;False;True;Distrito Tetuán;Madrid capital, Madrid;18.24;Piso
1500;piso;57;0;1;Segunda mano/buen estado;True;True;Distrito Tetuán;Madrid capital, Madrid;26.32;Piso
1070;piso;79;0;1;Segunda mano/buen estado;False;True;Distrito Tetuán;Madrid capital, Madrid;13.54;Piso
1510;piso;42;2;1;Segunda mano/para reformar;True;True;Distrito Tetuán;Madrid capital, Madrid;35.95;Piso
2000;piso;120;4;2;Segunda mano/buen estado;True;True;Distrito Tetuán;Madrid capital, Madrid;16.67;Piso
1750;piso;105;2;2;Segunda mano/buen estado;True;True;Distrito Tetuán;Madrid capital, Madrid;16.67;Piso
1500;piso;65;0;1;Segunda mano/buen estado;True;True;Distrito Tetuán;Madrid capital, Madrid;23.08;Piso
1199;piso;72;0;1;Segunda mano/buen estado;False;False;Distrito Tetuán;Madrid capital, Madrid;16.65;Piso
1500;piso;88;2;1;Segunda mano/buen estado;True;True;Distrito Tetuán;Madrid capital, Madrid;17.05;Piso
900;estudio;32;0;1;Segunda mano/buen estado;False;True;Distrito Tetuán;Madrid capital, Madrid;28.12;Piso
1350;piso;60;0;1;Segunda mano/buen estado;True;True;Distrito Tetuán;Madrid capital, Madrid;22.5;Piso
1400;piso;80;2;1;Segunda mano/buen estado;False;False;Distrito Tetuán;Madrid capital, Madrid;17.5;Piso
1272;piso;91;2;2;Segunda mano/buen estado;True;True;Distrito Tetuán;Madrid capital, Madrid;13.98;Piso
1900;estudio;30;0;1;Segunda mano/buen estado;False;True;Distrito Tetuán;Madrid capital, Madrid;63.33;Piso
2950;piso;120;2;2;Segunda mano/buen estado;True;True;Distrito Tetuán;Madrid capital, Madrid;24.58;Piso
1050;piso;47;0;1;Segunda mano/buen estado;True;False;Distrito Tetuán;Madrid capital, Madrid;22.34;Piso
1350;piso;87;2;2;Segunda mano/buen estado;True;True;Distrito Tetuán;Madrid capital, Madrid;15.52;Piso
1800;piso;75;0;1;Segunda mano/buen estado;False;False;Distrito Tetuán;Madrid capital, Madrid;24.0;Piso
1300;piso;70;2;2;Segunda mano/buen estado;False;False;Distrito Tetuán;Madrid capital, Madrid;18.57;Piso
1200;estudio;50;0;1;Segunda mano/buen estado;True;True;Distrito Tetuán;Madrid capital, Madrid;24.0;Piso
2100;piso;120;3;2;Segunda mano/buen estado;True;False;Distrito Tetuán;Madrid capital, Madrid;17.5;Piso
1290;piso;40;0;1;Segunda mano/buen estado;True;True;Distrito Tetuán;Madrid capital, Madrid;32.25;Piso
1200;estudio;50;0;1;Segunda mano/buen estado;True;True;Distrito Tetuán;Madrid capital, Madrid;24.0;Piso
800;estudio;35;0;1;Segunda mano/buen estado;True;True;Distrito Tetuán;Madrid capital, Madrid;22.86;Piso
2000;estudio;200;0;3;Segunda mano/buen estado;True;True;Distrito Tetuán;Madrid capital, Madrid;10.0;Piso
2500;ático;110;3;1;Segunda mano/buen estado;False;False;Distrito Tetuán;Madrid capital, Madrid;22.73;Piso
950;estudio;41;0;1;Segunda mano/buen estado;True;True;Distrito Tetuán;Madrid capital, Madrid;23.17;Piso
1750;piso;86;0;1;Segunda mano/buen estado;True;True;Distrito Tetuán;Madrid capital, Madrid;20.35;Piso
2800;piso;140;4;1;Segunda mano/buen estado;False;False;Distrito Tetuán;Madrid capital, Madrid;20.0;Piso
1500;piso;60;0;1;Segunda mano/buen estado;True;True;Distrito Tetuán;Madrid capital, Madrid;25.0;Piso
1000;piso;57;2;1;Segunda mano/buen estado;False;True;Distrito Tetuán;Madrid capital, Madrid;17.54;Piso
1200;piso;41;0;1;Segunda mano/buen estado;True;True;Distrito Tetuán;Madrid capital, Madrid;29.27;Piso
1400;piso;60;2;1;Segunda mano/buen estado;True;False;Distrito Tetuán;Madrid capital, Madrid;23.33;Piso
1400;piso;65;2;1;Segunda mano/buen estado;True;True;Distrito Tetuán;Madrid capital, Madrid;21.54;Piso
1400;piso;65;0;1;Segunda mano/buen estado;True;True;Distrito Tetuán;Madrid capital, Madrid;21.54;Piso
1100;estudio;23;0;1;Segunda mano/buen estado;True;True;Distrito Tetuán;Madrid capital, Madrid;47.83;Piso
2400;ático;92;3;1;Segunda mano/buen estado;True;True;Distrito Tetuán;Madrid capital, Madrid;26.09;Piso
1200;estudio;56;0;1;Segunda mano/buen estado;True;True;Distrito Tetuán;Madrid capital, Madrid;21.43;Piso
1200;piso;54;2;1;Segunda mano/buen estado;False;False;Distrito Tetuán;Madrid capital, Madrid;22.22;Piso
780;estudio;25;0;1;Segunda mano/buen estado;False;False;Distrito Tetuán;Madrid capital, Madrid;31.2;Piso
1490;piso;70;2;1;Segunda mano/buen estado;True;True;Distrito Tetuán;Madrid capital, Madrid;21.29;Piso
850;estudio;37;0;1;Segunda mano/buen estado;True;True;Distrito Tetuán;Madrid capital, Madrid;22.97;Piso
1025;piso;55;0;1;Segunda mano/buen estado;True;False;Distrito Tetuán;Madrid capital, Madrid;18.64;Piso
1245;piso;70;0;1;Segunda mano/buen estado;True;True;Distrito Tetuán;Madrid capital, Madrid;17.79;Piso
2400;piso;105;3;2;Segunda mano/buen estado;True;True;Distrito Tetuán;Madrid capital, Madrid;22.86;Piso
1900;piso;74;0;1;Segunda mano/buen estado;True;True;Distrito Tetuán;Madrid capital, Madrid;25.68;Piso
1600;piso;88;2;2;Segunda mano/buen estado;True;False;Distrito Tetuán;Madrid capital, Madrid;18.18;Piso
1200;ático;63;0;1;Segunda mano/buen estado;True;True;Distrito Tetuán;Madrid capital, Madrid;19.05;Piso
3700;piso;160;5;3;Segunda mano/buen estado;False;False;Distrito Tetuán;Madrid capital, Madrid;23.12;Piso
1700;dúplex;55;2;2;Segunda mano/buen estado;True;True;Distrito Tetuán;Madrid capital, Madrid;30.91;other
1895;piso;73;3;2;Segunda mano/buen estado;False;True;Distrito Tetuán;Madrid capital, Madrid;25.96;Piso
1700;dúplex;55;2;2;Segunda mano/buen estado;True;True;Distrito Tetuán;Madrid capital, Madrid;30.91;other
2800;piso;195;3;2;Segunda mano/buen estado;False;True;Distrito Tetuán;Madrid capital, Madrid;14.36;Piso
1300;dúplex;57;2;1;Segunda mano/buen estado;True;True;Distrito Tetuán;Madrid capital, Madrid;22.81;other
1200;piso;60;2;1;Segunda mano/buen estado;True;True;Distrito Tetuán;Madrid capital, Madrid;20.0;Piso
1400;piso;53;0;1;Segunda mano/buen estado;True;True;Distrito Tetuán;Madrid capital, Madrid;26.42;Piso
1380;piso;60;2;1;Segunda mano/buen estado;True;True;Distrito Tetuán;Madrid capital, Madrid;23.0;Piso
1400;piso;85;2;1;Segunda mano/buen estado;True;False;Distrito Tetuán;Madrid capital, Madrid;16.47;Piso
1240;piso;50;0;1;Segunda mano/buen estado;True;True;Distrito Tetuán;Madrid capital, Madrid;24.8;Piso
2900;piso;55;0;1;Segunda mano/buen estado;True;True;Distrito Tetuán;Madrid capital, Madrid;52.73;Piso
1500;piso;60;2;1;Segunda mano/buen estado;True;False;Distrito Tetuán;Madrid capital, Madrid;25.0;Piso
1750;piso;75;2;1;Segunda mano/buen estado;True;True;Distrito Tetuán;Madrid capital, Madrid;23.33;Piso
3000;piso;75;2;1;Segunda mano/buen estado;True;True;Distrito Tetuán;Madrid capital, Madrid;40.0;Piso
1785;piso;72;3;1;Segunda mano/buen estado;False;True;Distrito Tetuán;Madrid capital, Madrid;24.79;Piso
660;dúplex;25;0;1;Segunda mano/buen estado;True;True;Distrito Tetuán;Madrid capital, Madrid;26.4;other
4500;ático;180;2;2;Segunda mano/buen estado;True;True;Distrito Tetuán;Madrid capital, Madrid;25.0;Piso
900;piso;50;0;1;Segunda mano/buen estado;False;False;Distrito Tetuán;Madrid capital, Madrid;18.0;Piso
2000;piso;70;0;1;Segunda mano/buen estado;False;True;Distrito Tetuán;Madrid capital, Madrid;28.57;Piso
1150;piso;39;0;1;Segunda mano/buen estado;True;True;Distrito Tetuán;Madrid capital, Madrid;29.49;Piso
1000;piso;40;0;1;Segunda mano/buen estado;False;True;Distrito Tetuán;Madrid capital, Madrid;25.0;Piso
950;dúplex;35;0;2;Segunda mano/buen estado;True;True;Distrito Tetuán;Madrid capital, Madrid;27.14;other
2500;piso;45;0;1;Segunda mano/buen estado;False;True;Distrito Tetuán;Madrid capital, Madrid;55.56;Piso
1150;piso;47;0;1;Segunda mano/buen estado;True;False;Distrito Tetuán;Madrid capital, Madrid;24.47;Piso
1100;piso;42;0;1;Segunda mano/buen estado;True;False;Distrito Tetuán;Madrid capital, Madrid;26.19;Piso
2900;dúplex;150;3;3;Segunda mano/buen estado;True;True;Distrito Tetuán;Madrid capital, Madrid;19.33;other
690;estudio;35;0;1;Segunda mano/buen estado;False;False;Distrito Tetuán;Madrid capital, Madrid;19.71;Piso
875;piso;30;0;1;Segunda mano/buen estado;True;True;Distrito Tetuán;Madrid capital, Madrid;29.17;Piso
1100;piso;83;2;1;Segunda mano/buen estado;True;True;Distrito Tetuán;Madrid capital, Madrid;13.25;Piso
1200;piso;55;0;1;Segunda mano/buen estado;True;True;Distrito Tetuán;Madrid capital, Madrid;21.82;Piso
1320;piso;80;3;2;Segunda mano/buen estado;True;False;Distrito Tetuán;Madrid capital, Madrid;16.5;Piso
1100;piso;50;2;1;Segunda mano/buen estado;False;False;Distrito Tetuán;Madrid capital, Madrid;22.0;Piso
690;estudio;35;0;1;Segunda mano/buen estado;False;False;Distrito Tetuán;Madrid capital, Madrid;19.71;Piso
2400;piso;77;3;1;Segunda mano/buen estado;True;True;Distrito Tetuán;Madrid capital, Madrid;31.17;Piso
1200;piso;65;2;1;Segunda mano/buen estado;True;False;Distrito Tetuán;Madrid capital, Madrid;18.46;Piso
2900;dúplex;150;3;3;Segunda mano/buen estado;True;True;Distrito Tetuán;Madrid capital, Madrid;19.33;other
1100;piso;83;2;1;Segunda mano/buen estado;True;True;Distrito Tetuán;Madrid capital, Madrid;13.25;Piso
1200;piso;63;2;1;Segunda mano/buen estado;True;True;Distrito Tetuán;Madrid capital, Madrid;19.05;Piso
800;estudio;25;0;1;Segunda mano/buen estado;True;True;Distrito Tetuán;Madrid capital, Madrid;32.0;Piso
2900;piso;90;2;1;Segunda mano/buen estado;True;True;Distrito Tetuán;Madrid capital, Madrid;32.22;Piso
1200;piso;45;0;1;Segunda mano/buen estado;True;False;Distrito Tetuán;Madrid capital, Madrid;26.67;Piso
1200;piso;60;0;1;Segunda mano/buen estado;True;True;Distrito Tetuán;Madrid capital, Madrid;20.0;Piso
1300;piso;48;0;1;Segunda mano/buen estado;True;True;Distrito Tetuán;Madrid capital, Madrid;27.08;Piso
2200;piso;70;2;2;Segunda mano/buen estado;True;True;Distrito Tetuán;Madrid capital, Madrid;31.43;Piso
1200;piso;65;2;1;Segunda mano/buen estado;False;True;Distrito Tetuán;Madrid capital, Madrid;18.46;Piso
2300;piso;82;0;1;Segunda mano/buen estado;True;True;Distrito Tetuán;Madrid capital, Madrid;28.05;Piso
900;piso;49;2;1;Segunda mano/buen estado;False;False;Distrito Tetuán;Madrid capital, Madrid;18.37;Piso
800;estudio;30;0;1;Segunda mano/buen estado;False;True;Distrito Tetuán;Madrid capital, Madrid;26.67;Piso
1099;piso;40;0;1;Segunda mano/buen estado;True;True;Distrito Tetuán;Madrid capital, Madrid;27.48;Piso
1700;piso;80;0;1;Segunda mano/buen estado;True;True;Distrito Tetuán;Madrid capital, Madrid;21.25;Piso
3000;piso;145;4;3;Segunda mano/buen estado;True;True;Distrito Tetuán;Madrid capital, Madrid;20.69;Piso
820;estudio;35;0;1;Segunda mano/buen estado;True;True;Distrito Tetuán;Madrid capital, Madrid;23.43;Piso
1250;dúplex;52;0;1;Segunda mano/buen estado;False;True;Distrito Tetuán;Madrid capital, Madrid;24.04;other
1100;ático;45;0;1;Segunda mano/buen estado;False;True;Distrito Tetuán;Madrid capital, Madrid;24.44;Piso
1400;piso;65;0;1;Segunda mano/buen estado;True;True;Distrito Tetuán;Madrid capital, Madrid;21.54;Piso
1300;piso;55;0;1;Segunda mano/buen estado;True;True;Distrito Tetuán;Madrid capital, Madrid;23.64;Piso
900;dúplex;40;0;1;Segunda mano/buen estado;True;True;Distrito Tetuán;Madrid capital, Madrid;22.5;other
1500;piso;60;0;1;Segunda mano/buen estado;True;True;Distrito Tetuán;Madrid capital, Madrid;25.0;Piso
1000;piso;50;0;1;Segunda mano/buen estado;True;False;Distrito Tetuán;Madrid capital, Madrid;20.0;Piso
890;estudio;38;0;1;Segunda mano/buen estado;True;True;Distrito Tetuán;Madrid capital, Madrid;23.42;Piso
2100;piso;105;3;2;Segunda mano/buen estado;True;True;Distrito Tetuán;Madrid capital, Madrid;20.0;Piso
900;piso;57;0;1;Segunda mano/buen estado;True;False;Distrito Tetuán;Madrid capital, Madrid;15.79;Piso
1500;piso;60;0;1;Segunda mano/buen estado;True;True;Distrito Tetuán;Madrid capital, Madrid;25.0;Piso
1000;piso;30;0;1;Segunda mano/buen estado;True;True;Distrito Tetuán;Madrid capital, Madrid;33.33;Piso
1300;piso;55;0;1;Segunda mano/buen estado;True;True;Distrito Tetuán;Madrid capital, Madrid;23.64;Piso
795;estudio;26;0;1;Segunda mano/buen estado;True;True;Distrito Tetuán;Madrid capital, Madrid;30.58;Piso
2100;piso;105;3;2;Segunda mano/buen estado;True;True;Distrito Tetuán;Madrid capital, Madrid;20.0;Piso
1000;piso;50;0;1;Segunda mano/buen estado;True;False;Distrito Tetuán;Madrid capital, Madrid;20.0;Piso
1150;piso;60;2;1;Segunda mano/buen estado;False;False;Distrito Tetuán;Madrid capital, Madrid;19.17;Piso
890;estudio;38;0;1;Segunda mano/buen estado;True;True;Distrito Tetuán;Madrid capital, Madrid;23.42;Piso
1650;piso;70;3;1;Segunda mano/buen estado;True;False;Distrito Tetuán;Madrid capital, Madrid;23.57;Piso
1050;piso;45;2;1;Segunda mano/buen estado;True;True;Distrito Tetuán;Madrid capital, Madrid;23.33;Piso
1300;estudio;30;0;1;Segunda mano/buen estado;False;True;Distrito Tetuán;Madrid capital, Madrid;43.33;Piso
1250;piso;66;2;1;Segunda mano/buen estado;True;True;Distrito Tetuán;Madrid capital, Madrid;18.94;Piso
1200;ático;65;0;1;Segunda mano/buen estado;True;False;Distrito Tetuán;Madrid capital, Madrid;18.46;Piso
900;estudio;30;0;1;Segunda mano/buen estado;True;True;Distrito Tetuán;Madrid capital, Madrid;30.0;Piso
2000;ático;65;0;1;Segunda mano/buen estado;True;True;Distrito Tetuán;Madrid capital, Madrid;30.77;Piso
1100;piso;30;0;1;Segunda mano/buen estado;True;False;Distrito Tetuán;Madrid capital, Madrid;36.67;Piso
1500;piso;52;0;1;Segunda mano/buen estado;False;False;Distrito Tetuán;Madrid capital, Madrid;28.85;Piso
1400;piso;65;2;1;Segunda mano/buen estado;True;True;Distrito Tetuán;Madrid capital, Madrid;21.54;Piso
1340;piso;65;2;1;Segunda mano/buen estado;True;True;Distrito Tetuán;Madrid capital, Madrid;20.62;Piso
900;piso;27;0;2;Segunda mano/buen estado;False;False;Distrito Tetuán;Madrid capital, Madrid;33.33;Piso
900;estudio;30;0;1;Segunda mano/buen estado;True;True;Distrito Tetuán;Madrid capital, Madrid;30.0;Piso
1200;piso;95;2;1;Segunda mano/buen estado;True;False;Distrito Tetuán;Madrid capital, Madrid;12.63;Piso
950;piso;29;0;1;Segunda mano/buen estado;True;True;Distrito Tetuán;Madrid capital, Madrid;32.76;Piso
2000;piso;64;2;1;Segunda mano/buen estado;False;True;Distrito Tetuán;Madrid capital, Madrid;31.25;Piso
1300;piso;48;0;1;Segunda mano/buen estado;True;False;Distrito Tetuán;Madrid capital, Madrid;27.08;Piso
1500;piso;40;0;1;Segunda mano/buen estado;True;True;Distrito Tetuán;Madrid capital, Madrid;37.5;Piso
1550;piso;50;0;1;Segunda mano/buen estado;True;True;Distrito Tetuán;Madrid capital, Madrid;31.0;Piso
2500;ático;109;3;2;Segunda mano/buen estado;True;True;Distrito Tetuán;Madrid capital, Madrid;22.94;Piso
720;estudio;35;0;1;Segunda mano/buen estado;True;True;Distrito Tetuán;Madrid capital, Madrid;20.57;Piso
1050;estudio;30;0;1;Segunda mano/buen estado;True;True;Distrito Tetuán;Madrid capital, Madrid;35.0;Piso
1400;piso;58;0;1;Segunda mano/buen estado;True;True;Distrito Tetuán;Madrid capital, Madrid;24.14;Piso
1250;piso;78;2;2;Segunda mano/buen estado;True;True;Distrito Tetuán;Madrid capital, Madrid;16.03;Piso
1200;piso;58;0;1;Segunda mano/buen estado;False;True;Distrito Tetuán;Madrid capital, Madrid;20.69;Piso
1200;piso;70;0;1;Segunda mano/buen estado;True;True;Distrito Tetuán;Madrid capital, Madrid;17.14;Piso
2400;estudio;132;0;1;Segunda mano/para reformar;False;False;Distrito Tetuán;Madrid capital, Madrid;18.18;Piso
2300;piso;95;2;2;Segunda mano/buen estado;True;True;Distrito Tetuán;Madrid capital, Madrid;24.21;Piso
1500;piso;45;0;1;Segunda mano/buen estado;True;True;Distrito Tetuán;Madrid capital, Madrid;33.33;Piso
1500;piso;45;0;1;Segunda mano/buen estado;True;True;Distrito Tetuán;Madrid capital, Madrid;33.33;Piso
1100;piso;45;0;1;Segunda mano/buen estado;False;False;Distrito Tetuán;Madrid capital, Madrid;24.44;Piso
1199;dúplex;51;0;1;Segunda mano/buen estado;True;True;Distrito Tetuán;Madrid capital, Madrid;23.51;other
1350;piso;45;0;1;Segunda mano/buen estado;True;False;Distrito Tetuán;Madrid capital, Madrid;30.0;Piso
1400;ático;80;0;1;Segunda mano/buen estado;False;False;Distrito Tetuán;Madrid capital, Madrid;17.5;Piso
1700;piso;50;2;1;Segunda mano/buen estado;True;True;Distrito Tetuán;Madrid capital, Madrid;34.0;Piso
1200;piso;45;2;2;Segunda mano/buen estado;True;False;Distrito Tetuán;Madrid capital, Madrid;26.67;Piso
2499;piso;50;0;1;Segunda mano/buen estado;True;True;Distrito Tetuán;Madrid capital, Madrid;49.98;Piso
1500;ático;90;2;1;Segunda mano/buen estado;True;True;Distrito Tetuán;Madrid capital, Madrid;16.67;Piso
1200;piso;50;0;1;Segunda mano/buen estado;True;False;Distrito Tetuán;Madrid capital, Madrid;24.0;Piso
1500;piso;65;0;1;Segunda mano/buen estado;True;True;Distrito Tetuán;Madrid capital, Madrid;23.08;Piso
1250;piso;55;0;1;Segunda mano/buen estado;True;True;Distrito Tetuán;Madrid capital, Madrid;22.73;Piso
2950;piso;120;2;2;Segunda mano/buen estado;True;True;Distrito Tetuán;Madrid capital, Madrid;24.58;Piso
2100;piso;125;2;2;Segunda mano/buen estado;True;True;Distrito Tetuán;Madrid capital, Madrid;16.8;Piso
780;ático;35;0;1;Segunda mano/buen estado;False;True;Distrito Tetuán;Madrid capital, Madrid;22.29;Piso
1300;piso;65;0;2;Segunda mano/buen estado;True;False;Distrito Tetuán;Madrid capital, Madrid;20.0;Piso
1200;piso;51;2;1;Segunda mano/buen estado;False;False;Distrito Tetuán;Madrid capital, Madrid;23.53;Piso
1300;dúplex;90;2;2;Segunda mano/buen estado;True;False;Distrito Tetuán;Madrid capital, Madrid;14.44;other
1200;piso;50;0;1;Segunda mano/buen estado;True;False;Distrito Tetuán;Madrid capital, Madrid;24.0;Piso
900;estudio;20;0;1;Segunda mano/buen estado;True;False;Distrito Tetuán;Madrid capital, Madrid;45.0;Piso
1500;piso;45;0;1;Segunda mano/buen estado;True;True;Distrito Tetuán;Madrid capital, Madrid;33.33;Piso
1500;piso;45;0;1;Segunda mano/buen estado;True;True;Distrito Tetuán;Madrid capital, Madrid;33.33;Piso
1550;dúplex;75;2;2;Segunda mano/buen estado;True;True;Distrito Tetuán;Madrid capital, Madrid;20.67;other
1200;piso;48;2;1;Segunda mano/buen estado;True;False;Distrito Tetuán;Madrid capital, Madrid;25.0;Piso
1200;piso;47;0;1;Segunda mano/buen estado;True;True;Distrito Tetuán;Madrid capital, Madrid;25.53;Piso
1350;piso;56;2;1;Segunda mano/buen estado;True;True;Distrito Tetuán;Madrid capital, Madrid;24.11;Piso
1295;piso;45;2;1;Segunda mano/buen estado;True;True;Distrito Tetuán;Madrid capital, Madrid;28.78;Piso
1200;piso;55;0;1;Segunda mano/buen estado;True;False;Distrito Tetuán;Madrid capital, Madrid;21.82;Piso
1090;piso;45;0;1;Segunda mano/buen estado;False;True;Distrito Tetuán;Madrid capital, Madrid;24.22;Piso
980;estudio;38;0;1;Segunda mano/buen estado;True;True;Distrito Tetuán;Madrid capital, Madrid;25.79;Piso
1500;estudio;90;0;1;Segunda mano/buen estado;True;True;Distrito Tetuán;Madrid capital, Madrid;16.67;Piso
1450;ático;69;2;2;Segunda mano/buen estado;True;True;Distrito Tetuán;Madrid capital, Madrid;21.01;Piso
890;estudio;36;0;1;Segunda mano/buen estado;False;False;Distrito Tetuán;Madrid capital, Madrid;24.72;Piso
1300;piso;40;0;1;Segunda mano/buen estado;False;True;Distrito Tetuán;Madrid capital, Madrid;32.5;Piso
1400;piso;80;2;1;Segunda mano/buen estado;True;True;Distrito Tetuán;Madrid capital, Madrid;17.5;Piso
1500;piso;60;0;1;Segunda mano/buen estado;True;True;Distrito Tetuán;Madrid capital, Madrid;25.0;Piso
1450;ático;60;2;1;Segunda mano/buen estado;True;True;Distrito Tetuán;Madrid capital, Madrid;24.17;Piso
3000;piso;120;0;2;Segunda mano/buen estado;True;True;Distrito Tetuán;Madrid capital, Madrid;25.0;Piso
900;estudio;30;0;1;Segunda mano/buen estado;True;False;Distrito Tetuán;Madrid capital, Madrid;30.0;Piso
1500;estudio;30;0;1;Segunda mano/buen estado;True;True;Distrito Tetuán;Madrid capital, Madrid;50.0;Piso
1200;piso;70;0;1;Segunda mano/buen estado;False;False;Distrito Tetuán;Madrid capital, Madrid;17.14;Piso
1000;estudio;50;0;1;Segunda mano/buen estado;False;True;Distrito Tetuán;Madrid capital, Madrid;20.0;Piso
1180;piso;30;0;1;Segunda mano/buen estado;False;False;Distrito Tetuán;Madrid capital, Madrid;39.33;Piso
1500;estudio;32;0;1;Segunda mano/buen estado;True;True;Distrito Tetuán;Madrid capital, Madrid;46.88;Piso
1500;piso;67;3;1;Segunda mano/buen estado;True;False;Distrito Tetuán;Madrid capital, Madrid;22.39;Piso
800;estudio;45;0;1;Segunda mano/buen estado;True;True;Distrito Tetuán;Madrid capital, Madrid;17.78;Piso
2100;piso;112;3;2;Segunda mano/buen estado;True;True;Distrito Tetuán;Madrid capital, Madrid;18.75;Piso
1300;piso;85;2;1;Segunda mano/buen estado;True;False;Distrito Tetuán;Madrid capital, Madrid;15.29;Piso
1000;piso;48;0;1;Segunda mano/buen estado;True;False;Distrito Tetuán;Madrid capital, Madrid;20.83;Piso
1600;piso;75;2;1;Segunda mano/buen estado;True;True;Distrito Tetuán;Madrid capital, Madrid;21.33;Piso
1800;piso;80;3;1;Segunda mano/buen estado;True;False;Distrito Tetuán;Madrid capital, Madrid;22.5;Piso
3000;piso;150;3;3;Segunda mano/buen estado;True;True;Distrito Tetuán;Madrid capital, Madrid;20.0;Piso
1900;dúplex;120;3;2;Segunda mano/buen estado;True;True;Distrito Tetuán;Madrid capital, Madrid;15.83;other
1150;piso;45;0;1;Segunda mano/buen estado;True;False;Distrito Tetuán;Madrid capital, Madrid;25.56;Piso
1350;piso;60;0;1;Segunda mano/buen estado;True;False;Distrito Tetuán;Madrid capital, Madrid;22.5;Piso
1900;dúplex;120;3;2;Segunda mano/buen estado;True;True;Distrito Tetuán;Madrid capital, Madrid;15.83;other
1250;piso;55;0;1;Segunda mano/buen estado;True;True;Distrito Tetuán;Madrid capital, Madrid;22.73;Piso
1500;piso;74;2;1;Segunda mano/buen estado;False;True;Distrito Tetuán;Madrid capital, Madrid;20.27;Piso
990;estudio;45;0;1;Segunda mano/buen estado;False;False;Distrito Tetuán;Madrid capital, Madrid;22.0;Piso
1200;piso;33;2;1;Segunda mano/buen estado;False;False;Distrito Tetuán;Madrid capital, Madrid;36.36;Piso
800;estudio;28;0;1;Segunda mano/buen estado;True;False;Distrito Tetuán;Madrid capital, Madrid;28.57;Piso
900;piso;35;0;1;Segunda mano/buen estado;False;True;Distrito Tetuán;Madrid capital, Madrid;25.71;Piso
1200;estudio;45;0;1;Segunda mano/buen estado;True;True;Distrito Tetuán;Madrid capital, Madrid;26.67;Piso
2500;piso;96;3;2;Segunda mano/buen estado;True;False;Distrito Tetuán;Madrid capital, Madrid;26.04;Piso
1500;piso;67;3;1;Segunda mano/buen estado;True;False;Distrito Tetuán;Madrid capital, Madrid;22.39;Piso
2500;chalet;174;6;4;Segunda mano/buen estado;False;False;Distrito Tetuán;Madrid capital, Madrid;14.37;other
1500;piso;60;0;1;Segunda mano/buen estado;True;True;Distrito Tetuán;Madrid capital, Madrid;25.0;Piso
1200;piso;45;2;2;Segunda mano/buen estado;True;True;Distrito Tetuán;Madrid capital, Madrid;26.67;Piso
2050;piso;95;3;1;Segunda mano/buen estado;True;False;Distrito Tetuán;Madrid capital, Madrid;21.58;Piso
2100;piso;100;2;2;Segunda mano/buen estado;True;True;Distrito Tetuán;Madrid capital, Madrid;21.0;Piso
1295;ático;65;2;1;Segunda mano/buen estado;False;True;Distrito Tetuán;Madrid capital, Madrid;19.92;Piso
1200;piso;46;0;1;Segunda mano/buen estado;True;True;Distrito Tetuán;Madrid capital, Madrid;26.09;Piso
1400;piso;60;0;1;Segunda mano/buen estado;True;True;Distrito Tetuán;Madrid capital, Madrid;23.33;Piso
1100;piso;60;2;1;Segunda mano/buen estado;True;False;Distrito Tetuán;Madrid capital, Madrid;18.33;Piso
1200;piso;50;0;1;Segunda mano/buen estado;False;False;Distrito Tetuán;Madrid capital, Madrid;24.0;Piso
1750;piso;75;2;2;Segunda mano/buen estado;True;True;Distrito Tetuán;Madrid capital, Madrid;23.33;Piso
1200;dúplex;60;0;1;Segunda mano/buen estado;True;True;Distrito Tetuán;Madrid capital, Madrid;20.0;other
1750;piso;78;2;1;Segunda mano/buen estado;True;True;Distrito Tetuán;Madrid capital, Madrid;22.44;Piso
1595;piso;80;3;1;Segunda mano/buen estado;True;False;Distrito Tetuán;Madrid capital, Madrid;19.94;Piso
1650;piso;110;4;2;Segunda mano/buen estado;True;False;Distrito Tetuán;Madrid capital, Madrid;15.0;Piso
1750;piso;74;0;1;Segunda mano/buen estado;True;True;Distrito Tetuán;Madrid capital, Madrid;23.65;Piso
1500;piso;70;2;1;Segunda mano/buen estado;False;True;Distrito Tetuán;Madrid capital, Madrid;21.43;Piso
790;piso;50;0;1;Segunda mano/buen estado;False;False;Distrito Villalba Pueblo;Collado Villalba;15.8;Piso
1300;piso;103;3;2;Segunda mano/buen estado;True;False;Distrito Parque de la Coruña - Las Suertes;Collado Villalba;12.62;Piso
950;piso;155;3;2;Segunda mano/buen estado;True;False;Distrito Dehesa - El Soto;Collado Villalba;6.13;Piso
1000;dúplex;100;2;2;Segunda mano/buen estado;False;False;Distrito Villalba Pueblo;Collado Villalba;10.0;other
850;piso;70;3;1;Segunda mano/buen estado;True;False;Distrito Los Negrales;Collado Villalba;12.14;Piso
750;piso;54;0;1;Segunda mano/buen estado;True;False;Distrito Villalba Estación;Collado Villalba;13.89;Piso
850;piso;70;2;1;Segunda mano/buen estado;True;False;Distrito Dehesa - El Soto;Collado Villalba;12.14;Piso
750;piso;35;0;1;Segunda mano/buen estado;False;False;Distrito Parque de la Coruña - Las Suertes;Collado Villalba;21.43;Piso
850;piso;75;2;1;Segunda mano/buen estado;True;False;Distrito Carlos Ruiz;Collado Villalba;11.33;Piso
1200;piso;144;0;1;Segunda mano/buen estado;False;False;Distrito Villalba Estación;Collado Villalba;8.33;Piso
3700;casa;280;6;4;Segunda mano/buen estado;False;False;Distrito Villalba Pueblo;Collado Villalba;13.21;other
1100;piso;80;2;1;Segunda mano/buen estado;False;False;Distrito Villalba Pueblo;Collado Villalba;13.75;Piso
1100;piso;80;2;2;Segunda mano/buen estado;True;True;Distrito Villalba Estación;Collado Villalba;13.75;Piso
1000;piso;90;3;1;Segunda mano/buen estado;False;False;Distrito Villalba Pueblo;Collado Villalba;11.11;Piso
895;dúplex;72;2;1;Segunda mano/buen estado;True;True;Distrito Villalba Estación;Collado Villalba;12.43;other
850;piso;66;2;1;Segunda mano/buen estado;False;False;Distrito Los Negrales;Collado Villalba;12.88;Piso
1150;ático;60;2;2;Segunda mano/buen estado;True;True;Distrito Villalba Pueblo;Collado Villalba;19.17;Piso
1250;piso;90;3;1;Segunda mano/buen estado;False;False;Distrito Dehesa - El Soto;Collado Villalba;13.89;Piso
1600;piso;125;3;2;Segunda mano/buen estado;False;False;Distrito Parque de la Coruña - Las Suertes;Collado Villalba;12.8;Piso
1200;piso;99;3;2;Segunda mano/buen estado;False;False;Distrito Fontenebro - Altavista;Collado Villalba;12.12;Piso
1050;piso;89;2;1;Segunda mano/buen estado;True;True;Distrito Villalba Pueblo;Collado Villalba;11.8;Piso
1100;piso;97;3;2;Segunda mano/buen estado;True;False;Distrito Los Valles;Collado Villalba;11.34;Piso
1550;casa;157;3;2;Segunda mano/buen estado;True;False;Distrito Parque de la Coruña - Las Suertes;Collado Villalba;9.87;other
850;piso;52;0;1;Segunda mano/buen estado;True;False;Distrito Villalba Pueblo;Collado Villalba;16.35;Piso
1200;piso;100;3;2;Segunda mano/buen estado;False;False;Distrito Fontenebro - Altavista;Collado Villalba;12.0;Piso
820;piso;50;0;1;Segunda mano/buen estado;True;True;Distrito Villalba Estación;Collado Villalba;16.4;Piso
1180;piso;95;3;1;Segunda mano/buen estado;True;False;Distrito Villalba Estación;Collado Villalba;12.42;Piso
720;piso;50;0;1;Segunda mano/buen estado;True;False;Distrito Villalba Estación;Collado Villalba;14.4;Piso
1000;piso;75;2;1;Segunda mano/buen estado;True;False;Distrito Villalba Estación;Collado Villalba;13.33;Piso
650;estudio;32;0;1;Segunda mano/buen estado;True;False;Distrito Parque de la Coruña - Las Suertes;Collado Villalba;20.31;Piso
800;piso;50;0;1;Segunda mano/buen estado;True;False;Distrito Carlos Ruiz;Collado Villalba;16.0;Piso
950;estudio;60;0;1;Segunda mano/buen estado;False;True;Distrito Carlos Ruiz;Collado Villalba;15.83;Piso
1600;estudio;100;0;2;Segunda mano/buen estado;True;False;Distrito Villanueva de la Cañada;Villanueva de la Cañada;16.0;Piso
1250;piso;69;2;1;Segunda mano/buen estado;True;True;Distrito Villanueva de la Cañada;Villanueva de la Cañada;18.12;Piso
1100;estudio;41;0;1;Segunda mano/buen estado;True;False;Distrito Villanueva de la Cañada;Villanueva de la Cañada;26.83;Piso
2500;casa;290;6;4;Segunda mano/buen estado;False;True;Distrito Villanueva de la Cañada;Villanueva de la Cañada;8.62;other
1250;estudio;44;0;1;Segunda mano/buen estado;True;False;Distrito Villanueva de la Cañada;Villanueva de la Cañada;28.41;Piso
1125;piso;70;2;2;Segunda mano/buen estado;True;False;Distrito Villanueva de la Cañada;Villanueva de la Cañada;16.07;Piso
1150;estudio;37;0;1;Segunda mano/buen estado;True;True;Distrito Villanueva de la Cañada;Villanueva de la Cañada;31.08;Piso
1100;estudio;45;0;1;Segunda mano/buen estado;True;False;Distrito Villanueva de la Cañada;Villanueva de la Cañada;24.44;Piso
1300;piso;100;2;2;Segunda mano/buen estado;True;True;Distrito Villanueva de la Cañada;Villanueva de la Cañada;13.0;Piso
650;estudio;20;0;1;Segunda mano/buen estado;True;False;Distrito Villanueva de la Cañada;Villanueva de la Cañada;32.5;Piso
1590;piso;86;2;1;Segunda mano/buen estado;True;True;Distrito Villanueva de la Cañada;;18.49;Piso
950;piso;30;0;1;Segunda mano/buen estado;True;False;Distrito Villanueva de la Cañada;;31.67;Piso
1750;piso;84;2;2;Segunda mano/buen estado;True;False;Distrito Villanueva de la Cañada;Villanueva de la Cañada;20.83;Piso
4100;casa;642;5;6;Segunda mano/buen estado;True;False;Distrito Villafranca del Castillo;Villanueva de la Cañada;6.39;other
1200;piso;50;0;1;Segunda mano/buen estado;False;True;Distrito Villanueva de la Cañada;Villanueva de la Cañada;24.0;Piso
1200;estudio;50;0;1;Segunda mano/buen estado;False;True;Distrito Villanueva de la Cañada;Villanueva de la Cañada;24.0;Piso
950;estudio;100;0;2;Segunda mano/buen estado;True;True;Distrito Raya del Palancar - Guadamonte;Villanueva de la Cañada;9.5;Piso
975;piso;50;0;1;Segunda mano/buen estado;True;False;Distrito Villanueva de la Cañada;Villanueva de la Cañada;19.5;Piso
2000;casa;198;4;4;Segunda mano/buen estado;False;False;Distrito Raya del Palancar - Guadamonte;Villanueva de la Cañada;10.1;other
1000;estudio;30;0;1;Segunda mano/buen estado;False;True;Distrito Villanueva de la Cañada;Villanueva de la Cañada;33.33;Piso
1150;piso;75;0;1;Segunda mano/buen estado;True;False;Distrito Villanueva de la Cañada;Villanueva de la Cañada;15.33;Piso
1250;piso;35;0;1;Segunda mano/buen estado;False;True;Distrito Villanueva de la Cañada;Villanueva de la Cañada;35.71;Piso
1450;piso;60;0;1;Segunda mano/buen estado;False;True;Distrito Villanueva de la Cañada;Villanueva de la Cañada;24.17;Piso
850;piso;40;0;1;Segunda mano/buen estado;False;False;Distrito Villanueva de la Cañada;Villanueva de la Cañada;21.25;Piso
1300;piso;60;0;2;Segunda mano/buen estado;False;True;Distrito Villanueva de la Cañada;Villanueva de la Cañada;21.67;Piso
1450;piso;80;2;2;Segunda mano/buen estado;True;True;Distrito Villanueva de la Cañada;Villanueva de la Cañada;18.12;Piso
2500;casa;290;5;4;Segunda mano/buen estado;True;True;Distrito Villanueva de la Cañada;Villanueva de la Cañada;8.62;other
1100;piso;70;2;2;Segunda mano/buen estado;True;False;Distrito Villanueva de la Cañada;Villanueva de la Cañada;15.71;Piso
2300;piso;80;3;2;Segunda mano/buen estado;False;False;Distrito Villanueva de la Cañada;Villanueva de la Cañada;28.75;Piso
1200;chalet;63;0;1;Segunda mano/buen estado;True;True;Distrito Villanueva de la Cañada;Villanueva de la Cañada;19.05;other
1200;chalet;63;0;1;Segunda mano/buen estado;True;True;Distrito Villanueva de la Cañada;Villanueva de la Cañada;19.05;other
3300;chalet;330;5;4;Segunda mano/buen estado;False;True;Distrito Villanueva de la Cañada;;10.0;other
1300;piso;95;2;2;Segunda mano/buen estado;True;False;Distrito Villanueva de la Cañada;Villanueva de la Cañada;13.68;Piso
1200;piso;60;2;1;Segunda mano/buen estado;True;False;Distrito Villanueva de la Cañada;Villanueva de la Cañada;20.0;Piso
1100;estudio;55;0;1;Segunda mano/buen estado;True;True;Distrito Raya del Palancar - Guadamonte;Villanueva de la Cañada;20.0;Piso
2800;chalet;278;5;3;Segunda mano/buen estado;True;False;Distrito Villanueva de la Cañada;Villanueva de la Cañada;10.07;other
3000;casa;240;3;3;Segunda mano/buen estado;True;True;Distrito Raya del Palancar - Guadamonte;Villanueva de la Cañada;12.5;other
2600;chalet;240;4;3;Segunda mano/buen estado;True;True;Distrito Villanueva de la Cañada;Villanueva de la Cañada;10.83;other
1200;piso;42;0;1;Segunda mano/buen estado;True;False;Distrito Villanueva de la Cañada;Villanueva de la Cañada;28.57;Piso
825;piso;22;0;1;Segunda mano/buen estado;True;False;Distrito Villanueva de la Cañada;;37.5;Piso
1000;estudio;45;0;1;Segunda mano/buen estado;False;True;Distrito Villanueva de la Cañada;Villanueva de la Cañada;22.22;Piso
1600;piso;100;2;2;Segunda mano/buen estado;True;True;Distrito Villanueva de la Cañada;Villanueva de la Cañada;16.0;Piso
2600;chalet;207;4;3;Segunda mano/buen estado;True;True;Distrito Villanueva de la Cañada;Villanueva de la Cañada;12.56;other
2900;chalet;230;5;3;Segunda mano/buen estado;True;False;Distrito Villanueva de la Cañada;Villanueva de la Cañada;12.61;other
1800;piso;84;3;1;Segunda mano/buen estado;True;False;Distrito Villanueva de la Cañada;;21.43;Piso
1100;estudio;70;0;1;Segunda mano/buen estado;True;False;Distrito Villanueva de la Cañada;Villanueva de la Cañada;15.71;Piso
1150;piso;50;0;1;Segunda mano/buen estado;True;True;Distrito Villanueva de la Cañada;;23.0;Piso
3950;casa;511;4;4;Segunda mano/buen estado;True;True;Distrito Villafranca del Castillo;Villanueva de la Cañada;7.73;other
800;estudio;24;0;1;Segunda mano/buen estado;False;False;Distrito Villanueva de la Cañada;Villanueva de la Cañada;33.33;Piso
1550;piso;75;2;2;Segunda mano/buen estado;True;False;Distrito Villanueva de la Cañada;Villanueva de la Cañada;20.67;Piso
950;estudio;31;0;1;Segunda mano/buen estado;True;False;Distrito Villanueva de la Cañada;Villanueva de la Cañada;30.65;Piso
1350;piso;55;0;1;Segunda mano/buen estado;True;True;Distrito Villanueva de la Cañada;Villanueva de la Cañada;24.55;Piso
1590;piso;85;2;2;Segunda mano/buen estado;True;False;Distrito Villanueva de la Cañada;;18.71;Piso
900;piso;35;0;1;Segunda mano/buen estado;False;False;Distrito Raya del Palancar - Guadamonte;Villanueva de la Cañada;25.71;Piso
1250;piso;57;0;1;Segunda mano/buen estado;True;False;Distrito Villanueva de la Cañada;Villanueva de la Cañada;21.93;Piso
1250;estudio;35;0;1;Segunda mano/buen estado;True;True;Distrito Villanueva de la Cañada;Villanueva de la Cañada;35.71;Piso
1400;piso;65;2;1;Segunda mano/buen estado;False;True;Distrito Villanueva de la Cañada;;21.54;Piso
1500;chalet;320;10;6;Segunda mano/buen estado;True;True;Distrito Villanueva de la Cañada;Villanueva de la Cañada;4.69;other
1450;piso;55;0;1;Segunda mano/buen estado;True;True;Distrito Villanueva de la Cañada;Villanueva de la Cañada;26.36;Piso
1590;piso;85;2;1;Segunda mano/buen estado;True;True;Distrito Villanueva de la Cañada;Villanueva de la Cañada;18.71;Piso
1150;piso;40;0;1;Segunda mano/buen estado;True;True;Distrito Villanueva de la Cañada;;28.75;Piso
1100;piso;50;0;1;Segunda mano/buen estado;True;False;Distrito Villanueva de la Cañada;;22.0;Piso
1590;piso;85;2;1;Segunda mano/buen estado;True;True;Distrito Villanueva de la Cañada;Villanueva de la Cañada;18.71;Piso
2500;chalet;290;5;4;Segunda mano/buen estado;True;False;Distrito Villanueva de la Cañada;;8.62;other
1100;piso;60;0;1;Segunda mano/buen estado;True;False;Distrito Villanueva de la Cañada;Villanueva de la Cañada;18.33;Piso
900;estudio;22;0;1;Segunda mano/buen estado;True;False;Distrito Villanueva de la Cañada;Villanueva de la Cañada;40.91;Piso
1380;piso;70;0;1;Segunda mano/buen estado;True;True;Distrito Villanueva de la Cañada;Villanueva de la Cañada;19.71;Piso
1000;estudio;45;0;1;Segunda mano/buen estado;True;True;Distrito Villanueva de la Cañada;Villanueva de la Cañada;22.22;Piso
1900;piso;90;3;2;Segunda mano/buen estado;False;True;Distrito Villanueva de la Cañada;Villanueva de la Cañada;21.11;Piso
4500;casa;370;5;6;Segunda mano/buen estado;True;False;Distrito Villafranca del Castillo;Villanueva de la Cañada;12.16;other
1600;piso;78;2;1;Segunda mano/buen estado;True;True;Distrito Villanueva de la Cañada;;20.51;Piso
1100;piso;37;0;1;Segunda mano/buen estado;True;False;Distrito Villanueva de la Cañada;;29.73;Piso
1100;estudio;35;0;1;Segunda mano/buen estado;False;False;Distrito Villanueva de la Cañada;Villanueva de la Cañada;31.43;Piso
1200;estudio;46;0;1;Segunda mano/buen estado;False;True;Distrito Villanueva de la Cañada;;26.09;Piso
950;estudio;30;0;1;Segunda mano/buen estado;False;False;Distrito Villanueva de la Cañada;;31.67;Piso
1300;estudio;30;0;1;Segunda mano/buen estado;True;True;Distrito Villanueva de la Cañada;;43.33;Piso
1500;piso;131;3;2;Segunda mano/buen estado;True;True;Distrito Villanueva de la Cañada;Villanueva de la Cañada;11.45;Piso
1600;piso;86;2;1;Segunda mano/buen estado;True;True;Distrito Villanueva de la Cañada;;18.6;Piso
900;estudio;35;0;1;Segunda mano/buen estado;False;False;Distrito Villanueva de la Cañada;Villanueva de la Cañada;25.71;Piso
900;estudio;22;0;1;Segunda mano/buen estado;True;False;Distrito Villanueva de la Cañada;;40.91;Piso
1150;piso;50;0;1;Segunda mano/buen estado;True;True;Distrito Villanueva de la Cañada;;23.0;Piso
3675;chalet;236;6;4;Segunda mano/buen estado;True;False;Distrito Villanueva de la Cañada;;15.57;other
1100;piso;50;0;1;Segunda mano/buen estado;True;True;Distrito Villanueva de la Cañada;;22.0;Piso
1800;casa;66;2;2;Segunda mano/buen estado;False;True;Distrito Villanueva de la Cañada;Villanueva de la Cañada;27.27;other
1000;estudio;40;0;1;Segunda mano/buen estado;True;True;Distrito Villanueva de la Cañada;;25.0;Piso
940;ático;66;0;1;Segunda mano/buen estado;True;True;Distrito Villanueva de la Cañada;Villanueva de la Cañada;14.24;Piso
1500;piso;65;0;1;Segunda mano/buen estado;True;False;Distrito Villanueva de la Cañada;Villanueva de la Cañada;23.08;Piso
975;piso;60;0;1;Segunda mano/buen estado;False;False;Distrito Villanueva de la Cañada;Villanueva de la Cañada;16.25;Piso
1200;piso;70;0;1;Segunda mano/buen estado;True;False;Distrito Villanueva de la Cañada;;17.14;Piso
1300;piso;65;0;1;Segunda mano/buen estado;True;True;Distrito Villanueva de la Cañada;Villanueva de la Cañada;20.0;Piso
1450;piso;99;2;2;Segunda mano/buen estado;False;False;Distrito Villanueva de la Cañada;;14.65;Piso
1750;piso;69;2;1;Segunda mano/buen estado;False;False;Distrito Villanueva de la Cañada;Villanueva de la Cañada;25.36;Piso
1500;piso;105;3;2;Segunda mano/buen estado;True;False;Distrito Miramadrid;Paracuellos de Jarama;14.29;Piso
1750;piso;91;3;2;Segunda mano/buen estado;True;False;Distrito Arroyo de la Vega;La Moraleja;19.23;Piso
850;piso;75;2;1;Segunda mano/buen estado;True;False;;Pedrezuela;11.33;Piso
1800;piso;120;3;2;Segunda mano/buen estado;True;True;Distrito Sta. Bárbara-La Zaporra;San Sebastián de los Reyes;15.0;Piso
800;estudio;40;0;1;Segunda mano/buen estado;False;True;Distrito Pol. Industrial norte;San Sebastián de los Reyes;20.0;Piso
1150;piso;89;2;1;Segunda mano/buen estado;True;True;Distrito Alcobendas Centro;Alcobendas;12.92;Piso
2400;piso;142;3;2;Segunda mano/buen estado;True;True;Distrito Vega de la Moraleja;San Sebastián de los Reyes;16.9;Piso
1650;casa;237;4;2;Segunda mano/buen estado;True;False;;Valdetorres de Jarama;6.96;other
945;piso;67;2;2;Segunda mano/buen estado;True;False;Distrito San Crispín - La Estación Consorcio;Colmenar Viejo;14.1;Piso
5700;chalet;371;5;5;Segunda mano/buen estado;False;True;Distrito Encinar de los Reyes;La Moraleja;15.36;other
5700;chalet;370;5;5;Segunda mano/buen estado;True;True;Distrito Encinar de los Reyes;La Moraleja;15.41;other
6500;chalet;375;5;6;Segunda mano/buen estado;False;True;Distrito Encinar de los Reyes;La Moraleja;17.33;other
1050;piso;48;0;1;Segunda mano/buen estado;False;False;Distrito Centro Urbano;San Sebastián de los Reyes;21.88;Piso
1285;piso;91;3;2;Segunda mano/buen estado;True;False;Distrito Praderón;San Sebastián de los Reyes;14.12;Piso
1500;piso;80;2;2;Segunda mano/buen estado;True;False;Distrito Dehesa Vieja-Puente Cultural;San Sebastián de los Reyes;18.75;Piso
4000;piso;200;4;4;Segunda mano/buen estado;True;True;Distrito Encinar de los Reyes;La Moraleja;20.0;Piso
1850;piso;105;3;2;Segunda mano/buen estado;True;True;Distrito Pol. Industrial sur;San Sebastián de los Reyes;17.62;Piso
2900;piso;130;3;2;Segunda mano/buen estado;True;True;Distrito Encinar de los Reyes;La Moraleja;22.31;Piso
800;estudio;24;0;1;Segunda mano/buen estado;False;True;Distrito Pol. Industrial norte;San Sebastián de los Reyes;33.33;Piso
1440;piso;73;2;2;Segunda mano/buen estado;True;False;Distrito Arroyo de la Vega;La Moraleja;19.73;Piso
1350;dúplex;73;0;2;Segunda mano/buen estado;True;True;Distrito Valdelacasa;Alcobendas;18.49;other
1250;dúplex;78;0;1;Segunda mano/buen estado;True;True;Distrito Pol. Industrial sur;San Sebastián de los Reyes;16.03;other
2000;chalet;170;4;3;Segunda mano/buen estado;True;True;Distrito Rosa Luxemburgo;San Sebastián de los Reyes;11.76;other
1300;piso;63;0;1;Segunda mano/buen estado;True;False;Distrito Pol. Industrial sur;San Sebastián de los Reyes;20.63;Piso
2500;piso;95;2;2;Segunda mano/buen estado;True;True;Distrito El Soto de la Moraleja;La Moraleja;26.32;Piso
3500;piso;160;3;2;Segunda mano/buen estado;True;True;Distrito La Moraleja urbanización;La Moraleja;21.88;Piso
2500;casa;460;4;4;Segunda mano/buen estado;True;False;Distrito San Crispín - La Estación Consorcio;Colmenar Viejo;5.43;other
4200;piso;300;5;4;Segunda mano/buen estado;False;True;Distrito El Soto de la Moraleja;La Moraleja;14.0;Piso
950;estudio;36;0;1;Segunda mano/buen estado;False;True;Distrito Pol. Industrial norte;San Sebastián de los Reyes;26.39;Piso
1100;estudio;30;0;1;Segunda mano/buen estado;False;True;Distrito Pol. Industrial norte;San Sebastián de los Reyes;36.67;Piso
1300;piso;70;2;1;Segunda mano/buen estado;True;False;Distrito Primera Fase - Nuevo Tres Cantos;Tres Cantos;18.57;Piso
5000;casa;580;7;6;Segunda mano/buen estado;False;True;;Ciudalcampo;8.62;other
775;dúplex;80;2;2;Segunda mano/buen estado;True;True;;Talamanca de Jarama;9.69;other
5500;piso;277;6;4;Segunda mano/buen estado;True;True;Distrito El Soto de la Moraleja;La Moraleja;19.86;Piso
900;piso;53;0;1;Segunda mano/buen estado;True;False;Distrito Centro Urbano;San Sebastián de los Reyes;16.98;Piso
3980;piso;295;4;4;Segunda mano/buen estado;True;True;Distrito El Soto de la Moraleja;La Moraleja;13.49;Piso
1900;piso;143;4;2;Segunda mano/buen estado;True;True;Distrito Vega de la Moraleja;San Sebastián de los Reyes;13.29;Piso
7500;casa;498;6;5;Segunda mano/buen estado;True;True;;;15.06;other
1250;piso;93;2;2;Segunda mano/buen estado;True;True;;San Agustin de Guadalix;13.44;Piso
4000;piso;210;4;4;Segunda mano/buen estado;False;True;Distrito Encinar de los Reyes;La Moraleja;19.05;Piso
5700;chalet;371;5;5;Segunda mano/buen estado;True;True;Distrito Encinar de los Reyes;La Moraleja;15.36;other
4850;chalet;320;4;4;Segunda mano/buen estado;True;True;Distrito Encinar de los Reyes;La Moraleja;15.16;other
950;dúplex;65;0;2;Segunda mano/buen estado;True;True;Distrito Centro Urbano;San Sebastián de los Reyes;14.62;other
2300;piso;133;2;2;Segunda mano/buen estado;False;True;Distrito Arroyo de la Vega;La Moraleja;17.29;Piso
850;dúplex;65;2;1;Segunda mano/buen estado;True;True;;Fuente el Saz de Jarama;13.08;other
4900;casa;479;7;6;Segunda mano/buen estado;True;True;;Ciudalcampo;10.23;other
890;piso;103;3;2;Segunda mano/buen estado;False;False;;Miraflores de la Sierra;8.64;Piso
5900;ático;400;4;5;Segunda mano/buen estado;True;True;Distrito La Moraleja urbanización;La Moraleja;14.75;Piso
1200;ático;100;2;2;Segunda mano/buen estado;True;False;Distrito San Crispín - La Estación Consorcio;Colmenar Viejo;12.0;Piso
2000;piso;153;3;2;Segunda mano/buen estado;False;True;Distrito Ensanche;Alcobendas;13.07;Piso
1250;piso;97;3;2;Segunda mano/buen estado;False;False;Distrito Las Vegas - El Pozanco - Adelfillas;Colmenar Viejo;12.89;Piso
3600;piso;187;4;4;Segunda mano/buen estado;False;True;Distrito Encinar de los Reyes;La Moraleja;19.25;Piso
5700;chalet;370;5;5;Segunda mano/buen estado;False;True;Distrito Encinar de los Reyes;La Moraleja;15.41;other
1260;piso;49;0;1;Segunda mano/buen estado;True;False;Distrito Arroyo de la Vega;La Moraleja;25.71;Piso
1900;casa;229;4;3;Segunda mano/buen estado;False;True;Distrito Zona Estación- Centro;Tres Cantos;8.3;other
1100;piso;59;0;1;Segunda mano/buen estado;True;True;Distrito Pol. Industrial norte;San Sebastián de los Reyes;18.64;Piso
1290;piso;95;3;2;Segunda mano/buen estado;False;True;Distrito Zona Estación- Centro;Tres Cantos;13.58;Piso
800;estudio;35;0;1;Segunda mano/buen estado;False;True;Distrito Pol. Industrial norte;San Sebastián de los Reyes;22.86;Piso
2950;piso;165;4;3;Segunda mano/buen estado;True;True;Distrito Norte;Alcobendas;17.88;Piso
1280;estudio;29;0;1;Segunda mano/buen estado;False;True;Distrito Pol. Industrial norte;San Sebastián de los Reyes;44.14;Piso
750;estudio;34;0;1;Segunda mano/buen estado;False;True;Distrito Ensanche;Alcobendas;22.06;Piso
1280;estudio;29;0;1;Segunda mano/buen estado;False;True;Distrito Pol. Industrial norte;San Sebastián de los Reyes;44.14;Piso
7200;chalet;328;5;5;Segunda mano/buen estado;True;True;Distrito Encinar de los Reyes;La Moraleja;21.95;other
965;piso;67;2;2;Segunda mano/buen estado;True;False;Distrito San Crispín - La Estación Consorcio;Colmenar Viejo;14.4;Piso
1100;dúplex;65;0;1;Segunda mano/buen estado;True;True;Distrito Valdelacasa;Alcobendas;16.92;other
1045;piso;72;2;1;Segunda mano/buen estado;True;False;Distrito San Crispín - La Estación Consorcio;Colmenar Viejo;14.51;Piso
1100;piso;91;3;2;Segunda mano/buen estado;True;True;Distrito Los Arcos - El Vivero;Colmenar Viejo;12.09;Piso
1055;piso;83;2;2;Segunda mano/buen estado;True;False;Distrito Las Vegas - El Pozanco - Adelfillas;Colmenar Viejo;12.71;Piso
695;estudio;30;0;1;Segunda mano/buen estado;False;True;Distrito Centro Urbano;San Sebastián de los Reyes;23.17;Piso
800;estudio;35;0;1;Segunda mano/buen estado;False;True;Distrito Pol. Industrial norte;San Sebastián de los Reyes;22.86;Piso
1190;piso;90;2;1;Segunda mano/buen estado;True;True;Distrito Vega de la Moraleja;San Sebastián de los Reyes;13.22;Piso
20000;casa;600;5;6;Segunda mano/buen estado;True;True;;Ciudalcampo;33.33;other
1089;estudio;70;0;1;Segunda mano/buen estado;False;True;Distrito Valdelacasa;Alcobendas;15.56;Piso
1000;casa;85;2;2;Segunda mano/buen estado;True;True;Distrito Casco Urbano;Paracuellos de Jarama;11.76;other
5000;piso;265;4;5;Segunda mano/buen estado;True;True;Distrito El Soto de la Moraleja;La Moraleja;18.87;Piso
2095;piso;113;3;1;Segunda mano/buen estado;True;False;Distrito Vega de la Moraleja;San Sebastián de los Reyes;18.54;Piso
2000;chalet;210;3;3;Segunda mano/buen estado;True;False;;Club de Campo;9.52;other
1215;piso;50;2;1;Segunda mano/buen estado;False;False;Distrito Centro Urbano;San Sebastián de los Reyes;24.3;Piso
1300;piso;122;2;2;Segunda mano/buen estado;True;True;Distrito Vega de la Moraleja;San Sebastián de los Reyes;10.66;Piso
5400;dúplex;350;6;5;Segunda mano/buen estado;True;True;Distrito El Soto de la Moraleja;La Moraleja;15.43;other
1600;piso;88;2;3;Segunda mano/buen estado;True;True;Distrito Vega de la Moraleja;San Sebastián de los Reyes;18.18;Piso
2900;chalet;290;5;4;Segunda mano/buen estado;True;False;;;10.0;other
1450;dúplex;65;2;2;Segunda mano/buen estado;True;True;Distrito Pol. Industrial norte;San Sebastián de los Reyes;22.31;other
750;estudio;65;0;1;Segunda mano/buen estado;True;False;;Buitrago del Lozoya;11.54;Piso
1200;piso;110;3;2;Segunda mano/buen estado;False;True;Distrito Residencial Jarama;Paracuellos de Jarama;10.91;Piso
890;estudio;46;0;1;Segunda mano/buen estado;False;True;Distrito Pol. Industrial norte;San Sebastián de los Reyes;19.35;Piso
1100;piso;77;0;1;Segunda mano/buen estado;False;True;Distrito Pol. Industrial norte;San Sebastián de los Reyes;14.29;Piso
790;piso;32;0;1;Segunda mano/buen estado;False;False;Distrito El Olivar - La Magdalena;Colmenar Viejo;24.69;Piso
3500;piso;190;3;3;Segunda mano/buen estado;True;True;Distrito La Moraleja urbanización;La Moraleja;18.42;Piso
1850;piso;150;4;2;Segunda mano/buen estado;True;True;Distrito Primera Fase - Nuevo Tres Cantos;Tres Cantos;12.33;Piso
850;estudio;70;0;1;Segunda mano/buen estado;False;True;Distrito Zona Industrial;Tres Cantos;12.14;Piso
2000;chalet;275;4;2;Segunda mano/buen estado;True;False;Distrito Santa Teresa;Colmenar Viejo;7.27;other
4200;piso;165;4;4;Segunda mano/buen estado;True;True;Distrito La Moraleja urbanización;La Moraleja;25.45;Piso
775;piso;67;0;1;Segunda mano/buen estado;True;True;Distrito Alcobendas Centro;Alcobendas;11.57;Piso
780;piso;65;2;1;Segunda mano/buen estado;True;False;;;12.0;Piso
4600;chalet;300;4;2;Segunda mano/buen estado;False;False;Distrito El Soto de la Moraleja;La Moraleja;15.33;other
35000;casa;1;7;7;Segunda mano/buen estado;True;True;Distrito La Moraleja urbanización;La Moraleja;35000.0;other
1350;piso;131;4;2;Segunda mano/buen estado;True;True;Distrito Parque Tecnológico;Tres Cantos;10.31;Piso
5985;casa;300;5;5;Segunda mano/buen estado;True;True;Distrito Encinar de los Reyes;La Moraleja;19.95;other
900;estudio;42;0;1;Segunda mano/buen estado;False;True;Distrito Pol. Industrial norte;San Sebastián de los Reyes;21.43;Piso
2850;piso;180;3;3;Segunda mano/buen estado;True;True;Distrito Arroyo de la Vega;La Moraleja;15.83;Piso
2100;chalet;280;5;3;Segunda mano/buen estado;True;False;Distrito Segunda Fase;Tres Cantos;7.5;other
1495;piso;108;3;2;Segunda mano/buen estado;True;True;Distrito Centro Urbano;San Sebastián de los Reyes;13.84;Piso
950;piso;90;2;1;Segunda mano/buen estado;False;False;Distrito El Mirador;Colmenar Viejo;10.56;Piso
1200;ático;92;2;2;Segunda mano/buen estado;True;False;Distrito San Andrés;Colmenar Viejo;13.04;Piso
800;piso;80;2;2;Segunda mano/buen estado;True;True;Distrito Centro;Colmenar Viejo;10.0;Piso
5200;casa;388;5;4;Segunda mano/buen estado;True;True;;Valdelagua;13.4;other
675;piso;61;2;1;Segunda mano/buen estado;False;False;Distrito El Cerrillo;Colmenar Viejo;11.07;Piso
1950;chalet;280;5;3;Segunda mano/buen estado;True;True;;San Agustin de Guadalix;6.96;other
6500;casa;547;6;8;Segunda mano/buen estado;True;True;;;11.88;other
1950;piso;175;3;2;Segunda mano/buen estado;True;True;Distrito Primera Fase - Nuevo Tres Cantos;Tres Cantos;11.14;Piso
975;dúplex;60;0;1;Segunda mano/buen estado;True;True;;Cobeña;16.25;other
950;dúplex;50;0;2;Segunda mano/buen estado;True;True;;Club de Campo;19.0;other
1100;estudio;61;0;1;Segunda mano/buen estado;True;True;Distrito Pol. Industrial sur;San Sebastián de los Reyes;18.03;Piso
1700;piso;114;3;2;Segunda mano/buen estado;True;False;Distrito Primera Fase - Nuevo Tres Cantos;Tres Cantos;14.91;Piso
1806;piso;50;2;1;;False;True;Distrito Valdelacasa;Alcobendas;36.12;Piso
970;estudio;25;0;1;;False;True;Distrito Valdelacasa;Alcobendas;38.8;Piso
1322;piso;35;0;1;;False;True;Distrito Valdelacasa;Alcobendas;37.77;Piso
1145;estudio;21;0;1;;False;False;Distrito Valdelacasa;Alcobendas;54.52;Piso
2500;piso;206;3;3;Segunda mano/buen estado;False;True;Distrito Encinar de los Reyes;La Moraleja;12.14;Piso
1000;dúplex;77;0;1;Segunda mano/buen estado;True;True;Distrito Pol. Industrial norte;San Sebastián de los Reyes;12.99;other
3000;piso;160;3;2;Segunda mano/buen estado;True;True;Distrito Arroyo de la Vega;La Moraleja;18.75;Piso
1926;piso;50;2;2;;False;True;Distrito Valdelacasa;Alcobendas;38.52;Piso
3500;piso;200;4;3;Segunda mano/buen estado;False;True;Distrito Arroyo de la Vega;La Moraleja;17.5;Piso
8500;casa;760;7;7;Segunda mano/buen estado;False;False;;Fuente del Fresno;11.18;other
1800;piso;105;3;3;Segunda mano/buen estado;True;True;Distrito Pol. Industrial sur;San Sebastián de los Reyes;17.14;Piso
1265;piso;76;0;1;Segunda mano/buen estado;True;True;;Santo Domingo;16.64;Piso
14000;casa;340;5;5;Segunda mano/buen estado;False;True;Distrito La Moraleja urbanización;La Moraleja;41.18;other
868;estudio;25;0;1;;False;False;Distrito Pol. Industrial sur;San Sebastián de los Reyes;34.72;Piso
5300;casa;461;6;6;Segunda mano/buen estado;True;False;;Santo Domingo;11.5;other
1350;piso;73;0;2;Segunda mano/buen estado;True;True;Distrito Valdelacasa;Alcobendas;18.49;Piso
7200;chalet;328;5;5;Segunda mano/buen estado;True;True;Distrito Encinar de los Reyes;La Moraleja;21.95;other
1317;piso;37;0;1;;False;False;Distrito Pol. Industrial sur;San Sebastián de los Reyes;35.59;Piso
4300;chalet;239;4;4;Segunda mano/buen estado;True;True;Distrito Encinar de los Reyes;La Moraleja;17.99;other
3750;chalet;345;5;5;Segunda mano/buen estado;True;True;Distrito Dehesa Vieja-Puente Cultural;San Sebastián de los Reyes;10.87;other
2245;piso;113;3;2;Segunda mano/buen estado;False;True;Distrito Vega de la Moraleja;San Sebastián de los Reyes;19.87;Piso
3500;piso;176;3;3;Segunda mano/buen estado;False;False;Distrito Encinar de los Reyes;La Moraleja;19.89;Piso
1613;piso;53;2;2;;False;False;Distrito Pol. Industrial sur;San Sebastián de los Reyes;30.43;Piso
3200;dúplex;188;3;3;Segunda mano/buen estado;True;True;Distrito La Moraleja urbanización;La Moraleja;17.02;other
5900;ático;350;3;3;Segunda mano/buen estado;True;True;Distrito Encinar de los Reyes;La Moraleja;16.86;Piso
1700;piso;101;2;2;;True;True;Distrito Vega de la Moraleja;San Sebastián de los Reyes;16.83;Piso
2245;ático;109;3;2;;True;True;Distrito Vega de la Moraleja;San Sebastián de los Reyes;20.6;Piso
2345;ático;109;3;2;;True;True;Distrito Vega de la Moraleja;San Sebastián de los Reyes;21.51;Piso
2900;piso;160;3;2;Segunda mano/buen estado;False;True;Distrito Encinar de los Reyes;La Moraleja;18.12;Piso
1750;piso;107;2;2;;True;True;Distrito Vega de la Moraleja;San Sebastián de los Reyes;16.36;Piso
1400;piso;30;0;1;;False;False;Distrito Valdelacasa;Alcobendas;46.67;Piso
1340;piso;30;0;1;;False;False;Distrito Valdelacasa;Alcobendas;44.67;Piso
3700;ático;158;3;3;Segunda mano/buen estado;False;True;Distrito La Moraleja urbanización;La Moraleja;23.42;Piso
1045;estudio;21;0;1;;False;False;Distrito Valdelacasa;Alcobendas;49.76;Piso
1100;estudio;78;0;1;Segunda mano/buen estado;False;True;Distrito Zona Industrial;Tres Cantos;14.1;Piso
3700;ático;158;3;3;Segunda mano/buen estado;False;True;Distrito La Moraleja urbanización;La Moraleja;23.42;Piso
1045;estudio;21;0;1;;False;False;Distrito Valdelacasa;Alcobendas;49.76;Piso
8500;casa;760;7;8;Segunda mano/buen estado;True;True;;;11.18;other
2445;chalet;156;4;3;;True;False;Distrito Primera Fase - Nuevo Tres Cantos;Tres Cantos;15.67;other
27500;casa;1;7;7;Segunda mano/buen estado;True;True;Distrito La Moraleja urbanización;La Moraleja;27500.0;other
17000;casa;660;6;5;Segunda mano/buen estado;True;False;Distrito La Moraleja urbanización;La Moraleja;25.76;other
2895;chalet;248;4;3;;False;False;Distrito Primera Fase - Nuevo Tres Cantos;Tres Cantos;11.67;other
3600;piso;263;3;2;Segunda mano/buen estado;True;True;Distrito Encinar de los Reyes;La Moraleja;13.69;Piso
2595;chalet;188;4;3;;False;False;Distrito Primera Fase - Nuevo Tres Cantos;Tres Cantos;13.8;other
1600;dúplex;125;0;2;Segunda mano/buen estado;False;True;Distrito Valdelacasa;Alcobendas;12.8;other
5400;dúplex;324;5;5;Segunda mano/buen estado;True;True;Distrito El Soto de la Moraleja;La Moraleja;16.67;other
2300;casa;150;3;3;Segunda mano/buen estado;False;True;;Santo Domingo;15.33;other
5500;ático;400;6;5;Segunda mano/buen estado;True;True;Distrito La Moraleja urbanización;La Moraleja;13.75;Piso
3400;ático;190;4;3;Segunda mano/buen estado;False;True;Distrito Encinar de los Reyes;La Moraleja;17.89;Piso
6000;casa;450;6;6;Segunda mano/buen estado;True;True;;Ciudalcampo;13.33;other
2000;dúplex;76;0;1;Segunda mano/buen estado;True;True;Distrito El Soto de la Moraleja;La Moraleja;26.32;other
5000;chalet;340;6;5;Segunda mano/buen estado;True;True;Distrito El Soto de la Moraleja;La Moraleja;14.71;other
6000;casa;450;6;7;Segunda mano/buen estado;True;False;;Ciudalcampo;13.33;other
4600;chalet;300;6;4;Segunda mano/buen estado;False;True;Distrito El Soto de la Moraleja;La Moraleja;15.33;other
4300;chalet;175;4;3;Segunda mano/buen estado;True;True;Distrito El Soto de la Moraleja;La Moraleja;24.57;other
4100;ático;170;4;4;Segunda mano/buen estado;False;True;Distrito Encinar de los Reyes;La Moraleja;24.12;Piso
7200;chalet;310;5;6;Segunda mano/buen estado;False;True;Distrito Encinar de los Reyes;La Moraleja;23.23;other
4100;dúplex;170;4;4;Segunda mano/buen estado;True;True;Distrito Encinar de los Reyes;La Moraleja;24.12;other
9000;casa;370;5;5;Segunda mano/buen estado;True;True;Distrito El Soto de la Moraleja;La Moraleja;24.32;other
900;piso;50;0;1;Segunda mano/buen estado;False;False;Distrito Zona Estación- Centro;Tres Cantos;18.0;Piso
1550;piso;130;4;2;Segunda mano/buen estado;False;True;Distrito Segunda Fase;Tres Cantos;11.92;Piso
6300;chalet;425;6;6;Segunda mano/buen estado;True;True;Distrito El Soto de la Moraleja;La Moraleja;14.82;other
1250;piso;54;0;1;Segunda mano/buen estado;False;True;Distrito Pol. Industrial norte;San Sebastián de los Reyes;23.15;Piso
3200;piso;162;3;3;Segunda mano/buen estado;False;True;Distrito El Soto de la Moraleja;La Moraleja;19.75;Piso
2400;piso;150;3;2;Segunda mano/buen estado;False;False;Distrito Vega de la Moraleja;San Sebastián de los Reyes;16.0;Piso
3500;chalet;350;4;4;Segunda mano/buen estado;False;False;Distrito Soto de Viñuelas;Tres Cantos;10.0;other
5700;chalet;250;4;3;Segunda mano/buen estado;False;True;Distrito El Soto de la Moraleja;La Moraleja;22.8;other
2200;piso;120;2;2;Segunda mano/buen estado;False;True;Distrito Dehesa Vieja-Puente Cultural;San Sebastián de los Reyes;18.33;Piso
6500;ático;400;4;5;Segunda mano/buen estado;False;False;Distrito Encinar de los Reyes;La Moraleja;16.25;Piso
950;estudio;50;0;1;Segunda mano/buen estado;False;True;Distrito Pol. Industrial norte;San Sebastián de los Reyes;19.0;Piso
4300;chalet;300;4;4;Segunda mano/buen estado;True;True;Distrito Encinar de los Reyes;La Moraleja;14.33;other
950;estudio;50;0;1;Segunda mano/buen estado;False;True;Distrito Pol. Industrial norte;San Sebastián de los Reyes;19.0;Piso
900;piso;55;0;1;Segunda mano/buen estado;False;True;Distrito Segunda Fase;Tres Cantos;16.36;Piso
750;estudio;38;0;1;Segunda mano/buen estado;False;False;Distrito Pol. Industrial norte;San Sebastián de los Reyes;19.74;Piso
750;estudio;38;0;1;Segunda mano/buen estado;False;False;Distrito Pol. Industrial norte;San Sebastián de los Reyes;19.74;Piso
1150;piso;58;0;1;Segunda mano/buen estado;False;True;Distrito Pol. Industrial norte;San Sebastián de los Reyes;19.83;Piso
1400;chalet;189;4;3;Segunda mano/buen estado;True;False;;Venturada;7.41;other
2900;piso;140;4;3;Segunda mano/buen estado;False;True;Distrito Dehesa Vieja-Puente Cultural;San Sebastián de los Reyes;20.71;Piso
1300;piso;61;0;1;Segunda mano/buen estado;True;True;Distrito Pol. Industrial sur;San Sebastián de los Reyes;21.31;Piso
1060;estudio;49;0;1;Segunda mano/buen estado;True;True;Distrito Zona Industrial;Tres Cantos;21.63;Piso
7200;chalet;348;5;5;Segunda mano/buen estado;True;True;Distrito Encinar de los Reyes;La Moraleja;20.69;other
5500;piso;278;5;5;Segunda mano/buen estado;False;False;Distrito El Soto de la Moraleja;La Moraleja;19.78;Piso
1500;piso;73;2;2;Segunda mano/buen estado;True;True;Distrito Zona Industrial;Tres Cantos;20.55;Piso
1180;piso;53;0;1;Segunda mano/buen estado;True;True;Distrito Zona Industrial;Tres Cantos;22.26;Piso
1400;piso;90;3;1;Segunda mano/buen estado;False;False;Distrito Alcobendas Centro;Alcobendas;15.56;Piso
10000;casa;500;4;4;Segunda mano/buen estado;True;True;;;20.0;other
3000;chalet;332;4;3;Segunda mano/buen estado;True;False;Distrito Primera Fase - Nuevo Tres Cantos;Tres Cantos;9.04;other
3500;piso;115;3;2;Segunda mano/buen estado;True;True;Distrito El Soto de la Moraleja;La Moraleja;30.43;Piso
750;estudio;60;0;1;Segunda mano/buen estado;False;True;;;12.5;Piso
1500;piso;95;2;2;Segunda mano/buen estado;True;True;Distrito Vega de la Moraleja;San Sebastián de los Reyes;15.79;Piso
3900;piso;198;4;4;Segunda mano/buen estado;True;True;Distrito La Moraleja urbanización;La Moraleja;19.7;Piso
5300;casa;460;5;5;Segunda mano/buen estado;False;True;;;11.52;other
1400;dúplex;75;0;2;Segunda mano/buen estado;True;True;Distrito Vega de la Moraleja;San Sebastián de los Reyes;18.67;other
925;piso;50;0;1;Segunda mano/buen estado;False;True;Distrito Pol. Industrial norte;San Sebastián de los Reyes;18.5;Piso
1200;dúplex;80;0;2;Segunda mano/buen estado;True;True;Distrito Vega de la Moraleja;San Sebastián de los Reyes;15.0;other
4500;piso;204;4;4;Segunda mano/buen estado;True;True;Distrito La Moraleja urbanización;La Moraleja;22.06;Piso
1000;piso;123;3;2;Segunda mano/buen estado;True;True;Distrito El Cerrillo;Colmenar Viejo;8.13;Piso
5400;dúplex;343;5;5;Segunda mano/buen estado;True;True;Distrito El Soto de la Moraleja;La Moraleja;15.74;other
800;piso;45;0;1;Segunda mano/buen estado;False;True;Distrito San Andrés;Colmenar Viejo;17.78;Piso
4300;casa;350;6;3;Segunda mano/buen estado;True;True;;;12.29;other
1500;piso;118;3;2;Segunda mano/buen estado;True;True;Distrito Primera Fase - Nuevo Tres Cantos;Tres Cantos;12.71;Piso
1500;chalet;251;4;3;Segunda mano/buen estado;True;False;;Cotos de Monterrey;5.98;other
1500;piso;109;2;2;Segunda mano/buen estado;True;True;Distrito Primera Fase - Nuevo Tres Cantos;Tres Cantos;13.76;Piso
1100;dúplex;76;0;1;Segunda mano/buen estado;False;True;Distrito Pol. Industrial sur;San Sebastián de los Reyes;14.47;other
3500;dúplex;175;5;4;Segunda mano/buen estado;True;True;Distrito Encinar de los Reyes;La Moraleja;20.0;other
1200;piso;101;3;2;Segunda mano/buen estado;False;False;;Miraflores de la Sierra;11.88;Piso
5700;chalet;370;5;5;Segunda mano/buen estado;True;True;Distrito Encinar de los Reyes;La Moraleja;15.41;other
850;estudio;36;0;1;Segunda mano/buen estado;False;True;Distrito Pol. Industrial norte;San Sebastián de los Reyes;23.61;Piso
3500;piso;122;3;2;Segunda mano/buen estado;False;False;Distrito El Soto de la Moraleja;La Moraleja;28.69;Piso
4200;ático;200;4;3;Segunda mano/buen estado;True;True;Distrito La Moraleja urbanización;La Moraleja;21.0;Piso
1100;estudio;60;0;1;Segunda mano/buen estado;True;True;Distrito Pol. Industrial sur;San Sebastián de los Reyes;18.33;Piso
5500;piso;283;5;4;Segunda mano/buen estado;True;True;Distrito La Moraleja urbanización;La Moraleja;19.43;Piso
1350;piso;86;2;1;Segunda mano/buen estado;False;False;Distrito Pol. Industrial sur;San Sebastián de los Reyes;15.7;Piso
1350;estudio;85;0;1;Segunda mano/buen estado;False;False;Distrito Pol. Industrial sur;San Sebastián de los Reyes;15.88;Piso
3600;piso;180;4;3;Segunda mano/buen estado;True;True;Distrito El Soto de la Moraleja;La Moraleja;20.0;Piso
1100;estudio;58;0;1;Segunda mano/buen estado;False;False;Distrito Pol. Industrial sur;San Sebastián de los Reyes;18.97;Piso
1250;piso;68;0;1;Segunda mano/buen estado;True;True;Distrito Pol. Industrial sur;San Sebastián de los Reyes;18.38;Piso
3100;piso;150;3;3;Segunda mano/buen estado;True;True;Distrito Arroyo de la Vega;La Moraleja;20.67;Piso
800;estudio;33;0;1;Segunda mano/buen estado;False;True;Distrito Alcobendas Centro;Alcobendas;24.24;Piso
1100;piso;63;0;1;Segunda mano/buen estado;True;False;Distrito Centro;Colmenar Viejo;17.46;Piso
1430;ático;86;0;1;Segunda mano/buen estado;True;True;;Santo Domingo;16.63;Piso
1200;ático;100;3;1;Segunda mano/buen estado;True;False;Distrito El Olivar - La Magdalena;Colmenar Viejo;12.0;Piso
1295;piso;89;2;1;Segunda mano/buen estado;True;True;Distrito Vega de la Moraleja;San Sebastián de los Reyes;14.55;Piso
1850;piso;127;3;2;Segunda mano/buen estado;True;True;Distrito Arroyo de la Vega;La Moraleja;14.57;Piso
1430;piso;94;0;1;Segunda mano/buen estado;True;True;;Santo Domingo;15.21;Piso
5800;casa;333;6;5;Segunda mano/buen estado;True;True;;Santo Domingo;17.42;other
1295;piso;89;2;1;Segunda mano/buen estado;True;True;Distrito Vega de la Moraleja;San Sebastián de los Reyes;14.55;Piso
1430;ático;86;0;1;Segunda mano/buen estado;True;True;;Santo Domingo;16.63;Piso
5800;casa;333;6;5;Segunda mano/buen estado;True;True;;Santo Domingo;17.42;other
1100;piso;63;0;1;Segunda mano/buen estado;True;False;Distrito Centro;Colmenar Viejo;17.46;Piso
1430;piso;94;0;1;Segunda mano/buen estado;True;True;;Santo Domingo;15.21;Piso
940;estudio;55;0;1;Segunda mano/buen estado;False;True;Distrito Dehesa Vieja-Puente Cultural;San Sebastián de los Reyes;17.09;Piso
1200;dúplex;58;0;2;Segunda mano/buen estado;True;True;Distrito Dehesa Vieja-Puente Cultural;San Sebastián de los Reyes;20.69;other
1400;piso;60;2;1;Segunda mano/buen estado;True;False;Distrito Pol. Industrial sur;San Sebastián de los Reyes;23.33;Piso
895;estudio;43;0;1;Segunda mano/buen estado;False;True;Distrito Vega de la Moraleja;San Sebastián de los Reyes;20.81;Piso
1200;piso;71;2;1;Segunda mano/buen estado;True;False;;;16.9;Piso
3500;chalet;350;4;4;Segunda mano/buen estado;True;True;Distrito Soto de Viñuelas;Tres Cantos;10.0;other
1160;piso;63;0;1;Segunda mano/buen estado;True;True;Distrito Pol. Industrial sur;San Sebastián de los Reyes;18.41;Piso
1100;dúplex;80;0;2;Segunda mano/buen estado;True;True;Distrito Praderón;San Sebastián de los Reyes;13.75;other
2000;dúplex;76;0;2;Segunda mano/buen estado;True;True;Distrito El Soto de la Moraleja;La Moraleja;26.32;other
7000;chalet;400;5;5;Segunda mano/buen estado;True;True;Distrito Encinar de los Reyes;La Moraleja;17.5;other
1249;piso;40;0;1;Segunda mano/buen estado;True;True;Distrito Valdelacasa;Alcobendas;31.22;Piso
3500;piso;200;4;3;Segunda mano/buen estado;True;True;Distrito Arroyo de la Vega;La Moraleja;17.5;Piso
1650;dúplex;111;2;2;Segunda mano/buen estado;True;True;Distrito Alcobendas Centro;Alcobendas;14.86;other
950;piso;50;0;1;Segunda mano/buen estado;True;False;Distrito Centro Urbano;San Sebastián de los Reyes;19.0;Piso
1350;piso;50;0;1;Segunda mano/buen estado;True;False;Distrito El Soto de la Moraleja;La Moraleja;27.0;Piso
1875;chalet;200;4;4;Segunda mano/buen estado;True;True;;Guadalix de la Sierra;9.38;other
1099;estudio;22;0;1;Segunda mano/buen estado;True;True;Distrito Valdelacasa;Alcobendas;49.95;Piso
1450;estudio;145;0;1;Segunda mano/buen estado;False;True;Distrito Valdelacasa;Alcobendas;10.0;Piso
3100;piso;150;3;3;Segunda mano/buen estado;True;True;Distrito Arroyo de la Vega;La Moraleja;20.67;Piso
1300;estudio;80;0;1;Segunda mano/buen estado;True;True;Distrito Pol. Industrial sur;San Sebastián de los Reyes;16.25;Piso
1350;piso;125;4;2;Segunda mano/buen estado;True;False;Distrito Primera Fase - Nuevo Tres Cantos;Tres Cantos;10.8;Piso
2800;piso;131;2;2;Segunda mano/buen estado;True;True;Distrito Encinar de los Reyes;La Moraleja;21.37;Piso
795;estudio;38;0;1;Segunda mano/buen estado;False;False;Distrito Pol. Industrial norte;San Sebastián de los Reyes;20.92;Piso
1400;chalet;175;4;4;Segunda mano/buen estado;False;False;;Algete;8.0;other
3500;piso;200;4;3;Segunda mano/buen estado;True;True;Distrito Arroyo de la Vega;La Moraleja;17.5;Piso
1150;piso;80;0;2;Segunda mano/buen estado;True;True;Distrito Dehesa Vieja-Puente Cultural;San Sebastián de los Reyes;14.38;Piso
4500;dúplex;140;2;3;Segunda mano/buen estado;True;True;Distrito El Soto de la Moraleja;La Moraleja;32.14;other
795;estudio;38;0;1;Segunda mano/buen estado;False;False;Distrito Pol. Industrial norte;San Sebastián de los Reyes;20.92;Piso
795;estudio;38;0;1;Segunda mano/buen estado;False;False;Distrito Pol. Industrial norte;San Sebastián de los Reyes;20.92;Piso
4500;dúplex;140;2;3;Segunda mano/buen estado;True;True;Distrito El Soto de la Moraleja;La Moraleja;32.14;other
4250;dúplex;140;2;3;Segunda mano/buen estado;True;True;Distrito El Soto de la Moraleja;La Moraleja;30.36;other
4500;dúplex;140;2;3;Segunda mano/buen estado;True;True;Distrito El Soto de la Moraleja;La Moraleja;32.14;other
795;estudio;38;0;1;Segunda mano/buen estado;False;False;Distrito Pol. Industrial norte;San Sebastián de los Reyes;20.92;Piso
1400;piso;117;4;2;Segunda mano/buen estado;False;False;Distrito Primera Fase - Nuevo Tres Cantos;Tres Cantos;11.97;Piso
5000;dúplex;140;2;3;Segunda mano/buen estado;True;True;Distrito El Soto de la Moraleja;La Moraleja;35.71;other
4000;dúplex;140;2;3;Segunda mano/buen estado;True;True;Distrito El Soto de la Moraleja;La Moraleja;28.57;other
795;estudio;38;0;1;Segunda mano/buen estado;False;False;Distrito Pol. Industrial norte;San Sebastián de los Reyes;20.92;Piso
3500;piso;200;4;3;Segunda mano/buen estado;True;True;Distrito Arroyo de la Vega;La Moraleja;17.5;Piso
4250;dúplex;140;2;3;Segunda mano/buen estado;True;True;Distrito El Soto de la Moraleja;La Moraleja;30.36;other
1400;chalet;175;4;4;Segunda mano/buen estado;False;False;;Algete;8.0;other
4000;dúplex;140;2;3;Segunda mano/buen estado;True;True;Distrito El Soto de la Moraleja;La Moraleja;28.57;other
850;estudio;42;0;1;Segunda mano/buen estado;True;True;Distrito Pol. Industrial norte;San Sebastián de los Reyes;20.24;Piso
5300;casa;459;5;6;Segunda mano/buen estado;True;True;;;11.55;other
950;estudio;50;0;1;Segunda mano/buen estado;True;True;Distrito Pol. Industrial norte;San Sebastián de los Reyes;19.0;Piso
3499;piso;162;3;2;Segunda mano/buen estado;True;True;Distrito La Moraleja urbanización;La Moraleja;21.6;Piso
2400;ático;112;2;2;Segunda mano/buen estado;True;False;Distrito Arroyo de la Vega;La Moraleja;21.43;Piso
1100;piso;106;2;1;Segunda mano/buen estado;False;False;;Ajalvir;10.38;Piso
3980;piso;265;4;4;Segunda mano/buen estado;True;True;Distrito El Soto de la Moraleja;La Moraleja;15.02;Piso
840;estudio;66;0;1;Segunda mano/buen estado;True;True;Distrito Vega de la Moraleja;San Sebastián de los Reyes;12.73;Piso
5900;ático;250;4;5;Segunda mano/buen estado;True;True;Distrito Encinar de los Reyes;La Moraleja;23.6;Piso
4300;piso;300;4;5;Segunda mano/buen estado;True;True;Distrito Encinar de los Reyes;La Moraleja;14.33;Piso
5985;chalet;280;5;5;Segunda mano/buen estado;True;True;Distrito Encinar de los Reyes;La Moraleja;21.38;other
7200;chalet;330;5;5;Segunda mano/buen estado;True;True;Distrito Encinar de los Reyes;La Moraleja;21.82;other
7500;casa;498;6;5;Segunda mano/buen estado;True;True;;Ciudalcampo;15.06;other
1290;piso;80;3;1;Segunda mano/buen estado;True;True;Distrito Centro Urbano;San Sebastián de los Reyes;16.12;Piso
3980;piso;295;4;3;Segunda mano/buen estado;True;True;Distrito El Soto de la Moraleja;La Moraleja;13.49;Piso
875;estudio;35;0;1;Segunda mano/buen estado;True;True;Distrito Alcobendas Centro;Alcobendas;25.0;Piso
7500;casa;498;6;5;Segunda mano/buen estado;True;True;;Ciudalcampo;15.06;other
7200;chalet;330;5;5;Segunda mano/buen estado;True;True;Distrito Encinar de los Reyes;La Moraleja;21.82;other
1290;piso;80;3;1;Segunda mano/buen estado;True;True;Distrito Centro Urbano;San Sebastián de los Reyes;16.12;Piso
1750;piso;101;2;2;Segunda mano/buen estado;True;True;Distrito Vega de la Moraleja;San Sebastián de los Reyes;17.33;Piso
850;estudio;47;0;1;Segunda mano/buen estado;False;False;Distrito Pol. Industrial norte;San Sebastián de los Reyes;18.09;Piso
2975;ático;130;2;2;Segunda mano/buen estado;True;True;Distrito Encinar de los Reyes;La Moraleja;22.88;Piso
5000;piso;265;4;5;Segunda mano/buen estado;True;True;Distrito El Soto de la Moraleja;La Moraleja;18.87;Piso
5000;chalet;240;5;5;Segunda mano/buen estado;True;True;Distrito El Soto de la Moraleja;La Moraleja;20.83;other
5850;casa;530;5;6;Segunda mano/buen estado;True;False;;;11.04;other
1150;dúplex;73;0;2;Segunda mano/buen estado;True;True;Distrito Dehesa Vieja-Puente Cultural;San Sebastián de los Reyes;15.75;other
2900;piso;246;5;3;Segunda mano/buen estado;True;True;Distrito Primera Fase - Nuevo Tres Cantos;Tres Cantos;11.79;Piso
3000;chalet;164;4;3;Segunda mano/buen estado;True;True;;Ciudalcampo;18.29;other
1150;estudio;77;0;2;Segunda mano/buen estado;False;True;Distrito Dehesa Vieja-Puente Cultural;San Sebastián de los Reyes;14.94;Piso
5850;casa;530;5;6;Segunda mano/buen estado;True;False;;;11.04;other
1350;dúplex;90;0;1;Segunda mano/buen estado;False;True;Distrito Vega de la Moraleja;San Sebastián de los Reyes;15.0;other
1500;piso;123;4;2;Segunda mano/buen estado;True;True;Distrito Las Vegas - El Pozanco - Adelfillas;Colmenar Viejo;12.2;Piso
5900;ático;400;4;5;Segunda mano/buen estado;False;True;Distrito Encinar de los Reyes;La Moraleja;14.75;Piso
2950;piso;120;3;2;Segunda mano/buen estado;True;True;Distrito Encinar de los Reyes;La Moraleja;24.58;Piso
2245;ático;86;3;2;Segunda mano/buen estado;False;True;Distrito Vega de la Moraleja;San Sebastián de los Reyes;26.1;Piso
10000;casa;550;4;5;Segunda mano/buen estado;True;True;;;18.18;other
1400;piso;97;2;2;Segunda mano/buen estado;True;True;Distrito Norte;Alcobendas;14.43;Piso
2200;casa;170;3;2;Segunda mano/buen estado;True;True;;Fuente el Saz de Jarama;12.94;other
1650;dúplex;130;2;2;Segunda mano/buen estado;True;True;Distrito Arroyo de la Vega;La Moraleja;12.69;other
3900;piso;158;4;4;Segunda mano/buen estado;True;True;Distrito La Moraleja urbanización;La Moraleja;24.68;Piso
995;piso;55;0;1;Segunda mano/buen estado;True;True;Distrito Pol. Industrial norte;San Sebastián de los Reyes;18.09;Piso
4100;dúplex;180;4;4;Segunda mano/buen estado;True;False;Distrito Encinar de los Reyes;La Moraleja;22.78;other
7200;chalet;330;5;4;Segunda mano/buen estado;True;True;Distrito Encinar de los Reyes;La Moraleja;21.82;other
2600;piso;95;2;2;Segunda mano/buen estado;True;True;Distrito Encinar de los Reyes;La Moraleja;27.37;Piso
1650;piso;128;3;2;Segunda mano/buen estado;True;True;Distrito Dehesa Vieja-Puente Cultural;San Sebastián de los Reyes;12.89;Piso
995;piso;55;0;1;Segunda mano/buen estado;True;True;Distrito Pol. Industrial norte;San Sebastián de los Reyes;18.09;Piso
3900;piso;158;4;4;Segunda mano/buen estado;True;True;Distrito La Moraleja urbanización;La Moraleja;24.68;Piso
4100;dúplex;180;4;4;Segunda mano/buen estado;True;False;Distrito Encinar de los Reyes;La Moraleja;22.78;other
1190;piso;77;0;1;Segunda mano/buen estado;False;True;Distrito Pol. Industrial norte;San Sebastián de los Reyes;15.45;Piso
9000;casa;600;8;8;Segunda mano/buen estado;True;True;Distrito La Moraleja urbanización;La Moraleja;15.0;other
3800;ático;165;3;3;Segunda mano/buen estado;True;True;Distrito La Moraleja urbanización;La Moraleja;23.03;Piso
850;estudio;35;0;1;Segunda mano/buen estado;False;True;Distrito Pol. Industrial sur;San Sebastián de los Reyes;24.29;Piso
3900;chalet;162;4;4;Segunda mano/buen estado;True;True;Distrito El Soto de la Moraleja;La Moraleja;24.07;other
1200;piso;72;0;1;Segunda mano/buen estado;True;True;Distrito Pol. Industrial norte;San Sebastián de los Reyes;16.67;Piso
4300;chalet;280;4;3;Segunda mano/buen estado;True;True;Distrito Encinar de los Reyes;La Moraleja;15.36;other
3900;piso;199;4;3;Segunda mano/buen estado;True;True;Distrito Encinar de los Reyes;La Moraleja;19.6;Piso
3499;piso;162;3;2;Segunda mano/buen estado;True;True;Distrito La Moraleja urbanización;La Moraleja;21.6;Piso
850;estudio;30;0;1;Segunda mano/buen estado;True;True;Distrito Pol. Industrial norte;San Sebastián de los Reyes;28.33;Piso
3600;piso;207;4;4;Segunda mano/buen estado;True;True;Distrito Encinar de los Reyes;La Moraleja;17.39;Piso
25000;casa;960;7;7;Segunda mano/buen estado;False;False;Distrito La Moraleja urbanización;La Moraleja;26.04;other
1000;piso;79;2;1;Segunda mano/buen estado;True;True;Distrito Las Vegas - El Pozanco - Adelfillas;Colmenar Viejo;12.66;Piso
1500;piso;128;4;3;Segunda mano/buen estado;True;True;Distrito San Crispín - La Estación Consorcio;Colmenar Viejo;11.72;Piso
1650;estudio;145;0;1;Segunda mano/buen estado;False;True;Distrito Valdelacasa;Alcobendas;11.38;Piso
1290;piso;115;3;2;Segunda mano/buen estado;False;False;Distrito Primera Fase - Nuevo Tres Cantos;Tres Cantos;11.22;Piso
950;dúplex;126;3;1;Segunda mano/buen estado;True;True;;Valdeavero;7.54;other
3250;piso;158;2;2;Segunda mano/buen estado;True;True;Distrito El Soto de la Moraleja;La Moraleja;20.57;Piso
3200;piso;160;3;3;Segunda mano/buen estado;True;True;Distrito Encinar de los Reyes;La Moraleja;20.0;Piso
1600;piso;151;3;2;Segunda mano/buen estado;True;False;Distrito Tempranales;San Sebastián de los Reyes;10.6;Piso
2350;piso;151;3;2;Segunda mano/buen estado;False;True;Distrito Arroyo de la Vega;La Moraleja;15.56;Piso
900;piso;100;2;1;Segunda mano/buen estado;True;False;Distrito Los Arcos - El Vivero;Colmenar Viejo;9.0;Piso
1525;piso;125;3;2;Segunda mano/buen estado;True;False;Distrito Primera Fase - Nuevo Tres Cantos;Tres Cantos;12.2;Piso
1000;dúplex;60;0;1;Segunda mano/buen estado;False;True;Distrito Pol. Industrial sur;San Sebastián de los Reyes;16.67;other
900;dúplex;75;0;1;Segunda mano/buen estado;False;True;Distrito Pol. Industrial sur;San Sebastián de los Reyes;12.0;other
1300;piso;98;2;1;Segunda mano/buen estado;True;False;Distrito Primera Fase - Nuevo Tres Cantos;Tres Cantos;13.27;Piso
1000;dúplex;60;0;1;Segunda mano/buen estado;False;True;Distrito Pol. Industrial sur;San Sebastián de los Reyes;16.67;other
900;dúplex;75;0;1;Segunda mano/buen estado;False;True;Distrito Pol. Industrial sur;San Sebastián de los Reyes;12.0;other
950;dúplex;126;3;1;Segunda mano/buen estado;True;True;;Valdeavero;7.54;other
2500;chalet;180;5;3;Segunda mano/buen estado;True;False;Distrito Arroyo de la Vega;La Moraleja;13.89;other
1400;piso;110;3;2;Segunda mano/buen estado;True;True;Distrito Centro Urbano;San Sebastián de los Reyes;12.73;Piso
3500;casa;162;4;4;Segunda mano/buen estado;True;False;Distrito El Soto de la Moraleja;La Moraleja;21.6;other
1100;dúplex;59;0;1;Segunda mano/buen estado;True;True;Distrito Pol. Industrial sur;San Sebastián de los Reyes;18.64;other
1050;piso;53;0;1;Segunda mano/buen estado;False;False;Distrito Pol. Industrial sur;San Sebastián de los Reyes;19.81;Piso
1000;dúplex;70;0;1;Segunda mano/buen estado;True;True;Distrito Zona Industrial;Tres Cantos;14.29;other
980;casa;210;5;2;Segunda mano/buen estado;False;True;;Talamanca de Jarama;4.67;other
1400;dúplex;105;0;1;Segunda mano/buen estado;False;True;Distrito Valdelacasa;Alcobendas;13.33;other
1400;dúplex;125;0;1;Segunda mano/buen estado;False;True;Distrito Valdelacasa;Alcobendas;11.2;other
1100;piso;61;0;1;Segunda mano/buen estado;False;False;Distrito Pol. Industrial sur;San Sebastián de los Reyes;18.03;Piso
1400;piso;113;2;1;Segunda mano/buen estado;False;True;Distrito Valdelacasa;Alcobendas;12.39;Piso
4500;piso;250;4;4;Segunda mano/buen estado;True;True;Distrito La Moraleja urbanización;La Moraleja;18.0;Piso
7500;chalet;300;6;4;Segunda mano/buen estado;True;True;Distrito El Soto de la Moraleja;La Moraleja;25.0;other
950;dúplex;135;3;2;Segunda mano/buen estado;True;True;;El Molar;7.04;other
5500;piso;260;5;5;Segunda mano/buen estado;False;True;Distrito El Soto de la Moraleja;La Moraleja;21.15;Piso
2600;piso;100;2;2;Segunda mano/buen estado;True;True;Distrito Encinar de los Reyes;La Moraleja;26.0;Piso
5500;ático;260;4;4;Segunda mano/buen estado;True;True;Distrito La Moraleja urbanización;La Moraleja;21.15;Piso
1500;piso;90;2;2;Segunda mano/buen estado;True;True;Distrito Norte;Alcobendas;16.67;Piso
2900;piso;124;2;2;Segunda mano/buen estado;True;True;Distrito Encinar de los Reyes;La Moraleja;23.39;Piso
4600;ático;221;4;3;Segunda mano/buen estado;True;True;Distrito La Moraleja urbanización;La Moraleja;20.81;Piso
4000;ático;200;4;4;Segunda mano/buen estado;False;False;Distrito La Moraleja urbanización;La Moraleja;20.0;Piso
990;piso;70;2;1;Segunda mano/buen estado;True;False;Distrito San Crispín - La Estación Consorcio;Colmenar Viejo;14.14;Piso
5900;chalet;250;5;4;Segunda mano/buen estado;True;True;Distrito El Soto de la Moraleja;La Moraleja;23.6;other
2800;piso;120;2;2;Segunda mano/buen estado;True;False;Distrito Encinar de los Reyes;La Moraleja;23.33;Piso
8000;chalet;400;4;2;Segunda mano/buen estado;True;True;Distrito El Soto de la Moraleja;La Moraleja;20.0;other
1250;dúplex;84;0;1;Segunda mano/buen estado;False;True;Distrito Pol. Industrial norte;San Sebastián de los Reyes;14.88;other
8500;casa;475;6;6;Segunda mano/buen estado;True;True;;;17.89;other
3900;piso;295;4;4;Segunda mano/buen estado;True;True;Distrito El Soto de la Moraleja;La Moraleja;13.22;Piso
1200;ático;58;0;1;Segunda mano/buen estado;False;True;Distrito Pol. Industrial sur;San Sebastián de los Reyes;20.69;Piso
1000;dúplex;85;0;1;Segunda mano/buen estado;True;True;Distrito Pol. Industrial norte;San Sebastián de los Reyes;11.76;other
1100;estudio;32;0;1;Segunda mano/buen estado;False;True;Distrito Pol. Industrial norte;San Sebastián de los Reyes;34.38;Piso
1250;estudio;85;0;1;Segunda mano/buen estado;False;True;Distrito Valdelacasa;Alcobendas;14.71;Piso
4600;chalet;280;6;3;Segunda mano/buen estado;True;True;Distrito El Soto de la Moraleja;La Moraleja;16.43;other
3400;piso;177;3;3;Segunda mano/buen estado;True;True;Distrito Encinar de los Reyes;La Moraleja;19.21;Piso
1250;piso;70;0;1;Segunda mano/buen estado;True;True;Distrito Valdelacasa;Alcobendas;17.86;Piso
3300;piso;140;3;2;Segunda mano/buen estado;True;True;Distrito Encinar de los Reyes;La Moraleja;23.57;Piso
1300;piso;67;2;1;Segunda mano/buen estado;True;True;Distrito Vega de la Moraleja;San Sebastián de los Reyes;19.4;Piso
2700;piso;160;4;2;Segunda mano/buen estado;True;True;Distrito Arroyo de la Vega;La Moraleja;16.88;Piso
695;estudio;29;0;1;Segunda mano/buen estado;False;True;Distrito Ensanche;Alcobendas;23.97;Piso
1500;dúplex;70;0;1;Segunda mano/buen estado;True;True;Distrito Vega de la Moraleja;San Sebastián de los Reyes;21.43;other
4200;piso;274;5;3;Segunda mano/buen estado;True;True;Distrito El Soto de la Moraleja;La Moraleja;15.33;Piso
2500;chalet;148;4;3;Segunda mano/buen estado;True;True;;Talamanca de Jarama;16.89;other
1100;estudio;38;0;1;Segunda mano/buen estado;True;True;Distrito Alcobendas Centro;Alcobendas;28.95;Piso
1050;piso;55;0;1;Segunda mano/buen estado;True;True;Distrito Pol. Industrial norte;San Sebastián de los Reyes;19.09;Piso
900;estudio;37;0;1;Segunda mano/buen estado;False;True;Distrito Pol. Industrial norte;San Sebastián de los Reyes;24.32;Piso
1400;dúplex;90;0;1;Segunda mano/buen estado;True;True;Distrito Vega de la Moraleja;San Sebastián de los Reyes;15.56;other
2300;casa;300;3;4;Segunda mano/buen estado;True;True;;Cotos de Monterrey;7.67;other
1100;piso;81;0;1;Segunda mano/buen estado;True;True;Distrito Vega de la Moraleja;San Sebastián de los Reyes;13.58;Piso
1150;estudio;32;0;1;Segunda mano/buen estado;False;False;Distrito Praderón;San Sebastián de los Reyes;35.94;Piso
1000;piso;77;0;1;Segunda mano/buen estado;True;False;Distrito Pol. Industrial sur;San Sebastián de los Reyes;12.99;Piso
1350;piso;75;0;1;Segunda mano/buen estado;True;True;Distrito Valdelacasa;Alcobendas;18.0;Piso
2200;chalet;265;6;4;Segunda mano/buen estado;True;True;;San Agustin de Guadalix;8.3;other
1150;chalet;60;2;2;Segunda mano/buen estado;True;True;;;19.17;other
3696;piso;339;3;3;Segunda mano/buen estado;False;True;Distrito Valdelacasa;Alcobendas;10.9;Piso
2950;piso;130;3;2;Segunda mano/buen estado;True;True;Distrito Encinar de los Reyes;La Moraleja;22.69;Piso
1350;ático;94;0;1;Segunda mano/buen estado;True;True;Distrito Vega de la Moraleja;San Sebastián de los Reyes;14.36;Piso
2500;piso;124;2;2;Segunda mano/buen estado;True;True;Distrito Encinar de los Reyes;La Moraleja;20.16;Piso
950;estudio;42;0;1;Segunda mano/buen estado;False;True;Distrito Pol. Industrial norte;San Sebastián de los Reyes;22.62;Piso
1400;piso;87;2;2;Segunda mano/buen estado;True;False;Distrito Zona Estación- Centro;Tres Cantos;16.09;Piso
1150;chalet;60;2;2;Segunda mano/buen estado;True;True;;;19.17;other
3696;piso;339;3;3;Segunda mano/buen estado;False;True;Distrito Valdelacasa;Alcobendas;10.9;Piso
650;estudio;29;0;1;Segunda mano/buen estado;False;True;Distrito Vega de la Moraleja;San Sebastián de los Reyes;22.41;Piso
4200;chalet;300;5;4;Segunda mano/buen estado;True;True;Distrito El Soto de la Moraleja;La Moraleja;14.0;other
1900;casa;180;5;2;Segunda mano/buen estado;True;True;;Cotos de Monterrey;10.56;other
820;piso;59;0;1;Segunda mano/buen estado;False;True;Distrito Pol. Industrial norte;San Sebastián de los Reyes;13.9;Piso
3900;ático;210;3;4;Segunda mano/buen estado;True;True;Distrito Arroyo de la Vega;La Moraleja;18.57;Piso
2700;casa;622;6;3;Segunda mano/buen estado;True;False;;Algete;4.34;other
2200;chalet;247;3;3;Segunda mano/buen estado;True;True;Distrito Miramadrid;Paracuellos de Jarama;8.91;other
15000;casa;550;5;6;Segunda mano/buen estado;True;True;Distrito La Moraleja urbanización;La Moraleja;27.27;other
1050;piso;55;0;1;Segunda mano/buen estado;True;True;Distrito Dehesa Vieja-Puente Cultural;San Sebastián de los Reyes;19.09;Piso
1450;piso;148;3;2;Segunda mano/buen estado;True;True;Distrito Dehesa Vieja-Puente Cultural;San Sebastián de los Reyes;9.8;Piso
8500;casa;660;7;8;Segunda mano/buen estado;True;True;;Fuente del Fresno;12.88;other
1495;piso;108;3;2;Segunda mano/buen estado;True;True;Distrito Centro Urbano;San Sebastián de los Reyes;13.84;Piso
5500;casa;527;4;5;Segunda mano/buen estado;True;True;;Fuente del Fresno;10.44;other
7500;casa;498;7;5;Segunda mano/buen estado;True;False;;Ciudalcampo;15.06;other
795;estudio;51;0;1;Segunda mano/buen estado;False;False;Distrito Dehesa Vieja-Puente Cultural;San Sebastián de los Reyes;15.59;Piso
5400;dúplex;350;5;5;Segunda mano/buen estado;True;True;Distrito El Soto de la Moraleja;La Moraleja;15.43;other
900;estudio;52;0;1;Segunda mano/buen estado;True;False;Distrito Centro Urbano;San Sebastián de los Reyes;17.31;Piso
1000;piso;70;0;1;Segunda mano/buen estado;True;True;Distrito Alcobendas Centro;Alcobendas;14.29;Piso
1400;casa;240;3;3;Segunda mano/buen estado;False;True;;Valdeolmos-Alalpardo;5.83;other
1200;dúplex;75;0;1;Segunda mano/buen estado;True;False;Distrito Pol. Industrial norte;San Sebastián de los Reyes;16.0;other
1000;estudio;48;0;1;Segunda mano/buen estado;True;True;Distrito Dehesa Vieja-Puente Cultural;San Sebastián de los Reyes;20.83;Piso
2200;chalet;241;4;3;Segunda mano/buen estado;True;True;;;9.13;other
1250;piso;102;3;2;Segunda mano/buen estado;True;True;Distrito El Mirador;Colmenar Viejo;12.25;Piso
9000;casa;350;5;6;Segunda mano/buen estado;True;True;Distrito El Soto de la Moraleja;La Moraleja;25.71;other
2900;piso;150;3;3;Segunda mano/buen estado;True;True;Distrito Arroyo de la Vega;La Moraleja;19.33;Piso
1100;piso;49;0;1;Segunda mano/buen estado;True;True;Distrito Pol. Industrial sur;San Sebastián de los Reyes;22.45;Piso
2900;piso;150;3;3;Segunda mano/buen estado;True;True;Distrito Arroyo de la Vega;La Moraleja;19.33;Piso
9000;casa;350;5;6;Segunda mano/buen estado;True;True;Distrito El Soto de la Moraleja;La Moraleja;25.71;other
1100;piso;49;0;1;Segunda mano/buen estado;True;True;Distrito Pol. Industrial sur;San Sebastián de los Reyes;22.45;Piso
1050;ático;62;2;1;Segunda mano/buen estado;True;True;Distrito Casco Urbano;Paracuellos de Jarama;16.94;Piso
4000;dúplex;200;4;4;Segunda mano/buen estado;True;True;Distrito Encinar de los Reyes;La Moraleja;20.0;other
4300;chalet;280;5;4;Segunda mano/buen estado;True;True;Distrito Encinar de los Reyes;La Moraleja;15.36;other
1750;piso;114;3;2;Segunda mano/buen estado;True;True;Distrito Primera Fase - Nuevo Tres Cantos;Tres Cantos;15.35;Piso
5500;piso;270;5;4;Segunda mano/buen estado;True;True;Distrito El Soto de la Moraleja;La Moraleja;20.37;Piso
950;ático;52;0;1;Segunda mano/buen estado;False;True;Distrito Casco Urbano;Paracuellos de Jarama;18.27;Piso
3000;piso;160;4;2;Segunda mano/buen estado;True;True;Distrito Arroyo de la Vega;La Moraleja;18.75;Piso
8500;chalet;500;5;5;Segunda mano/buen estado;True;True;Distrito Encinar de los Reyes;La Moraleja;17.0;other
875;estudio;68;0;1;Segunda mano/buen estado;True;True;Distrito Zona Industrial;Tres Cantos;12.87;Piso
2400;piso;142;3;2;Segunda mano/buen estado;True;True;Distrito Vega de la Moraleja;San Sebastián de los Reyes;16.9;Piso
4000;chalet;220;4;4;Segunda mano/buen estado;True;True;Distrito Encinar de los Reyes;La Moraleja;18.18;other
1287;piso;80;3;2;Segunda mano/buen estado;True;False;;Club de Campo;16.09;Piso
5000;piso;172;4;3;Segunda mano/buen estado;True;True;Distrito Encinar de los Reyes;La Moraleja;29.07;Piso
984;piso;79;2;2;Segunda mano/buen estado;False;False;Distrito Dehesa Vieja-Puente Cultural;San Sebastián de los Reyes;12.46;Piso
2200;casa;200;5;2;Segunda mano/buen estado;True;True;;Pedrezuela;11.0;other
990;estudio;45;0;1;Segunda mano/buen estado;False;True;Distrito Pol. Industrial norte;San Sebastián de los Reyes;22.0;Piso
695;estudio;29;0;1;Segunda mano/buen estado;False;True;Distrito Ensanche;Alcobendas;23.97;Piso
2000;dúplex;160;0;2;Segunda mano/buen estado;True;True;Distrito Valdelacasa;Alcobendas;12.5;other
1050;piso;46;0;1;Segunda mano/para reformar;False;False;Distrito Centro Urbano;San Sebastián de los Reyes;22.83;Piso
5850;casa;555;4;5;Segunda mano/buen estado;False;False;Distrito Las Vegas - El Pozanco - Adelfillas;Colmenar Viejo;10.54;other
4300;piso;200;4;5;Segunda mano/buen estado;True;True;Distrito Encinar de los Reyes;La Moraleja;21.5;Piso
950;estudio;78;0;1;Segunda mano/buen estado;True;True;Distrito Pol. Industrial sur;San Sebastián de los Reyes;12.18;Piso
3800;chalet;250;4;4;Segunda mano/buen estado;True;True;Distrito El Soto de la Moraleja;La Moraleja;15.2;other
3600;chalet;370;7;5;Segunda mano/buen estado;True;True;;;9.73;other
5800;casa;400;5;4;Segunda mano/buen estado;True;False;;Santo Domingo;14.5;other
975;estudio;80;0;2;Segunda mano/buen estado;False;True;Distrito Zona Industrial;Tres Cantos;12.19;Piso
2245;piso;113;3;2;Segunda mano/buen estado;False;True;Distrito Vega de la Moraleja;San Sebastián de los Reyes;19.87;Piso
975;estudio;80;0;2;Segunda mano/buen estado;False;True;Distrito Zona Industrial;Tres Cantos;12.19;Piso
1050;chalet;198;3;3;Segunda mano/buen estado;True;False;;Valdemanco;5.3;other
800;piso;42;0;2;Segunda mano/buen estado;False;True;Distrito Sta. Bárbara-La Zaporra;San Sebastián de los Reyes;19.05;Piso
1400;piso;115;3;2;Segunda mano/buen estado;True;True;Distrito Zona Estación- Centro;Tres Cantos;12.17;Piso
2245;piso;113;3;2;Segunda mano/buen estado;False;True;Distrito Vega de la Moraleja;San Sebastián de los Reyes;19.87;Piso
5500;piso;250;5;4;Segunda mano/buen estado;True;True;Distrito El Soto de la Moraleja;La Moraleja;22.0;Piso
4300;chalet;250;4;4;Segunda mano/buen estado;True;True;Distrito Encinar de los Reyes;La Moraleja;17.2;other
670;estudio;29;0;1;Segunda mano/buen estado;True;True;Distrito Segunda Fase;Tres Cantos;23.1;Piso
2300;ático;183;3;2;Segunda mano/buen estado;True;True;Distrito Segunda Fase;Tres Cantos;12.57;Piso
2490;casa;170;3;2;Segunda mano/buen estado;True;False;;;14.65;other
1900;dúplex;120;2;2;Segunda mano/buen estado;True;True;Distrito Pol. Industrial sur;San Sebastián de los Reyes;15.83;other
1180;ático;68;0;1;Segunda mano/buen estado;True;True;Distrito Valdelacasa;Alcobendas;17.35;Piso
890;estudio;46;0;1;Segunda mano/buen estado;False;True;Distrito Pol. Industrial norte;San Sebastián de los Reyes;19.35;Piso
895;estudio;51;0;1;Segunda mano/buen estado;False;True;Distrito Dehesa Vieja-Puente Cultural;San Sebastián de los Reyes;17.55;Piso
2000;piso;120;0;2;Segunda mano/buen estado;True;True;Distrito El Soto de la Moraleja;La Moraleja;16.67;Piso
1100;estudio;32;0;1;Segunda mano/buen estado;False;True;Distrito Pol. Industrial norte;San Sebastián de los Reyes;34.38;Piso
6000;chalet;360;6;5;Segunda mano/buen estado;True;True;Distrito El Soto de la Moraleja;La Moraleja;16.67;other
1175;estudio;84;0;1;Segunda mano/buen estado;False;True;Distrito Vega de la Moraleja;San Sebastián de los Reyes;13.99;Piso
1290;ático;66;0;1;Segunda mano/buen estado;True;True;Distrito El Soto de la Moraleja;La Moraleja;19.55;Piso
1425;piso;85;2;2;Segunda mano/buen estado;True;False;Distrito Primera Fase - Nuevo Tres Cantos;Tres Cantos;16.76;Piso
1250;piso;80;3;1;Segunda mano/buen estado;True;False;Distrito Alcobendas Centro;Alcobendas;15.62;Piso
900;piso;52;0;1;Segunda mano/buen estado;True;True;Distrito Alcobendas Centro;Alcobendas;17.31;Piso
5500;piso;230;4;3;Segunda mano/buen estado;True;False;Distrito El Soto de la Moraleja;La Moraleja;23.91;Piso
1200;piso;96;2;2;Segunda mano/buen estado;True;False;Distrito Zona Estación- Centro;Tres Cantos;12.5;Piso
650;estudio;29;0;1;Segunda mano/buen estado;False;True;Distrito Alcobendas Centro;Alcobendas;22.41;Piso
3600;chalet;357;4;4;Segunda mano/buen estado;True;True;Distrito Tempranales;San Sebastián de los Reyes;10.08;other
1200;piso;117;2;2;Segunda mano/buen estado;True;True;Distrito Miramadrid;Paracuellos de Jarama;10.26;Piso
1800;dúplex;150;3;2;Segunda mano/buen estado;True;True;Distrito Norte;Alcobendas;12.0;other
1150;piso;65;0;1;Segunda mano/buen estado;True;True;Distrito Norte;Alcobendas;17.69;Piso
10000;casa;500;4;6;Segunda mano/buen estado;True;True;;;20.0;other
990;estudio;54;0;1;Segunda mano/buen estado;False;True;Distrito Pol. Industrial norte;San Sebastián de los Reyes;18.33;Piso
6000;chalet;360;6;5;Segunda mano/buen estado;True;True;Distrito El Soto de la Moraleja;La Moraleja;16.67;other
5800;casa;436;5;4;Segunda mano/buen estado;True;True;;;13.3;other
900;piso;52;0;1;Segunda mano/buen estado;True;True;Distrito Alcobendas Centro;Alcobendas;17.31;Piso
1150;piso;65;0;1;Segunda mano/buen estado;True;True;Distrito Norte;Alcobendas;17.69;Piso
1200;dúplex;60;0;2;Segunda mano/buen estado;False;True;Distrito Pol. Industrial norte;San Sebastián de los Reyes;20.0;other
1066;piso;65;2;1;Segunda mano/buen estado;True;False;;Club de Campo;16.4;Piso
4500;piso;260;4;3;Segunda mano/buen estado;True;False;Distrito La Moraleja urbanización;La Moraleja;17.31;Piso
800;estudio;45;0;1;Segunda mano/buen estado;False;False;Distrito Pol. Industrial norte;San Sebastián de los Reyes;17.78;Piso
1050;piso;55;0;1;Segunda mano/buen estado;True;False;Distrito Dehesa Vieja-Puente Cultural;San Sebastián de los Reyes;19.09;Piso
1900;chalet;256;5;3;Segunda mano/buen estado;True;True;;San Agustin de Guadalix;7.42;other
5000;chalet;340;5;4;Segunda mano/buen estado;True;True;Distrito El Soto de la Moraleja;La Moraleja;14.71;other
2400;piso;142;3;2;Segunda mano/buen estado;True;False;Distrito Vega de la Moraleja;San Sebastián de los Reyes;16.9;Piso
1300;dúplex;70;0;1;Segunda mano/buen estado;True;True;Distrito Pol. Industrial sur;San Sebastián de los Reyes;18.57;other
860;piso;50;0;1;Segunda mano/buen estado;True;False;;Club de Campo;17.2;Piso
2450;chalet;286;4;3;Segunda mano/buen estado;True;False;;Club de Campo;8.57;other
930;piso;60;2;2;Segunda mano/buen estado;True;False;;;15.5;Piso
3200;dúplex;201;3;3;Segunda mano/buen estado;True;True;Distrito Encinar de los Reyes;La Moraleja;15.92;other
8500;chalet;600;6;2;Segunda mano/buen estado;False;True;Distrito Encinar de los Reyes;La Moraleja;14.17;other
700;piso;90;2;2;Segunda mano/buen estado;True;False;;El Vellón;7.78;Piso
750;piso;46;0;1;Segunda mano/buen estado;False;False;Distrito Primera Fase - Nuevo Tres Cantos;Tres Cantos;16.3;Piso
17000;casa;1;7;9;Segunda mano/buen estado;True;True;Distrito La Moraleja urbanización;La Moraleja;17000.0;other
1350;piso;110;3;2;Segunda mano/buen estado;True;False;Distrito Primera Fase - Nuevo Tres Cantos;Tres Cantos;12.27;Piso
3900;piso;195;4;3;Segunda mano/buen estado;True;True;Distrito La Solana;La Moraleja;20.0;Piso
1900;chalet;308;4;3;Segunda mano/buen estado;True;False;Distrito Santa Teresa;Colmenar Viejo;6.17;other
1350;piso;130;3;2;Segunda mano/buen estado;True;False;Distrito San Crispín - La Estación Consorcio;Colmenar Viejo;10.38;Piso
695;estudio;29;0;1;Segunda mano/buen estado;True;True;Distrito Alcobendas Centro;Alcobendas;23.97;Piso
1000;dúplex;75;0;1;Segunda mano/buen estado;False;True;Distrito Pol. Industrial sur;San Sebastián de los Reyes;13.33;other
1400;dúplex;75;0;2;Segunda mano/buen estado;True;True;Distrito Vega de la Moraleja;San Sebastián de los Reyes;18.67;other
4200;chalet;300;5;5;Segunda mano/buen estado;True;True;Distrito El Soto de la Moraleja;La Moraleja;14.0;other
7500;casa;498;6;5;Segunda mano/buen estado;True;True;;;15.06;other
1500;ático;140;3;2;Segunda mano/buen estado;True;True;;;10.71;Piso
1200;piso;120;4;2;Segunda mano/buen estado;True;False;Distrito San Crispín - La Estación Consorcio;Colmenar Viejo;10.0;Piso
3900;piso;250;3;3;Segunda mano/buen estado;True;True;Distrito Arroyo de la Vega;La Moraleja;15.6;Piso
1700;dúplex;100;0;1;Segunda mano/buen estado;True;True;Distrito Valdelacasa;Alcobendas;17.0;other
650;estudio;29;0;1;Segunda mano/buen estado;True;True;Distrito Alcobendas Centro;Alcobendas;22.41;Piso
1800;ático;153;3;2;Segunda mano/buen estado;True;True;Distrito Primera Fase - Nuevo Tres Cantos;Tres Cantos;11.76;Piso
19900;casa;850;8;9;Segunda mano/buen estado;True;True;Distrito La Moraleja urbanización;La Moraleja;23.41;other
2650;casa;432;5;5;Segunda mano/buen estado;True;True;;Manzanares el Real;6.13;other
1700;dúplex;100;0;1;Segunda mano/buen estado;True;True;Distrito Valdelacasa;Alcobendas;17.0;other
695;estudio;29;0;1;Segunda mano/buen estado;False;True;Distrito Alcobendas Centro;Alcobendas;23.97;Piso
3100;piso;160;4;3;Segunda mano/buen estado;True;True;Distrito Arroyo de la Vega;La Moraleja;19.38;Piso
1700;dúplex;100;0;1;Segunda mano/buen estado;True;True;Distrito Valdelacasa;Alcobendas;17.0;other
695;estudio;29;0;1;Segunda mano/buen estado;False;True;Distrito Praderón;San Sebastián de los Reyes;23.97;Piso
4300;chalet;280;4;5;Segunda mano/buen estado;True;True;Distrito Encinar de los Reyes;La Moraleja;15.36;other
700;piso;56;0;1;Segunda mano/buen estado;False;False;;;12.5;Piso
850;estudio;36;0;1;Segunda mano/buen estado;False;True;Distrito Pol. Industrial norte;San Sebastián de los Reyes;23.61;Piso
1200;dúplex;100;0;2;Segunda mano/buen estado;True;True;Distrito Valdelacasa;Alcobendas;12.0;other
1800;estudio;90;0;1;Segunda mano/buen estado;True;True;Distrito Pol. Industrial norte;San Sebastián de los Reyes;20.0;Piso
750;dúplex;110;2;1;Segunda mano/buen estado;False;False;;;6.82;other
1450;piso;98;2;2;Segunda mano/buen estado;True;True;Distrito Norte;Alcobendas;14.8;Piso
9000;casa;600;4;4;Segunda mano/buen estado;True;True;Distrito La Moraleja urbanización;La Moraleja;15.0;other
900;estudio;60;0;1;Segunda mano/buen estado;False;False;Distrito Pol. Industrial sur;San Sebastián de los Reyes;15.0;Piso
2500;ático;140;3;2;Segunda mano/buen estado;True;True;Distrito Ensanche;Alcobendas;17.86;Piso
1200;piso;52;0;1;Segunda mano/buen estado;True;True;Distrito Pol. Industrial sur;San Sebastián de los Reyes;23.08;Piso
750;ático;67;2;1;Segunda mano/buen estado;True;False;;Miraflores de la Sierra;11.19;Piso
3499;piso;162;3;2;Segunda mano/buen estado;True;True;Distrito La Moraleja urbanización;La Moraleja;21.6;Piso
1100;piso;60;0;1;Segunda mano/buen estado;True;True;Distrito Pol. Industrial sur;San Sebastián de los Reyes;18.33;Piso
1200;piso;70;0;1;Segunda mano/buen estado;False;True;Distrito Pol. Industrial sur;San Sebastián de los Reyes;17.14;Piso
1300;piso;70;2;1;Segunda mano/buen estado;True;True;Distrito Primera Fase - Nuevo Tres Cantos;Tres Cantos;18.57;Piso
950;piso;80;2;1;Segunda mano/buen estado;True;False;;Soto del Real;11.88;Piso
1200;piso;70;0;1;Segunda mano/buen estado;False;True;Distrito Pol. Industrial sur;San Sebastián de los Reyes;17.14;Piso
900;estudio;60;0;1;Segunda mano/buen estado;False;False;Distrito Pol. Industrial sur;San Sebastián de los Reyes;15.0;Piso
3499;piso;162;3;2;Segunda mano/buen estado;True;True;Distrito La Moraleja urbanización;La Moraleja;21.6;Piso
3500;chalet;350;4;4;Segunda mano/buen estado;True;True;Distrito Soto de Viñuelas;Tres Cantos;10.0;other
1100;piso;60;0;1;Segunda mano/buen estado;True;True;Distrito Pol. Industrial sur;San Sebastián de los Reyes;18.33;Piso
4650;chalet;380;4;4;Segunda mano/buen estado;True;True;Distrito Encinar de los Reyes;La Moraleja;12.24;other
1200;piso;52;0;1;Segunda mano/buen estado;True;True;Distrito Pol. Industrial sur;San Sebastián de los Reyes;23.08;Piso
2300;piso;145;3;2;Segunda mano/buen estado;True;True;Distrito Arroyo de la Vega;La Moraleja;15.86;Piso
3700;piso;180;4;3;Segunda mano/buen estado;True;True;Distrito El Soto de la Moraleja;La Moraleja;20.56;Piso
1600;piso;110;2;2;Segunda mano/buen estado;True;False;;Santo Domingo;14.55;Piso
2500;piso;153;3;2;Segunda mano/buen estado;True;False;Distrito El Soto de la Moraleja;La Moraleja;16.34;Piso
930;piso;85;2;2;Segunda mano/buen estado;True;False;;Miraflores de la Sierra;10.94;Piso
1350;ático;55;0;1;Segunda mano/buen estado;True;True;Distrito Pol. Industrial sur;San Sebastián de los Reyes;24.55;Piso
4500;piso;240;5;5;Segunda mano/buen estado;True;True;Distrito El Soto de la Moraleja;La Moraleja;18.75;Piso
3900;piso;295;5;4;Segunda mano/buen estado;True;True;Distrito El Soto de la Moraleja;La Moraleja;13.22;Piso
1250;dúplex;90;0;1;Segunda mano/buen estado;False;True;Distrito Pol. Industrial sur;San Sebastián de los Reyes;13.89;other
4300;chalet;250;4;4;Segunda mano/buen estado;True;True;Distrito Encinar de los Reyes;La Moraleja;17.2;other
6500;chalet;400;4;5;Segunda mano/buen estado;True;True;Distrito El Soto de la Moraleja;La Moraleja;16.25;other
1150;estudio;38;0;1;Segunda mano/buen estado;True;True;Distrito Alcobendas Centro;Alcobendas;30.26;Piso
2800;dúplex;170;3;3;Segunda mano/buen estado;True;True;Distrito Encinar de los Reyes;La Moraleja;16.47;other
3600;chalet;370;7;5;Segunda mano/buen estado;True;True;;;9.73;other
5500;piso;269;5;5;Segunda mano/buen estado;True;True;Distrito El Soto de la Moraleja;La Moraleja;20.45;Piso
3000;piso;180;3;3;Segunda mano/buen estado;True;False;Distrito Encinar de los Reyes;La Moraleja;16.67;Piso
5500;chalet;350;3;3;Segunda mano/buen estado;True;True;Distrito Encinar de los Reyes;La Moraleja;15.71;other
2200;piso;95;0;1;Segunda mano/buen estado;True;True;Distrito El Soto de la Moraleja;La Moraleja;23.16;Piso
1123;piso;29;0;1;Segunda mano/buen estado;True;True;Distrito Zona Estación- Centro;Tres Cantos;38.72;Piso
4400;piso;295;4;4;Segunda mano/buen estado;True;False;Distrito El Soto de la Moraleja;La Moraleja;14.92;Piso
1500;chalet;250;4;3;Segunda mano/buen estado;True;True;;;6.0;other
5500;piso;270;5;4;Segunda mano/buen estado;True;True;Distrito El Soto de la Moraleja;La Moraleja;20.37;Piso
1150;dúplex;120;3;2;Segunda mano/buen estado;True;False;;;9.58;other
1350;casa;80;2;3;Segunda mano/buen estado;True;False;;Miraflores de la Sierra;16.88;other
1150;estudio;40;0;1;Segunda mano/buen estado;False;True;Distrito Pol. Industrial norte;San Sebastián de los Reyes;28.75;Piso
800;estudio;50;0;1;Segunda mano/buen estado;True;True;;Soto del Real;16.0;Piso
3200;piso;165;4;3;Segunda mano/buen estado;True;True;Distrito Arroyo de la Vega;La Moraleja;19.39;Piso
2500;piso;100;2;2;Segunda mano/buen estado;True;True;Distrito El Soto de la Moraleja;La Moraleja;25.0;Piso
1200;piso;110;2;2;Segunda mano/buen estado;True;True;Distrito Miramadrid;Paracuellos de Jarama;10.91;Piso
6500;chalet;310;5;5;Segunda mano/buen estado;True;True;Distrito La Moraleja urbanización;La Moraleja;20.97;other
1200;piso;115;3;2;Segunda mano/buen estado;True;True;Distrito Casco Urbano;Paracuellos de Jarama;10.43;Piso
1300;piso;154;3;2;Segunda mano/buen estado;False;True;Distrito San Crispín - La Estación Consorcio;Colmenar Viejo;8.44;Piso
2500;chalet;230;4;3;Segunda mano/buen estado;True;True;Distrito Las Vegas - El Pozanco - Adelfillas;Colmenar Viejo;10.87;other
2100;chalet;250;4;2;Segunda mano/buen estado;True;False;;;8.4;other
695;estudio;29;0;1;Segunda mano/buen estado;False;True;Distrito Alcobendas Centro;Alcobendas;23.97;Piso
3600;piso;237;4;4;Segunda mano/buen estado;True;True;Distrito Encinar de los Reyes;La Moraleja;15.19;Piso
1500;ático;60;2;1;Segunda mano/buen estado;True;True;Distrito Pol. Industrial sur;San Sebastián de los Reyes;25.0;Piso
1800;piso;90;2;2;Segunda mano/buen estado;True;True;Distrito Encinar de los Reyes;La Moraleja;20.0;Piso
1100;estudio;70;0;1;Segunda mano/para reformar;False;True;Distrito Vega de la Moraleja;San Sebastián de los Reyes;15.71;Piso
2700;piso;160;4;2;Segunda mano/buen estado;True;True;Distrito Arroyo de la Vega;La Moraleja;16.88;Piso
795;estudio;30;0;1;Segunda mano/buen estado;False;True;Distrito Pol. Industrial norte;San Sebastián de los Reyes;26.5;Piso
1500;piso;73;3;1;Segunda mano/buen estado;False;True;Distrito Centro Urbano;San Sebastián de los Reyes;20.55;Piso
1600;chalet;220;3;3;Segunda mano/buen estado;True;False;;Miraflores de la Sierra;7.27;other
1200;estudio;46;0;1;Segunda mano/buen estado;False;True;Distrito Pol. Industrial norte;San Sebastián de los Reyes;26.09;Piso
1150;piso;70;3;1;Segunda mano/buen estado;True;True;Distrito Alcobendas Centro;Alcobendas;16.43;Piso
1250;estudio;93;0;1;Segunda mano/buen estado;True;True;Distrito Pol. Industrial sur;San Sebastián de los Reyes;13.44;Piso
900;estudio;75;0;1;Segunda mano/buen estado;False;False;;Algete;12.0;Piso
950;chalet;58;0;1;Segunda mano/buen estado;True;False;;Soto del Real;16.38;other
1000;estudio;110;0;1;Segunda mano/buen estado;False;False;Distrito Vega de la Moraleja;San Sebastián de los Reyes;9.09;Piso
5000;chalet;300;6;6;Segunda mano/buen estado;True;True;Distrito El Soto de la Moraleja;La Moraleja;16.67;other
3950;chalet;230;5;5;Segunda mano/buen estado;True;True;Distrito El Soto de la Moraleja;La Moraleja;17.17;other
3950;chalet;230;5;5;Segunda mano/buen estado;True;True;Distrito El Soto de la Moraleja;La Moraleja;17.17;other
5000;chalet;300;6;6;Segunda mano/buen estado;True;True;Distrito El Soto de la Moraleja;La Moraleja;16.67;other
1300;dúplex;70;0;1;Segunda mano/buen estado;True;True;Distrito Pol. Industrial sur;San Sebastián de los Reyes;18.57;other
875;estudio;45;0;1;Segunda mano/buen estado;False;True;Distrito Pol. Industrial sur;San Sebastián de los Reyes;19.44;Piso
1950;ático;180;3;2;Segunda mano/buen estado;True;False;Distrito Tempranales;San Sebastián de los Reyes;10.83;Piso
1000;estudio;50;0;1;Segunda mano/buen estado;False;True;Distrito Valdelacasa;Alcobendas;20.0;Piso
1250;piso;101;2;2;Segunda mano/buen estado;True;True;Distrito Ensanche;Alcobendas;12.38;Piso
900;piso;80;2;2;Segunda mano/buen estado;True;False;;;11.25;Piso
4600;chalet;310;4;3;Segunda mano/buen estado;True;True;Distrito El Soto de la Moraleja;La Moraleja;14.84;other
1200;piso;66;0;1;Segunda mano/buen estado;True;True;Distrito El Soto de la Moraleja;La Moraleja;18.18;Piso
900;piso;75;2;1;Segunda mano/buen estado;True;False;;;12.0;Piso
3900;chalet;220;5;5;Segunda mano/buen estado;True;True;Distrito El Soto de la Moraleja;La Moraleja;17.73;other
1080;piso;56;0;1;Segunda mano/buen estado;False;True;Distrito Los Arroyos;San Sebastián de los Reyes;19.29;Piso
3700;piso;185;4;3;Segunda mano/buen estado;True;True;Distrito El Soto de la Moraleja;La Moraleja;20.0;Piso
4200;dúplex;220;3;3;Segunda mano/buen estado;True;True;Distrito El Soto de la Moraleja;La Moraleja;19.09;other
1900;piso;143;4;2;Segunda mano/buen estado;True;True;Distrito Vega de la Moraleja;San Sebastián de los Reyes;13.29;Piso
1200;piso;95;2;1;Segunda mano/buen estado;True;False;Distrito Norte;Alcobendas;12.63;Piso
3600;piso;180;4;3;Segunda mano/buen estado;True;True;Distrito El Soto de la Moraleja;La Moraleja;20.0;Piso
1400;ático;75;2;1;Segunda mano/buen estado;True;False;Distrito Centro Urbano;San Sebastián de los Reyes;18.67;Piso
60000;casa;2;8;8;Segunda mano/buen estado;True;True;Distrito La Moraleja urbanización;La Moraleja;30000.0;other
1900;dúplex;120;2;2;Segunda mano/buen estado;True;True;Distrito Vega de la Moraleja;San Sebastián de los Reyes;15.83;other
4200;piso;274;5;3;Segunda mano/buen estado;True;True;Distrito El Soto de la Moraleja;La Moraleja;15.33;Piso
1300;piso;110;0;2;Segunda mano/buen estado;False;True;Distrito Valdelacasa;Alcobendas;11.82;Piso
895;piso;70;0;1;Segunda mano/buen estado;True;False;Distrito Centro;Colmenar Viejo;12.79;Piso
725;piso;55;0;1;Segunda mano/buen estado;True;False;;El Molar;13.18;Piso
1150;estudio;50;0;1;Segunda mano/buen estado;False;True;Distrito Pol. Industrial norte;San Sebastián de los Reyes;23.0;Piso
3900;chalet;220;5;5;Segunda mano/buen estado;True;True;Distrito El Soto de la Moraleja;La Moraleja;17.73;other
10000;casa;787;6;6;Segunda mano/buen estado;True;True;;;12.71;other
699;chalet;60;2;3;Segunda mano/buen estado;True;False;;Puebla de la Sierra;11.65;other
850;piso;58;0;1;Segunda mano/buen estado;False;False;Distrito Primera Fase - Nuevo Tres Cantos;Tres Cantos;14.66;Piso
725;piso;55;0;1;Segunda mano/buen estado;True;False;;El Molar;13.18;Piso
699;chalet;60;2;3;Segunda mano/buen estado;True;False;;Puebla de la Sierra;11.65;other
4200;piso;274;5;3;Segunda mano/buen estado;True;True;Distrito El Soto de la Moraleja;La Moraleja;15.33;Piso
700;piso;45;0;1;Segunda mano/buen estado;False;False;;;15.56;Piso
700;casa;35;0;1;Segunda mano/buen estado;False;False;;La Cabrera;20.0;other
4300;chalet;250;5;5;Segunda mano/buen estado;True;True;Distrito Encinar de los Reyes;La Moraleja;17.2;other
850;casa;80;3;2;Segunda mano/buen estado;False;False;;;10.62;other
2000;dúplex;80;2;2;Segunda mano/buen estado;False;True;Distrito Vega de la Moraleja;San Sebastián de los Reyes;25.0;other
2500;piso;90;2;2;Segunda mano/buen estado;True;True;Distrito El Soto de la Moraleja;La Moraleja;27.78;Piso
850;piso;40;0;1;Segunda mano/buen estado;False;False;Distrito Centro Urbano;San Sebastián de los Reyes;21.25;Piso
4200;piso;203;4;3;Segunda mano/buen estado;True;True;Distrito El Soto de la Moraleja;La Moraleja;20.69;Piso
800;casa;45;2;1;Segunda mano/buen estado;True;False;;;17.78;other
3000;casa;250;4;2;Segunda mano/buen estado;True;False;;Torrelaguna;12.0;other
2200;chalet;280;7;3;Segunda mano/buen estado;True;True;Distrito Casco Urbano;Paracuellos de Jarama;7.86;other
1650;dúplex;140;3;3;Segunda mano/buen estado;True;True;Distrito Centro Urbano;San Sebastián de los Reyes;11.79;other
1300;estudio;54;0;1;Segunda mano/buen estado;True;True;Distrito Pol. Industrial norte;San Sebastián de los Reyes;24.07;Piso
750;chalet;45;0;1;Segunda mano/buen estado;False;False;;;16.67;other
3600;piso;180;4;3;Segunda mano/buen estado;True;True;Distrito El Soto de la Moraleja;La Moraleja;20.0;Piso
1300;dúplex;71;0;2;Segunda mano/buen estado;True;True;Distrito Valdelacasa;Alcobendas;18.31;other
790;estudio;20;0;1;Segunda mano/buen estado;False;True;Distrito Praderón;San Sebastián de los Reyes;39.5;Piso
800;estudio;50;0;1;Segunda mano/buen estado;True;True;;San Agustin de Guadalix;16.0;Piso
799;estudio;35;0;1;Segunda mano/buen estado;False;True;Distrito Pol. Industrial norte;San Sebastián de los Reyes;22.83;Piso
4300;chalet;270;4;4;Segunda mano/buen estado;False;True;Distrito Encinar de los Reyes;La Moraleja;15.93;other
2000;casa;250;4;4;Segunda mano/buen estado;True;True;;Cotos de Monterrey;8.0;other
850;estudio;42;0;1;Segunda mano/buen estado;False;True;Distrito Pol. Industrial norte;San Sebastián de los Reyes;20.24;Piso
6500;chalet;500;4;6;Segunda mano/buen estado;True;True;Distrito Encinar de los Reyes;La Moraleja;13.0;other
2100;chalet;147;4;3;Segunda mano/buen estado;True;False;;Club de Campo;14.29;other
1100;estudio;38;0;1;Segunda mano/buen estado;True;True;Distrito Alcobendas Centro;Alcobendas;28.95;Piso
2300;chalet;320;4;3;Segunda mano/buen estado;True;True;Distrito Santa Teresa;Colmenar Viejo;7.19;other
900;estudio;45;0;1;Segunda mano/buen estado;True;True;Distrito Pol. Industrial norte;San Sebastián de los Reyes;20.0;Piso
950;estudio;51;0;1;Segunda mano/buen estado;True;True;Distrito Dehesa Vieja-Puente Cultural;San Sebastián de los Reyes;18.63;Piso
970;piso;45;0;1;Segunda mano/buen estado;True;True;Distrito Centro Urbano;San Sebastián de los Reyes;21.56;Piso
2775;casa;350;6;6;Segunda mano/buen estado;False;False;;;7.93;other
850;piso;37;0;1;Segunda mano/buen estado;False;True;;Pedrezuela;22.97;Piso
1100;casa;70;3;1;Segunda mano/buen estado;True;False;Distrito El Cerrillo;Colmenar Viejo;15.71;other
4300;chalet;250;4;4;Segunda mano/buen estado;True;True;Distrito Encinar de los Reyes;La Moraleja;17.2;other
1200;piso;87;2;1;Segunda mano/buen estado;True;False;;San Agustin de Guadalix;13.79;Piso
1000;piso;70;2;1;Segunda mano/buen estado;False;True;;Miraflores de la Sierra;14.29;Piso
950;piso;50;2;1;Segunda mano/buen estado;True;True;Distrito Ensanche;Alcobendas;19.0;Piso
980;dúplex;60;0;2;Segunda mano/buen estado;True;True;Distrito Dehesa Vieja-Puente Cultural;San Sebastián de los Reyes;16.33;other
1400;piso;74;2;2;Segunda mano/buen estado;True;True;Distrito Tempranales;San Sebastián de los Reyes;18.92;Piso
890;estudio;65;0;1;Segunda mano/buen estado;True;False;Distrito Centro Urbano;San Sebastián de los Reyes;13.69;Piso
950;ático;90;3;1;Segunda mano/buen estado;True;True;;Torrelaguna;10.56;Piso
6000;chalet;450;5;5;Segunda mano/buen estado;True;True;Distrito Encinar de los Reyes;La Moraleja;13.33;other
750;ático;38;0;1;Segunda mano/buen estado;False;True;;;19.74;Piso
1050;dúplex;54;0;1;Segunda mano/buen estado;True;True;Distrito Pol. Industrial sur;San Sebastián de los Reyes;19.44;other
1250;piso;85;3;2;Segunda mano/buen estado;False;False;Distrito Sta. Bárbara-La Zaporra;San Sebastián de los Reyes;14.71;Piso
1280;piso;75;2;1;Segunda mano/buen estado;True;True;Distrito Alcobendas Centro;Alcobendas;17.07;Piso
950;piso;42;0;1;Segunda mano/para reformar;False;True;Distrito Alcobendas Centro;Alcobendas;22.62;Piso
790;estudio;45;0;1;Segunda mano/buen estado;True;True;Distrito Alcobendas Centro;Alcobendas;17.56;Piso
1600;piso;85;0;1;Segunda mano/buen estado;True;True;Distrito Valdelacasa;Alcobendas;18.82;Piso
980;piso;65;2;1;Segunda mano/buen estado;True;True;Distrito Casco Urbano;Paracuellos de Jarama;15.08;Piso
1450;chalet;125;3;2;Segunda mano/buen estado;True;False;;Valdemanco;11.6;other
2240;chalet;144;3;2;Segunda mano/buen estado;True;False;;Bustarviejo;15.56;other
6000;piso;260;4;4;Segunda mano/buen estado;True;True;Distrito El Soto de la Moraleja;La Moraleja;23.08;Piso
950;piso;101;3;1;Segunda mano/buen estado;False;True;Distrito El Mirador;Colmenar Viejo;9.41;Piso
5400;piso;350;6;5;Segunda mano/buen estado;True;True;Distrito La Moraleja urbanización;La Moraleja;15.43;Piso
1200;piso;90;2;2;Segunda mano/buen estado;True;True;Distrito Alcobendas Centro;Alcobendas;13.33;Piso
850;chalet;60;0;1;Segunda mano/buen estado;False;False;;Algete;14.17;other
1450;piso;85;2;1;Segunda mano/buen estado;True;True;Distrito Centro Urbano;San Sebastián de los Reyes;17.06;Piso
850;chalet;60;0;1;Segunda mano/buen estado;False;False;;Algete;14.17;other
4200;piso;200;4;4;Segunda mano/buen estado;True;True;Distrito La Moraleja urbanización;La Moraleja;21.0;Piso
800;piso;62;2;1;Segunda mano/buen estado;True;False;;La Cabrera;12.9;Piso
800;piso;62;0;1;Segunda mano/buen estado;False;False;;La Cabrera;12.9;Piso
730;casa;65;2;1;Segunda mano/buen estado;True;False;;El Vellón;11.23;other
28000;casa;1;5;10;Segunda mano/buen estado;True;True;Distrito La Moraleja urbanización;La Moraleja;28000.0;other
4000;piso;200;4;4;Segunda mano/buen estado;True;True;Distrito Encinar de los Reyes;La Moraleja;20.0;Piso
7900;chalet;480;5;5;Segunda mano/buen estado;True;True;Distrito La Moraleja urbanización;La Moraleja;16.46;other
27000;casa;900;5;6;Segunda mano/buen estado;True;True;Distrito La Moraleja urbanización;La Moraleja;30.0;other
890;dúplex;85;2;1;Segunda mano/buen estado;True;False;;;10.47;other
1400;casa;100;3;2;Segunda mano/buen estado;False;False;;;14.0;other
1300;estudio;75;0;1;Segunda mano/buen estado;False;True;Distrito Pol. Industrial norte;San Sebastián de los Reyes;17.33;Piso
1350;piso;98;2;2;Segunda mano/buen estado;True;True;Distrito Norte;Alcobendas;13.78;Piso
1000;estudio;36;0;1;Segunda mano/buen estado;True;False;Distrito Pol. Industrial norte;San Sebastián de los Reyes;27.78;Piso
2400;chalet;254;4;3;Segunda mano/buen estado;True;False;;;9.45;other
2500;piso;120;2;2;Segunda mano/buen estado;True;True;Distrito Encinar de los Reyes;La Moraleja;20.83;Piso
1100;estudio;45;0;1;Segunda mano/buen estado;True;True;Distrito Pol. Industrial sur;San Sebastián de los Reyes;24.44;Piso
2500;piso;193;2;2;Segunda mano/buen estado;True;True;Distrito Dehesa Vieja-Puente Cultural;San Sebastián de los Reyes;12.95;Piso
990;estudio;34;0;1;Segunda mano/buen estado;False;True;Distrito Praderón;San Sebastián de los Reyes;29.12;Piso
990;estudio;34;0;1;Segunda mano/buen estado;False;True;Distrito Praderón;San Sebastián de los Reyes;29.12;Piso
8500;casa;760;7;8;Segunda mano/buen estado;True;True;;;11.18;other
950;estudio;40;0;1;Segunda mano/buen estado;True;True;Distrito Praderón;San Sebastián de los Reyes;23.75;Piso
8000;casa;400;3;4;Segunda mano/buen estado;True;True;;Fuente del Fresno;20.0;other
